,Unnamed: 0,Account length,Area code,International plan,Voice mail plan,Number vmail messages,Total day minutes,Total day calls,Total eve minutes,Total eve calls,Total night minutes,Total night calls,Total intl minutes,Total intl calls,Customer service calls,Churn,Total minutes,Total calls
0,0,1.0181675188505357,415,0,1,3.258096538021482,1.0593942325498984,1.0087374499934136,1.0434541355644529,1.0019873653802,1.055159921602505,0.996469488897356,0.7989278990573876,0.6258002855986439,0.423035857164402,0,3.956936188774244,3.632994589869613
1,1,1.0069816697157885,415,0,1,3.295836866004329,1.0320665657608747,1.015719197900225,1.0429147334695923,1.004544177148741,1.057224140094589,1.004544177148741,0.8350993109078182,0.6258002855986439,0.423035857164402,0,3.9673047502328744,3.650607837796351
2,2,1.022292995628416,415,0,0,0.0,1.0548758090396129,1.0109891235542634,1.0148078148205666,1.0087374499934136,1.0324249267957548,1.005164330916258,0.8221661298163554,0.7063950542796786,0.0,0,3.9242746804722897,3.7312859587436136
3,3,0.9911259244279969,408,1,0,0.0,1.0657001287686256,0.979563883308144,0.969776082780455,0.9942438142135328,1.0433127981109744,0.9949959866312726,0.7457165247157388,0.7536533308455107,0.5546183566222742,0,3.8245055343757937,3.7224570149984597
4,4,0.98338429212101,415,1,0,0.0,1.033866705430432,1.0104353962561965,1.0270274635898131,1.0152149060491755,1.040391370719793,1.0147055277003714,0.8001236021366125,0.6258002855986439,0.6258002855986439,0,3.901409141876651,3.666156115604387
5,5,1.013145908971509,510,1,0,0.0,1.0502600183130295,1.001328241641345,1.0495741815354585,1.0032813507727991,1.0452530680149186,1.013145908971509,0.7393445645824166,0.7325687477104176,0.0,0,3.8844318324458227,3.7503242490960704
6,6,1.0147055277003714,510,0,1,3.218875824868201,1.0489779162241897,0.9942438142135328,1.0733620431594102,1.007573578755084,1.047555326430231,1.013145908971509,0.7627869824840867,0.7536533308455107,0.6258002855986439,0,3.9326822682979174,3.768616632785636
7,7,1.0265055527832043,415,1,0,0.0,1.030382672860129,0.9869597981852865,1.0046065251252263,0.9986063829166985,1.0473484116810263,0.999984786274994,0.7555463047707869,0.7325687477104176,0.0,0,3.8378839144371693,3.7181197150873966
8,8,1.0240216638573814,415,1,1,3.6375861597263857,1.0580887910536887,0.9911259244279969,1.0499184031564,1.009309683677839,1.0700842406758002,1.0006607804515772,0.8123395143700564,0.7063950542796786,0.0,0,3.9904309492559453,3.707491442837092
9,9,0.9824533207775524,415,0,0,0.0,1.0406319754205375,1.0176873172212282,1.0327096931161477,1.026907518550221,1.043057293942215,0.9986063829166985,0.7874176770111411,0.7063950542796786,0.0,0,3.9038166394900413,3.7495962729678265
10,10,1.034314885822944,408,0,0,0.0,1.0185483891766791,0.999984786274994,1.0057162317424455,0.979563883308144,1.024064111625533,1.0181675188505357,0.8123395143700564,0.5546183566222742,0.423035857164402,0,3.860668246914714,3.552334545055948
11,11,0.9993000568565548,510,0,0,0.0,1.0302334180368578,0.9942438142135328,1.0557872234865917,0.98338429212101,1.0419917816691444,1.0115369245500676,0.8230911610676044,0.7063950542796786,0.6258002855986439,0,3.9511035842601983,3.695560085164289
12,12,0.9698932078063358,415,0,0,0.0,1.014551708169994,0.978566837930225,1.067013744663036,0.9842999824276124,1.0450081489918388,1.0019873653802,0.8301569118312014,0.7325687477104176,0.6725029670790563,0,3.95673051365607,3.697422933448455
13,13,0.9919223562990608,408,0,1,3.332204510175204,1.0431710260982288,1.0231649163770178,1.0624135249236009,0.9957377918930442,0.9952196047974798,0.98338429212101,0.8358958109502946,0.6725029670790563,0.423035857164402,0,3.936699966769604,3.6747899674701285
14,14,0.9979035478286284,510,0,0,0.0,1.0415233115985725,1.0109891235542634,1.0489779162241897,1.009309683677839,1.0189263783092657,1.0147055277003714,0.7727589769680201,0.6258002855986439,0.6258002855986439,0,3.882186583100048,3.6608046205311173
15,15,0.9842999824276124,510,0,1,3.5263605246161616,1.0412280962126754,0.9743938320833514,1.0476069083535615,0.97330117724734,1.0335190538006391,1.007573578755084,0.7989278990573876,0.7063950542796786,0.423035857164402,0,3.9212819574242634,3.6616636423654536
16,16,0.9815065955444632,415,0,0,0.0,1.0505024534752312,0.9957377918930442,1.0313051580395565,0.9942438142135328,1.0421372123548482,0.9824533207775524,0.8293046663001791,0.5546183566222742,0.423035857164402,0,3.953249490169815,3.5270532835064037
17,17,1.0265055527832043,415,0,0,0.0,1.029669554825151,1.0126152065263214,1.054057086919776,0.9979035478286284,1.046563996986828,1.020501600316601,0.805879938962908,0.6725029670790563,0.0,0,3.936170577694663,3.703523321750607
18,18,0.985200844275134,408,0,0,0.0,0.9703593612335544,0.9949959866312726,1.0349624011565233,1.0147055277003714,1.0467744980390934,0.972187368078744,0.7253419261773606,0.7325687477104176,0.7063950542796786,1,3.777438186606532,3.7144576301208057
19,19,1.0191143049145188,415,0,0,0.0,1.039200297986071,1.009875623760096,0.9814110377182936,1.0019873653802,1.038827616770826,0.9860873110883348,0.7927077628291277,0.8692942392849475,0.0,0,3.8521467153043183,3.867244539513578
20,20,1.0200434531560645,510,0,0,0.0,0.9887482686333988,0.9927072832290874,1.0552687127970892,0.9805436220896986,1.0534499862429318,1.0115369245500676,0.8024695798580879,0.5546183566222742,0.0,0,3.8999365475315075,3.539406186491128
21,21,1.036330213511384,415,0,0,0.0,1.01636732504098,0.9842999824276124,1.061706296076691,1.009875623760096,1.0564480953089646,1.0115369245500676,0.8483908286189654,0.7063950542796786,0.6258002855986439,0,3.9829125450456013,3.712107585017455
22,22,0.9637291374803096,408,0,1,3.688879454113936,1.0476584318174806,1.0115369245500676,1.0416408737382217,1.009875623760096,1.0391074057732193,1.0115369245500676,0.7927077628291277,0.6258002855986439,0.0,0,3.921114474158049,3.658749758458875
23,23,0.9596963204464736,408,0,0,0.0,1.0210909403940018,0.9815065955444632,1.029820564851864,1.002638340774061,1.0039796728835204,0.9765185323813282,0.8427438869642762,0.6725029670790563,0.6258002855986439,0,3.8976350650936626,3.633166435778909
24,24,0.8743695839948721,415,0,0,0.0,1.0413168581813366,1.008158792920829,1.0580071723432802,0.9911259244279969,1.0387339806992983,1.003916572429902,0.7393445645824166,0.7325687477104176,0.0,0,3.8774025758063315,3.7357700374891456
25,25,1.0244444982729537,415,0,0,0.0,0.9917640001504368,0.9993000568565548,1.022160868083517,0.97105164486998,1.0564057554441313,1.026907518550221,0.839008674512346,0.7325687477104176,0.5546183566222742,0,3.9093392981904316,3.7298279679871733
26,26,0.98338429212101,510,0,0,0.0,1.0509116205109006,1.005777194524828,1.0445970214459182,1.0069816697157885,1.0554854972096794,1.001328241641345,0.8024695798580879,0.7063950542796786,0.423035857164402,0,3.9534637190245867,3.7204821601616405
27,27,1.03566792986984,408,0,0,0.0,1.0474002286738289,1.0147055277003714,0.915421647993668,1.0115369245500676,1.064643949153839,0.9860873110883348,0.825808803625318,0.7989278990573876,0.6258002855986439,0,3.853274629446654,3.8112576623961614
28,28,0.8202862443392709,408,0,0,0.0,1.0562147220728555,1.013145908971509,1.0568063534209156,1.0136711282744777,1.0622841106437813,0.9957377918930442,0.8183653079108115,0.6258002855986439,0.423035857164402,1,3.993670494048364,3.6483551147376745
29,29,0.9637291374803096,408,0,1,3.258096538021482,1.0372420595836729,0.9986063829166985,1.042771731453067,0.98338429212101,1.047786985519894,1.0120789147763565,0.7758724080478123,0.6725029670790563,0.0,0,3.903673184604446,3.6665725568931213
30,30,0.9805436220896986,415,0,1,3.6375861597263857,1.0494258509347398,0.987818703754018,1.048752274827689,1.003916572429902,1.0287919536082624,0.979563883308144,0.8427438869642762,0.7325687477104176,0.6258002855986439,0,3.9697139663349676,3.703867907202482
31,31,0.9860873110883348,415,0,0,0.0,1.019488046738709,0.972187368078744,1.0503328859531504,1.0120789147763565,1.0513170979818531,1.007573578755084,0.7989278990573876,0.7063950542796786,0.423035857164402,0,3.9200659297311002,3.6982349158898633
32,32,1.0218511892271116,415,1,1,3.5263605246161616,1.0452530680149186,1.0063829237830022,1.0406019677819085,1.0019873653802,1.003726813403372,1.0069816697157885,0.8047572096727953,0.7325687477104176,0.6258002855986439,0,3.894339058872995,3.747920706589408
33,33,1.0273061898515887,408,0,0,0.0,1.0237662038556483,0.9986063829166985,1.060700241178382,0.99719132727709,1.04081161581999,1.007573578755084,0.8112944976246211,0.7860478795856021,0.423035857164402,0,3.9365725584786415,3.7894191685344745
34,34,1.001328241641345,408,0,0,0.0,1.017348416174284,1.003916572429902,1.033901331273697,0.9919223562990608,1.0406619637145555,1.0214053992395804,0.7914126806490488,0.5546183566222742,0.6258002855986439,0,3.8833243918115854,3.5718626845908172
35,35,1.0214053992395804,408,1,1,3.737669618283368,1.0360333346550443,0.9919223562990608,1.0452530680149186,1.0069816697157885,1.0153161683390013,0.9860873110883348,0.8420101129338243,0.8449070458972404,0.0,1,3.938612683942788,3.8298983830004247
36,36,0.9227903399258666,510,0,0,0.0,1.0166143994178054,0.9894972828240028,1.062652843558769,1.001328241641345,1.067720976617596,0.9860873110883348,0.7989278990573876,0.6725029670790563,0.5546183566222742,0,3.9459161186515583,3.6494158026327392
37,37,1.0314875462798236,415,0,0,0.0,0.9925512036341012,0.985200844275134,1.033379279084071,1.0087374499934136,1.037787181171831,0.99719132727709,0.7887680926690985,0.6725029670790563,0.6258002855986439,0,3.852485756559102,3.6636325886246945
38,38,0.972187368078744,510,0,0,0.0,1.0292518223263003,0.9754660547759244,1.0508396844277426,1.013145908971509,1.0594337890753114,0.9927072832290874,0.6512414542310517,0.6258002855986439,0.423035857164402,0,3.7907667500604054,3.6071195325751644
39,39,0.9662729529060342,408,0,1,3.367295829986474,1.0146543064668243,1.0006607804515772,1.0476584318174806,0.99719132727709,1.0326031046303406,1.0120789147763565,0.778890100585339,0.7063950542796786,0.5546183566222742,0,3.8738059434999847,3.716326076784702
40,40,1.0244444982729537,408,0,0,0.0,1.0404215144187952,1.020501600316601,1.0212259529674177,0.9824533207775524,1.0546119269551917,1.0176873172212282,0.761024447518017,0.7063950542796786,0.5546183566222742,0,3.8772838418594215,3.72703729259506
41,41,1.0006607804515772,415,0,1,3.218875824868201,1.020592724871382,1.0214053992395804,1.0487271340111737,0.9650147563028656,0.9791671731051,0.9869597981852865,0.8102372017222292,0.6258002855986439,0.423035857164402,0,3.858724233709885,3.599180239326376
42,42,0.9568484637059635,408,0,0,0.0,1.0418751073916055,1.007573578755084,1.0603144668679243,0.999984786274994,1.0534046850711534,0.9934810060205292,0.7678971825427153,0.7063950542796786,0.6258002855986439,0,3.923491441873398,3.7074344253302853
43,43,0.967504775196054,408,0,0,0.0,1.0495741815354585,0.9637291374803096,1.0471665861538688,1.0115369245500676,1.056086906009853,1.0186431550010258,0.749760341930018,0.6258002855986439,0.423035857164402,0,3.902588015629198,3.6197095026300468
44,44,0.999984786274994,415,0,0,0.0,1.0315603076979751,1.0126152065263214,1.0598665632837707,0.9754660547759244,1.0514830012235945,0.9765185323813282,0.7900996062387244,0.7063950542796786,0.5546183566222742,0,3.933009478444065,3.670994847963253
45,45,0.9934810060205292,415,0,0,0.0,1.0280938456756414,0.9903176749711242,1.0493515026364335,1.0120789147763565,1.0452530680149186,1.0176873172212282,0.795245662433237,0.6258002855986439,0.7063950542796786,1,3.917944078760231,3.6458841925673524
46,46,0.9886644097649396,408,0,0,0.0,1.0368208965563384,0.9754660547759244,1.0561508602540046,0.9919223562990608,1.0603918955607108,1.001328241641345,0.8013040485562493,0.6258002855986439,0.423035857164402,0,3.954667700927303,3.594516938314974
47,47,1.0240216638573814,415,0,0,0.0,1.017639042845407,1.001328241641345,1.0382629710766498,0.9698932078063358,1.0239366580714178,1.0181675188505357,0.7711646606364143,0.5546183566222742,0.423035857164402,0,3.851003332629889,3.544007324920491
48,48,1.0147055277003714,408,0,1,3.4339872044851463,1.0437355165958448,1.0186431550010258,0.9836605827478004,0.985200844275134,1.0386401569418002,0.985200844275134,0.7278042077485497,0.6258002855986439,0.6258002855986439,1,3.7938404640339956,3.6148451291499377
49,49,1.0167128902475082,408,0,0,0.0,1.0516718570141854,1.004544177148741,1.0374351782098206,1.0172024688229897,1.0411094823348612,0.9993000568565548,0.8202862443392709,0.7711646606364143,0.423035857164402,0,3.9505027618981385,3.7922113634646997
50,50,1.036330213511384,408,0,0,0.0,1.041933481266376,1.0006607804515772,1.0349624011565233,0.9986063829166985,1.0338320543585269,0.9596963204464736,0.8143937066027327,0.6725029670790563,0.423035857164402,0,3.925121643384159,3.6314664508938055
51,51,1.0120789147763565,415,0,1,3.555348061489413,1.0600813520537815,0.9903176749711242,1.0376914416485343,1.0244444982729537,1.0337279494312492,1.0063829237830022,0.816401699882637,0.6258002855986439,0.5546183566222742,0,3.9479024430162024,3.646945382625724
52,52,1.0273061898515887,408,0,1,3.367295829986474,1.038483365040779,0.99719132727709,1.0406619637145555,0.972187368078744,1.059473309832885,0.958289233840266,0.825808803625318,0.6258002855986439,0.6258002855986439,0,3.964427442213538,3.553468214794744
53,53,0.932077249682868,408,0,0,0.0,1.0196738716251463,1.001328241641345,1.0325319132326305,1.0006607804515772,1.0311220734769209,1.0063829237830022,0.7743279928495146,0.7325687477104176,0.5546183566222742,0,3.8576558511842123,3.7409406935863423
54,54,0.9362682541349638,415,0,1,3.737669618283368,1.0269475331073237,0.9824533207775524,1.034826814838484,0.9942438142135328,1.047940771359537,1.003916572429902,0.7371330092563764,0.7063950542796786,0.5546183566222742,0,3.846848128561721,3.6870087617006657
55,55,0.9420819232681112,415,1,0,0.0,1.056617049797331,1.005777194524828,1.0476069083535615,1.005164330916258,1.030679799990252,0.9754660547759244,0.7900996062387244,0.6725029670790563,0.0,0,3.9250033643798687,3.658910547296067
56,56,1.0104353962561965,408,1,0,0.0,1.0168111884533997,0.9979035478286284,1.0459266051674618,1.0136711282744777,1.0187849674768723,1.0231649163770178,0.7758724080478123,0.7711646606364143,0.0,0,3.857395169145546,3.8059042531165383
57,57,1.0172024688229897,408,0,0,0.0,1.0472965356110098,0.978566837930225,1.0486516277295643,0.987818703754018,1.0290607420747309,0.967504775196054,0.7678971825427153,0.423035857164402,0.423035857164402,0,3.89290608795802,3.356926174044699
58,58,1.0277016161093295,510,0,0,0.0,1.037914530946045,1.0032813507727991,1.0346908396451708,1.0087374499934136,1.0271471134796155,1.002638340774061,0.8358958109502946,0.6258002855986439,0.6725029670790563,1,3.935648295021126,3.6404574271389176
59,59,1.022730883502586,408,0,0,0.0,1.05452361665441,0.9979035478286284,1.0351650559672234,0.9903176749711242,1.064993112038457,1.005164330916258,0.8183653079108115,0.7536533308455107,0.6258002855986439,0,3.9730470925709023,3.7470388845615217
60,60,1.032210232660216,510,0,1,3.8501476017100575,1.0506231833876123,1.0006607804515772,1.040781723904435,0.9911259244279969,1.057265701650847,0.9687112141532412,0.8212312206090928,0.5546183566222742,0.0,0,3.9699018295519872,3.5151162756550898
61,61,1.0265055527832043,510,0,0,0.0,1.056001489482676,0.9903176749711242,1.0272664695553928,0.9919223562990608,1.0358343733278466,1.008158792920829,0.7711646606364143,0.6725029670790563,0.6258002855986439,0,3.8902669930023293,3.6629017912700705
62,62,0.9957377918930442,415,0,0,0.0,1.0451171634905694,1.0261002420274623,1.051055148327961,1.0126152065263214,1.0286376865168383,1.005777194524828,0.7592308162427008,0.6725029670790563,0.423035857164402,0,3.8840408145780696,3.716995610157668
63,63,0.9538597857904456,415,0,0,0.0,1.030419914320064,0.9957377918930442,1.0502357028914229,0.9805436220896986,1.038702727001753,1.009309683677839,0.7348749836529411,0.5546183566222742,0.423035857164402,0,3.854233327866181,3.5402094542828566
64,64,0.9894972828240028,415,0,0,0.0,1.0658537773936614,1.008158792920829,1.038577503156629,1.002638340774061,1.060372551283186,0.9815065955444632,0.8173889426906868,0.6725029670790563,0.0,1,3.9821927745241634,3.6648066963184096
65,65,1.0252793777568705,408,0,0,0.0,0.9694232858393902,1.0126152065263214,0.9852901317416608,0.9919223562990608,1.0360002325774176,1.0019873653802,0.7743279928495146,0.7536533308455107,0.6725029670790563,1,3.7650416430079834,3.7601782590510933
66,66,0.978566837930225,408,0,0,0.0,1.0350638369279843,1.001328241641345,1.0297073517086992,1.003916572429902,1.0515066517122882,0.9842999824276124,0.8449070458972404,0.5546183566222742,0.423035857164402,0,3.9611848862462122,3.5441631531211337
67,67,1.0252793777568705,415,0,0,0.0,1.0444867626526977,1.0019873653802,1.066395654683317,0.9824533207775524,1.0504056359303071,1.0136711282744777,0.8310007739998975,0.5546183566222742,0.423035857164402,0,3.9922888272662194,3.5527301710545043
68,68,1.0120789147763565,415,1,0,0.0,1.0482721977454297,1.005164330916258,1.0454966847509102,0.9869597981852865,1.0619681990426302,1.008158792920829,0.825808803625318,0.7063950542796786,0.6258002855986439,0,3.981545885164288,3.706677976302052
69,69,0.9610711304112431,408,0,1,3.258096538021482,1.0334841485646695,1.015719197900225,1.021895548042924,0.9993000568565548,1.0368859366175398,0.9957377918930442,0.8102372017222292,0.5546183566222742,0.6258002855986439,0,3.902502834947362,3.565375403272098
70,70,0.978566837930225,415,0,1,3.218875824868201,1.0561934450541082,1.0032813507727991,1.05831246316127,1.001328241641345,1.0500895342573795,0.9765185323813282,0.7964892999116688,0.6725029670790563,0.423035857164402,0,3.9610847423844264,3.6536310918745283
71,71,1.0063829237830022,510,0,0,0.0,1.0470362647247664,0.999984786274994,1.0561295524543304,0.9919223562990608,1.041728850139232,0.9942438142135328,0.824006498432407,0.423035857164402,0.5546183566222742,1,3.9689011657507356,3.4091868139519894
72,72,0.9986063829166985,408,0,0,0.0,1.0307168120689734,1.005777194524828,1.0296317282856953,1.0032813507727991,1.0411984711363191,0.9911259244279969,0.7711646606364143,0.7063950542796786,0.6725029670790563,1,3.872711672127402,3.7065795240053023
73,73,1.009309683677839,510,0,0,0.0,1.047991917804974,1.013145908971509,1.0464848079606592,0.9842999824276124,1.039014328621119,1.001328241641345,0.8202862443392709,0.5546183566222742,0.423035857164402,0,3.953777298726023,3.5533924896627402
74,74,0.9824533207775524,415,0,1,3.58351893845611,1.0292899478010715,1.005164330916258,1.0159195112555786,0.9911259244279969,1.044761914751862,0.9637291374803096,0.8091673682554217,0.7860478795856021,0.5546183566222742,0,3.899138742063934,3.7460672724101665
75,75,1.0181675188505357,415,0,0,0.0,1.053653273785326,1.0167128902475082,1.0557872234865917,0.9979035478286284,1.046590362812797,0.9765185323813282,0.8366848759673883,0.6725029670790563,0.423035857164402,1,3.9927157360521033,3.663637937536521
76,76,0.9894972828240028,510,0,0,0.0,1.0252379702797614,0.9687112141532412,1.0427430778418632,1.005777194524828,1.008506765369007,0.9986063829166985,0.8112944976246211,0.5546183566222742,0.423035857164402,0,3.8877823111152527,3.5277131482170416
77,77,0.987818703754018,415,0,0,0.0,1.01636732504098,1.002638340774061,1.0360002325774176,1.0069816697157885,1.056973943729655,0.9698932078063358,0.7695443153937457,0.7860478795856021,0.423035857164402,0,3.878885816741798,3.7655610978817875
78,78,0.9860873110883348,415,0,0,0.0,1.0569111720094466,0.9979035478286284,1.0377552896800246,1.009875623760096,1.0591561388998452,1.005777194524828,0.7927077628291277,0.7536533308455107,0.6258002855986439,0,3.946530363418444,3.767209696959063
79,79,0.9957377918930442,415,0,0,0.0,1.037978076495735,0.979563883308144,1.0414938744412832,0.9886644097649396,1.0180239413955,0.996469488897356,0.805879938962908,0.7536533308455107,0.6258002855986439,0,3.9033758312954254,3.7183511128159505
80,80,1.005164330916258,408,0,0,0.0,1.0619495440715314,1.0063829237830022,0.9886644097649396,1.0104353962561965,1.0326386605706757,1.022292995628416,0.7964892999116688,0.7063950542796786,0.423035857164402,0,3.8797419143188154,3.745506369947293
81,81,1.0019873653802,415,0,0,0.0,1.0436793777283564,0.9934810060205292,1.0461666707552115,0.9842999824276124,1.0415821299226158,1.0104353962561965,0.7818171316562723,0.6258002855986439,0.6725029670790563,0,3.913245310062456,3.614016670302982
82,82,1.0141909676964709,408,0,0,0.0,1.047426115055139,1.019581045851613,1.0467219638044187,1.005164330916258,1.0340395830368314,0.999984786274994,0.714907481702041,0.7063950542796786,0.423035857164402,1,3.84309514359843,3.7311252173225435
83,83,1.001328241641345,510,0,1,3.091042453358316,1.031922466093783,1.0109891235542634,1.0567643561114437,0.9903176749711242,1.0315603076979751,0.99719132727709,0.6872305205026541,0.7711646606364143,0.6725029670790563,0,3.807477650405856,3.7696627864388916
84,84,1.0214053992395804,415,0,0,0.0,1.028366529717395,0.9894972828240028,1.0136711282744777,1.005777194524828,1.0382629710766498,1.002638340774061,0.8047572096727953,0.7325687477104176,0.0,0,3.885057838741318,3.7304815658333097
85,85,1.0152149060491755,408,0,0,0.0,1.0351650559672234,0.9986063829166985,1.03623146123535,1.008158792920829,1.056001489482676,0.98338429212101,0.8133725028259741,0.5546183566222742,0.423035857164402,0,3.940770509511223,3.544767824580812
86,86,0.9993000568565548,408,0,0,0.0,1.053698323144315,0.97330117724734,1.040481743319358,1.001328241641345,1.0413168581813366,1.0115369245500676,0.8183653079108115,0.6725029670790563,0.6725029670790563,0,3.9538622325558217,3.6586693105178085
87,87,0.9979035478286284,510,0,1,3.091042453358316,1.0130930871969863,1.019581045851613,1.0330984933326917,1.0115369245500676,1.0486768104764748,0.9927072832290874,0.7964892999116688,0.6258002855986439,0.423035857164402,0,3.891357690917822,3.649625539229412
88,88,1.030382672860129,408,0,0,0.0,1.0517894893858508,0.9957377918930442,1.0268674710493702,1.0147055277003714,1.0544351304763362,1.007573578755084,0.7939852844174682,0.7536533308455107,0.6258002855986439,0,3.9270773753290253,3.7716702291940107
89,89,1.0141909676964709,408,0,0,0.0,1.0332741782140202,1.002638340774061,1.0686406867972826,0.9903176749711242,1.0137755232948822,0.9927072832290874,0.7758724080478123,0.7711646606364143,0.423035857164402,0,3.8915627963539974,3.756827959610687
90,90,1.004544177148741,415,0,0,0.0,1.0398149028265846,1.0126152065263214,1.0502357028914229,0.9986063829166985,1.050113928631741,0.996469488897356,0.825808803625318,0.5546183566222742,0.5546183566222742,0,3.9659733379750666,3.56230943496265
91,91,1.001328241641345,408,0,0,0.0,1.031850253219713,1.0126152065263214,1.0415821299226158,1.0104353962561965,1.0512933473976247,1.0104353962561965,0.8212312206090928,0.6725029670790563,0.6725029670790563,0,3.9459569511490464,3.7059889661177703
92,92,1.0167128902475082,408,0,0,0.0,1.0175423543659758,1.007573578755084,1.0458195032891855,0.9957377918930442,1.0558301598036814,1.0109891235542634,0.8318363985199613,0.7536533308455107,0.423035857164402,0,3.9510284159788043,3.7679538250479023
93,93,0.9275973506953992,510,1,1,3.7612001156935615,1.0432844785521025,0.9949959866312726,1.0573279705090914,1.0152149060491755,1.022861495288646,1.0172024688229897,0.8743695839948721,0.7325687477104176,0.0,1,3.997843528344712,3.7599821092138557
94,94,0.972187368078744,510,0,0,0.0,1.0324249267957548,0.9903176749711242,1.0285990427384548,1.008158792920829,0.9643754425029958,1.0152149060491755,0.839008674512346,0.6258002855986439,0.423035857164402,0,3.8644080865495516,3.6394916595397726
95,95,0.9824533207775524,415,0,0,0.0,1.0627078833669463,1.0109891235542634,1.0494010817561192,0.9507170793714552,1.0349962372145658,1.0115369245500676,0.7914126806490488,0.6725029670790563,0.423035857164402,1,3.9385178829866803,3.645746094554843
96,96,1.009875623760096,510,0,1,3.610917912644224,1.0108236329701796,1.0126152065263214,1.0305685924115433,0.9894972828240028,1.037499375205421,1.013145908971509,0.7989278990573876,0.6258002855986439,0.5546183566222742,0,3.8778194996445317,3.641058683920477
97,97,0.9474052700602774,408,0,0,0.0,1.0469317384356054,0.99719132727709,1.0511982192666012,0.985200844275134,1.0442099523591977,1.0120789147763565,0.8301569118312014,0.7536533308455107,0.423035857164402,0,3.9724968218926056,3.7481244171740915
98,98,0.93826565414555,408,0,1,3.1354942159291497,1.0478639435220942,1.003916572429902,1.0243602224455537,0.9927072832290874,1.0245286294927516,1.015719197900225,0.7574051097683623,0.6258002855986439,0.0,0,3.8541579052287616,3.638143339157858
99,99,1.0147055277003714,510,0,0,0.0,1.0415233115985725,1.004544177148741,1.0393547092033288,1.0126152065263214,1.0496235170277342,1.004544177148741,0.7964892999116688,0.6725029670790563,0.6258002855986439,0,3.9269908377413048,3.6942065279028595
100,100,1.0421952569460855,415,0,0,0.0,1.0352996790210385,1.016218495895403,1.020181341323095,0.9993000568565548,1.0103796930320943,0.9949959866312726,0.816401699882637,0.6258002855986439,0.423035857164402,0,3.882262413258865,3.636314824981874
101,101,1.0191143049145188,510,0,0,0.0,1.0293280431865213,1.0136711282744777,1.008852406392731,1.001328241641345,1.051222020193135,1.0126152065263214,0.7887680926690985,0.7063950542796786,0.5546183566222742,0,3.878170562441486,3.734009630721823
102,102,0.9919223562990608,408,0,0,0.0,1.0445694815558302,0.9568484637059635,1.051695408185373,1.005164330916258,1.0568273370850396,1.0063829237830022,0.8202862443392709,0.6258002855986439,0.423035857164402,0,3.9733784711655136,3.594196004003867
103,103,1.032210232660216,415,0,0,0.0,0.9792666121726692,1.007573578755084,1.0305685924115433,0.9934810060205292,1.0295559860672423,0.9894972828240028,0.7874176770111411,0.6258002855986439,0.6725029670790563,1,3.8268088676625958,3.61635215319826
104,104,0.9687112141532412,510,0,1,3.332204510175204,1.0405719407756018,1.016218495895403,1.0263438327465744,1.004544177148741,1.0508156801420456,1.0186431550010258,0.741511301806249,0.7325687477104176,0.6725029670790563,1,3.8592427554704707,3.7719745757555874
105,105,0.99719132727709,408,0,0,0.0,0.9969757964248112,0.9957377918930442,1.0423978415388635,1.015719197900225,1.0366579024412244,0.9927072832290874,0.7887680926690985,0.6725029670790563,0.5546183566222742,0,3.8647996330739973,3.6766672401014127
106,106,1.019581045851613,408,0,1,3.610917912644224,1.0479663517835232,1.0115369245500676,1.0321025229639411,1.0126152065263214,1.0593150119552202,1.003916572429902,0.7927077628291277,0.6725029670790563,0.6258002855986439,0,3.932091649531812,3.7005716705853473
107,107,0.9957377918930442,415,0,0,0.0,1.0258963161813488,0.99719132727709,1.0488526987556652,1.0109891235542634,1.026465173075463,1.015719197900225,0.8091673682554217,0.5546183566222742,0.6258002855986439,0,3.910381556267899,3.5785180053538523
108,108,0.9860873110883348,415,0,0,0.0,1.0520705540286102,1.0115369245500676,1.0519302420489074,1.0235951562943069,1.058655910393008,1.0141909676964709,0.7927077628291277,0.6258002855986439,0.423035857164402,0,3.9553644692996537,3.675123334139489
109,109,0.9894972828240028,408,0,0,0.0,1.0442654479603934,0.999984786274994,1.0445143521775786,1.003916572429902,1.045846302286853,0.967504775196054,0.7555463047707869,0.423035857164402,0.6725029670790563,0,3.890172407195612,3.394441991065352
110,110,1.0325675221964723,408,0,0,0.0,1.043341100287541,1.008158792920829,1.044898874699656,1.0181675188505357,1.0459266051674618,0.987818703754018,0.7874176770111411,0.7989278990573876,0.423035857164402,0,3.9215842571658,3.8130729145827704
111,111,0.996469488897356,510,1,0,0.0,1.0190673895866764,1.009875623760096,1.0360994692785148,0.9903176749711242,1.055701225651884,1.0191143049145188,0.8123395143700564,0.6258002855986439,0.6258002855986439,0,3.9232075988871316,3.645107889244383
112,112,0.98338429212101,415,0,1,3.091042453358316,1.0369184229946713,1.0006607804515772,1.0488025146307065,1.0063829237830022,1.0535630382084298,1.0209555590262906,0.714907481702041,0.6725029670790563,0.7063950542796786,0,3.8541914575358485,3.700502230339927
113,113,0.996469488897356,510,0,0,0.0,1.0450354269275155,1.0063829237830022,1.0469055693496268,1.0104353962561965,1.042943280806908,1.0186431550010258,0.8202862443392709,0.6258002855986439,0.6258002855986439,0,3.9551705214233213,3.661261760638868
114,114,1.0176873172212282,510,0,1,3.610917912644224,1.0392621237186837,1.0126152065263214,1.017590721921206,0.9842999824276124,1.059036604311926,0.979563883308144,0.8123395143700564,0.7711646606364143,0.423035857164402,0,3.928228964321872,3.747643732898492
115,115,1.0104353962561965,415,0,1,3.1780538303479458,1.0455506462352555,1.0032813507727991,1.028482925863037,0.967504775196054,1.030975101170884,0.9662729529060342,0.8013040485562493,0.7063950542796786,0.5546183566222742,0,3.9063127218254254,3.643454133154566
116,116,1.0087374499934136,510,0,0,0.0,1.0271072628948,1.0115369245500676,1.061574749083955,0.9911259244279969,1.0423689551414588,1.009875623760096,0.824006498432407,0.6258002855986439,0.423035857164402,0,3.9550574655526214,3.6383387583368045
117,117,1.0141909676964709,415,0,1,3.688879454113936,1.0442654479603934,0.9765185323813282,1.049524792095424,1.0006607804515772,1.0570992195466231,1.0120789147763565,0.8047572096727953,0.6725029670790563,0.0,0,3.955646669275236,3.661761194688318
118,118,1.030382672860129,415,0,1,3.367295829986474,1.0420790948865386,1.0069816697157885,1.0429147334695923,0.9824533207775524,1.0085645333338278,1.0231649163770178,0.749760341930018,0.7063950542796786,0.6258002855986439,0,3.8433187036199765,3.7189949611500372
119,119,1.004544177148741,510,0,0,0.0,1.0555503261851054,0.9490833369538014,1.0429147334695923,0.9911259244279969,1.0443208766415584,0.999984786274994,0.8173889426906868,0.6725029670790563,0.423035857164402,0,3.960174878986943,3.612697014735849
120,120,1.0126152065263214,408,1,0,0.0,1.0340050577700552,0.9927072832290874,1.037467287667757,0.9934810060205292,1.056172157784209,1.0200434531560645,0.8382411892305852,0.7536533308455107,0.5546183566222742,1,3.9658856924526065,3.7598850732511915
121,121,1.0235951562943069,415,0,0,0.0,1.052280201283179,1.0032813507727991,1.0315239407985322,0.9986063829166985,1.0089671069195971,1.001328241641345,0.8397691990112335,0.7325687477104176,0.6258002855986439,0,3.932540448012542,3.7357847230412604
122,122,0.9903176749711242,408,1,0,0.0,1.0606425924657448,0.9934810060205292,1.048500236625958,1.0172024688229897,1.014756697119516,1.005777194524828,0.8173889426906868,0.6725029670790563,0.423035857164402,0,3.941288468901906,3.6889636364474034
123,123,1.025691534626503,408,0,1,3.784189633918261,1.0579049351839018,1.0006607804515772,1.0322460820457615,0.9993000568565548,1.063507178388759,0.9927072832290874,0.8112944976246211,0.6725029670790563,0.5546183566222742,0,3.964952693243044,3.665171087616276
124,124,1.0104353962561965,408,0,0,0.0,1.0424267099056757,1.0019873653802,1.0497712009057438,1.0167128902475082,1.03576786626219,0.9754660547759244,0.805879938962908,0.7325687477104176,0.423035857164402,0,3.9338457160365174,3.72673505811405
125,125,0.9624149872572304,415,0,0,0.0,1.0508876545995445,1.009875623760096,1.0559801095390904,1.013145908971509,1.0238088728874757,1.0244444982729537,0.751725067666227,0.8102372017222292,0.423035857164402,0,3.882401704692337,3.857703232726788
126,126,0.999984786274994,415,0,0,0.0,1.0584542085535062,1.0115369245500676,1.0261002420274623,0.9474052700602774,1.0602563049297262,0.9934810060205292,0.815403362323621,0.6725029670790563,0.7063950542796786,0,3.960214117834316,3.6249261677099307
127,127,1.0280938456756414,408,0,0,0.0,1.0378508992433866,1.0120789147763565,1.0644330804842597,1.022730883502586,1.059552244283973,1.0032813507727991,0.7964892999116688,0.6725029670790563,0.0,0,3.958325523923288,3.710594116130798
128,128,0.9903176749711242,415,0,0,0.0,1.0717477511332614,1.0141909676964709,1.051222020193135,1.0120789147763565,1.0292136667183611,1.0109891235542634,0.8504121441880276,0.7536533308455107,0.0,1,4.002595582232785,3.7909123368726014
129,129,1.0231649163770178,510,0,1,3.1780538303479458,1.030605690202162,1.0186431550010258,1.0556581639838467,0.999984786274994,1.0582109353151692,1.009875623760096,0.8350993109078182,0.5546183566222742,0.0,0,3.979574100408996,3.58312192165839
130,130,1.0115369245500676,510,0,1,3.218875824868201,1.0244865819302265,1.016218495895403,1.0393238677571432,1.0186431550010258,1.0332039819518073,1.0109891235542634,0.7939852844174682,0.6725029670790563,0.423035857164402,0,3.890999716056645,3.7183537415297483
131,131,0.9934810060205292,415,0,0,0.0,1.0219841464337474,1.0006607804515772,1.0357345776010654,1.007573578755084,1.0225124253755895,1.0032813507727991,0.7555463047707869,0.7063950542796786,0.0,0,3.8357774541811898,3.717910764259139
132,132,1.0240216638573814,415,0,0,0.0,1.04870197923222,1.0087374499934136,1.054457268544826,1.009309683677839,1.0570366261637096,1.004544177148741,0.8202862443392709,0.7325687477104176,0.0,0,3.980482118280026,3.7551600585304117
133,133,1.0240216638573814,510,0,1,3.610917912644224,1.0405719407756018,1.0019873653802,1.0544351304763362,1.0120789147763565,1.0517189469961394,1.005777194524828,0.8047572096727953,0.7063950542796786,0.6258002855986439,0,3.951483227920873,3.726238528961063
134,134,0.9698932078063358,415,0,0,0.0,1.0019218227529605,1.004544177148741,1.0215841974938875,1.0152149060491755,1.053359337835043,0.9894972828240028,0.8221661298163554,0.423035857164402,0.423035857164402,0,3.899031487898246,3.4322922231863218
135,135,1.0261002420274623,415,0,0,0.0,1.0458998532090122,1.0280938456756414,1.0271471134796155,0.9949959866312726,1.0340395830368314,0.996469488897356,0.7348749836529411,0.6258002855986439,0.423035857164402,0,3.8419615333783996,3.645359606802914
136,136,0.99719132727709,415,0,1,3.5263605246161616,1.0548099854226805,0.99719132727709,1.0478639435220942,0.99719132727709,1.0515302897439265,1.005164330916258,0.8212312206090928,0.5546183566222742,0.5546183566222742,0,3.9754354392977937,3.5541653420927126
137,137,1.0398149028265846,510,0,1,3.4657359027997265,1.041257702397473,1.0172024688229897,1.032674190053846,1.020501600316601,1.0593348305656876,1.0172024688229897,0.7627869824840867,0.6258002855986439,0.423035857164402,0,3.8960537055010933,3.680706823561224
138,138,1.026907518550221,415,0,0,0.0,1.044734473637668,1.003916572429902,1.0548319374768893,1.0181675188505357,1.0586357819257142,0.9957377918930442,0.8091673682554217,0.6258002855986439,0.423035857164402,0,3.967369561295693,3.6436221687721257
139,139,0.9986063829166985,408,0,1,3.6635616461296463,1.0350300491277933,1.016218495895403,1.0422821875572914,1.0120789147763565,1.0063226675621295,0.9815065955444632,0.8275744235987819,0.6725029670790563,0.423035857164402,0,3.911209327845996,3.6823069732952787
140,140,0.9765185323813282,408,0,0,0.0,1.0534726195817574,1.005777194524828,1.050284320621803,1.005777194524828,1.0009287777885654,0.9869597981852865,0.8310007739998975,0.5546183566222742,0.423035857164402,0,3.9356864919920236,3.5531325438572168
141,141,1.0379463144765462,408,0,0,0.0,1.0492273164114143,0.99719132727709,1.027464747028562,1.0167128902475082,1.055159921602505,1.005164330916258,0.7348749836529411,0.7063950542796786,0.0,0,3.8667269686954224,3.725463602720535
142,142,0.9986063829166985,415,0,0,0.0,1.0568483107671665,1.005164330916258,1.03465678484363,1.0167128902475082,1.0352996790210385,1.0063829237830022,0.8112944976246211,0.7536533308455107,0.5546183566222742,0,3.9380992722564563,3.7819134757922797
143,143,0.9698932078063358,415,0,0,0.0,1.0265458990419931,0.996469488897356,1.0414349440266375,1.0069816697157885,1.042828985406656,1.0115369245500676,0.8221661298163554,0.6258002855986439,0.0,0,3.9329759582916415,3.640788368761856
144,144,1.0120789147763565,408,0,0,0.0,1.03616551139242,0.9979035478286284,1.0425132070302552,0.9842999824276124,1.0463525201075878,1.009875623760096,0.8530314073208307,0.7989278990573876,0.6258002855986439,0,3.978062645851094,3.7910070530737245
145,145,0.978566837930225,408,0,0,0.0,1.0523266565442388,1.0152149060491755,1.0644682972076496,1.009875623760096,1.0445143521775786,1.009875623760096,0.0,0.0,0.6258002855986439,0,3.1613093059294672,3.0349661535693677
146,146,0.9986063829166985,510,1,1,3.1780538303479458,1.0433693851015111,1.0167128902475082,1.0480430067002184,1.0218511892271116,1.062652843558769,1.004544177148741,0.7927077628291277,0.7063950542796786,0.6725029670790563,0,3.9467729981896262,3.7495033109030396
147,147,1.0172024688229897,415,0,0,0.0,0.9652685550144202,0.9986063829166985,1.023035107569892,1.013145908971509,1.0222049498898569,0.996469488897356,0.819331006683021,0.423035857164402,0.7063950542796786,1,3.8298396191571897,3.4312576379499653
148,148,0.9754660547759244,408,0,1,3.610917912644224,1.011862808720251,1.009309683677839,1.0536081788352,0.9986063829166985,1.0349624011565233,1.004544177148741,0.7977165865059108,0.8202862443392709,0.5546183566222742,0,3.898149975217885,3.8327464880825497
149,149,0.8692942392849475,408,0,0,0.0,1.040149516068467,1.001328241641345,1.0572033445955151,0.9637291374803096,1.047915176518,1.0176873172212282,0.8420101129338243,0.7536533308455107,0.5546183566222742,0,3.9872781501158063,3.736398027188393
150,150,1.0349962372145658,510,1,0,0.0,1.058353008607389,0.9765185323813282,1.0552252283543333,1.0152149060491755,1.0211359854708777,1.0147055277003714,0.7773928950827131,0.6258002855986439,0.6258002855986439,0,3.9121071175153133,3.632239251729519
151,151,0.9815065955444632,415,0,0,0.0,1.047991917804974,1.025691534626503,1.0600618694438042,1.0214053992395804,1.0543908212303936,0.99719132727709,0.8080847309801162,0.8293046663001791,0.423035857164402,0,3.970529339459288,3.8735929274433527
152,152,1.0063829237830022,408,0,0,0.0,1.031011886460428,0.9824533207775524,0.9725237764851562,1.0231649163770178,1.0437635603848927,1.004544177148741,0.8013040485562493,0.6725029670790563,0.423035857164402,0,3.848603271886726,3.6826653813823675
153,153,1.0329221586751836,510,0,0,0.0,1.0317054998746131,1.009309683677839,1.0326386605706757,1.0172024688229897,1.040451638610881,1.009875623760096,0.7860478795856021,0.6258002855986439,0.423035857164402,0,3.890843678641772,3.6621880618595686
154,154,0.9553725127999176,408,0,0,0.0,1.0523962491480654,1.008158792920829,1.040541894378512,0.9993000568565548,1.0521172271997643,1.0069816697157885,0.7874176770111411,0.6258002855986439,0.423035857164402,0,3.9324730477374827,3.6402408050918162
155,155,1.0069816697157885,415,0,0,0.0,1.020865098978019,0.9919223562990608,1.0384205010347205,0.9986063829166985,1.0099880676984248,1.0115369245500676,0.7846582031691327,0.6725029670790563,0.0,0,3.853931870880297,3.674568630844883
156,156,1.0191143049145188,415,0,0,0.0,1.0372743011459915,1.008158792920829,0.9962510261353468,1.005164330916258,1.0536758041583776,0.9775519190240616,0.7927077628291277,0.5546183566222742,0.423035857164402,0,3.8799088942688433,3.545493399483423
157,157,0.987818703754018,408,0,0,0.0,1.0468531860495816,0.9824533207775524,1.0428003673012178,0.985200844275134,1.0464054812686945,1.0136711282744777,0.7832481321537382,0.6725029670790563,0.5546183566222742,0,3.9193071667732315,3.653828260406221
158,158,0.9986063829166985,415,0,0,0.0,1.0225124253755895,1.013145908971509,1.045062688643987,0.9942438142135328,1.0277016161093295,1.019581045851613,0.8326639275093545,0.5546183566222742,0.0,0,3.9279406576382603,3.5815891256589287
159,159,1.013145908971509,408,0,1,3.1780538303479458,1.0639726188805614,0.9568484637059635,1.0338320543585269,1.009309683677839,1.013723352632082,0.9942438142135328,0.7927077628291277,0.6725029670790563,0.423035857164402,0,3.904235788700298,3.6329049286763917
160,160,1.0126152065263214,415,0,1,3.1780538303479458,1.0436512826113629,0.9927072832290874,1.0373065206212844,0.9927072832290874,1.0384205010347205,0.99719132727709,0.749760341930018,0.7325687477104176,0.423035857164402,0,3.869138646197386,3.7151746414456825
161,161,0.9860873110883348,415,0,0,0.0,1.0275833260642635,1.0136711282744777,1.038952174106127,1.0115369245500676,1.058676029618862,1.0172024688229897,0.795245662433237,0.7711646606364143,0.0,0,3.92045719222249,3.8135751822839494
162,162,1.019581045851613,510,1,1,3.295836866004329,1.064573774534905,1.0032813507727991,1.0440987597981954,1.0006607804515772,1.057410858856826,1.0176873172212282,0.8358958109502946,0.7536533308455107,0.6725029670790563,1,4.001979204140222,3.775282779291116
163,163,0.97105164486998,408,0,0,0.0,0.9903176749711242,0.972187368078744,1.0373065206212844,1.0063829237830022,1.0553772375975827,0.9949959866312726,0.8293046663001791,0.6258002855986439,0.0,0,3.91230609949017,3.5993665640916626
164,164,0.958289233840266,415,0,1,3.218875824868201,1.0259779888355192,1.0261002420274623,1.049549493565732,1.0218511892271116,1.0562784917135388,0.999984786274994,0.8301569118312014,0.7063950542796786,0.6258002855986439,0,3.961962885945991,3.7543312718092463
165,165,0.9698932078063358,408,0,0,0.0,1.038983261688513,1.0032813507727991,1.070360992356577,0.9979035478286284,1.0552252283543333,1.019581045851613,0.8123395143700564,0.423035857164402,0.5546183566222742,0,3.9769089967694797,3.4438018016174423
166,166,1.0006607804515772,415,0,0,0.0,1.0489278707961407,0.9927072832290874,1.039508611695625,0.9986063829166985,1.0542353901529768,1.0087374499934136,0.741511301806249,0.7711646606364143,0.6258002855986439,0,3.884183174450991,3.771215776775614
167,167,1.005777194524828,510,0,0,0.0,1.023851504894647,1.008158792920829,1.0378190510172471,0.9553725127999176,1.0486768104764748,0.9903176749711242,0.749760341930018,0.6258002855986439,0.5546183566222742,0,3.860107708318387,3.5796492662905144
168,168,1.030382672860129,415,0,0,0.0,1.028753432948187,1.005777194524828,1.0578639736028814,0.987818703754018,1.0436512826113629,0.9979035478286284,0.7914126806490488,0.6725029670790563,0.423035857164402,0,3.9216813698114805,3.664002413186531
169,169,0.9743938320833514,415,0,1,3.610917912644224,1.0068027703855285,0.9842999824276124,1.046826971803513,0.985200844275134,1.0414349440266375,1.0126152065263214,0.8212312206090928,0.5546183566222742,0.423035857164402,0,3.916295906824772,3.5367343898513424
170,170,0.932077249682868,415,0,0,0.0,1.0425995426257593,0.9986063829166985,1.0403310247076063,0.9993000568565548,1.0502357028914229,0.9957377918930442,0.8080847309801162,0.7063950542796786,0.6258002855986439,0,3.941251001204905,3.700039285945976
171,171,1.0063829237830022,510,0,0,0.0,1.0478895672438726,0.9993000568565548,1.0284441582389527,0.978566837930225,1.0583935166114065,1.016218495895403,0.8221661298163554,0.7063950542796786,0.6258002855986439,0,3.9568933719105868,3.7004804449618613
172,172,1.0019873653802,510,0,0,0.0,1.0487271340111737,1.009875623760096,1.055593492831145,0.9949959866312726,1.0509116205109006,0.9949959866312726,0.8504121441880276,0.7536533308455107,0.6258002855986439,0,4.005644391541247,3.753520927868152
173,173,1.0252793777568705,510,1,0,0.0,1.0451443766562367,1.002638340774061,1.0557872234865917,1.004544177148741,1.0425707820071854,0.9986063829166985,0.819331006683021,0.8102372017222292,0.0,0,3.9628333888330345,3.8160261025617297
174,174,0.9894972828240028,415,0,1,3.218875824868201,1.0297073517086992,1.019581045851613,1.055116330262729,1.0063829237830022,1.01541722792598,0.9765185323813282,0.8069890155045473,0.6258002855986439,0.423035857164402,0,3.9072299254019556,3.6282827876145873
175,175,0.9927072832290874,408,0,1,3.4657359027997265,1.0341774338397145,1.0231649163770178,1.0104353962561965,1.013145908971509,1.0556366174291556,1.0147055277003714,0.8221661298163554,0.7325687477104176,0.423035857164402,0,3.9224155773414218,3.783585100759316
176,176,0.978566837930225,510,1,0,0.0,1.051055148327961,1.001328241641345,1.051388274454874,1.0115369245500676,0.981697224310732,0.9979035478286284,0.8615801755782762,0.6725029670790563,0.5546183566222742,1,3.945720822671843,3.6832716810990975
177,177,0.9979035478286284,415,0,0,0.0,1.0380415361076007,0.9979035478286284,1.0378190510172471,1.001328241641345,1.0506954662089525,1.019581045851613,0.815403362323621,0.7325687477104176,0.6258002855986439,0,3.941959415657421,3.7513815830320043
178,178,0.9979035478286284,415,0,0,0.0,1.0282498530608313,0.9949959866312726,1.040240358802432,0.9842999824276124,1.0358343733278466,1.0141909676964709,0.8091673682554217,0.6258002855986439,0.0,0,3.9134919534465316,3.6192872223539996
179,179,1.0141909676964709,415,0,0,0.0,1.0382629710766498,0.987818703754018,1.0504540707202217,0.9894972828240028,1.0594535539213308,0.996469488897356,0.6972029660970256,0.7536533308455107,0.6258002855986439,0,3.8453735618152276,3.7274388063208876
180,180,1.0218511892271116,415,0,0,0.0,1.0563421694222257,1.0147055277003714,1.0597881954088348,1.013145908971509,1.0280938456756414,1.0109891235542634,0.8293046663001791,0.5546183566222742,0.423035857164402,1,3.9735288768068813,3.5934589168484177
181,181,1.0063829237830022,415,0,0,0.0,1.0501626778185116,1.0147055277003714,1.0087949602426414,1.001328241641345,1.0409309916393834,1.0069816697157885,0.7555463047707869,0.8202862443392709,0.0,0,3.8554349344713232,3.843301683396776
182,182,0.9886644097649396,415,0,0,0.0,1.039385530300604,1.0120789147763565,1.028714881576389,1.001328241641345,1.047451986713735,1.0019873653802,0.8221661298163554,0.7325687477104176,0.6258002855986439,0,3.9377185284070837,3.747963269508319
183,183,1.0176873172212282,408,0,1,3.1354942159291497,1.033623616220411,1.0109891235542634,1.0364943426379365,1.004544177148741,1.0552034701251256,0.9765185323813282,0.8013040485562493,0.7325687477104176,0.423035857164402,0,3.9266254775397225,3.7246205807947503
184,184,0.925237402907562,408,0,0,0.0,1.0274251562380514,1.0104353962561965,1.0546119269551917,1.0152149060491755,1.036428759510812,1.005164330916258,0.7846582031691327,0.7325687477104176,0.5546183566222742,0,3.903124045873188,3.763383380932048
185,185,0.9942438142135328,408,0,0,0.0,0.9737407364452012,1.0006607804515772,1.0343834629215896,0.9842999824276124,1.0532230188714953,1.0104353962561965,0.8358958109502946,0.423035857164402,0.5546183566222742,0,3.8972430291885805,3.4184320162997883
186,186,1.015719197900225,415,0,0,0.0,1.04606013061016,0.9919223562990608,1.055159921602505,0.9860873110883348,1.0497957679819407,1.0218511892271116,0.7662224715044368,0.5546183566222742,0.6258002855986439,0,3.9172382916990425,3.5544792132367817
187,187,1.0172024688229897,408,0,1,3.332204510175204,1.0401798166667544,0.9860873110883348,1.0411984711363191,0.9903176749711242,0.984752239383428,1.0231649163770178,0.7939852844174682,0.6258002855986439,0.5546183566222742,0,3.86011581160397,3.6253701880351206
188,188,1.005164330916258,415,0,1,3.1780538303479458,1.0622841106437813,1.0218511892271116,1.049549493565732,0.99719132727709,1.0222489923833191,1.003916572429902,0.8318363985199613,0.6258002855986439,0.6725029670790563,0,3.9659189951127933,3.6487593745327476
189,189,0.9979035478286284,408,1,0,0.0,1.0678024548885665,1.008158792920829,1.0188321489445942,1.002638340774061,1.0488276136458068,0.9824533207775524,0.8047572096727953,0.5546183566222742,0.0,1,3.9402194271517628,3.547868811094717
190,190,0.97105164486998,415,1,1,3.610917912644224,1.0439035236514056,1.0087374499934136,1.0642919243486488,1.009309683677839,1.0435105494199806,0.99719132727709,0.8102372017222292,0.7325687477104176,0.423035857164402,0,3.9619431991422642,3.7478072086587604
191,191,1.002638340774061,415,0,0,0.0,1.0450354269275155,0.999984786274994,1.0486768104764748,1.0172024688229897,1.038546144802386,1.0152149060491755,0.8334834996046646,0.5546183566222742,0.6258002855986439,0,3.9657418818110406,3.5870205177694334
192,192,0.958289233840266,415,0,0,0.0,1.034588601810145,1.0006607804515772,1.049500077110868,0.9934810060205292,1.0293661085264036,1.0104353962561965,0.8091673682554217,0.5546183566222742,0.0,0,3.9226221557028382,3.5591955393505774
193,193,0.99719132727709,415,1,0,0.0,1.0360333346550443,1.0235951562943069,1.054190881301956,1.005777194524828,1.0525813019323045,1.0126152065263214,0.7860478795856021,0.7063950542796786,0.423035857164402,0,3.928853397474907,3.7483826116251353
194,194,1.0087374499934136,408,0,1,3.713572066704308,1.044898874699656,1.004544177148741,1.0135665180677862,1.0181675188505357,1.052972014150885,1.001328241641345,0.7860478795856021,0.7860478795856021,0.5546183566222742,0,3.897485286503929,3.8100878172262234
195,195,1.0087374499934136,408,0,0,0.0,0.9829207456432976,1.0126152065263214,1.044403894514106,1.001328241641345,1.0419626406410782,1.0032813507727991,0.7964892999116688,0.7536533308455107,0.6258002855986439,0,3.8657765807101505,3.7708781297859764
196,196,0.9815065955444632,415,0,0,0.0,1.0419626406410782,0.9927072832290874,1.0345203206527556,1.0120789147763565,1.023509408818104,0.9934810060205292,0.7914126806490488,0.7325687477104176,0.423035857164402,0,3.8914050507609868,3.730835951736391
197,197,1.022730883502586,510,0,0,0.0,1.0494753485983768,0.9949959866312726,0.994470570280175,1.0167128902475082,1.042857585789689,0.9869597981852865,0.8284438879783939,0.7063950542796786,0.0,0,3.9152473926466347,3.705063729343746
198,198,1.022292995628416,415,1,0,0.0,1.0214501593863263,0.9993000568565548,1.021000727240472,1.003916572429902,1.0501870326572913,0.9886644097649396,0.8230911610676044,0.5546183566222742,0.5546183566222742,1,3.915729080351694,3.5464993956736706
199,199,0.9275973506953992,415,0,0,0.0,1.0570157419251829,0.985200844275134,1.039014328621119,1.0280938456756414,1.0614616762444629,1.004544177148741,0.7773928950827131,0.5546183566222742,0.423035857164402,0,3.9348846418734778,3.5724572237217904
200,200,0.9919223562990608,408,0,0,0.0,1.0506472905629405,0.9886644097649396,1.0372743011459915,0.97105164486998,1.0425707820071854,1.0087374499934136,0.7555463047707869,0.5546183566222742,0.6258002855986439,0,3.886038678486905,3.5230718612506076
201,201,1.007573578755084,408,0,0,0.0,1.0437635603848927,1.0019873653802,1.05992524698254,0.967504775196054,1.0742651899007714,0.98338429212101,0.7914126806490488,0.6258002855986439,0.0,1,3.9693666779172525,3.578676718295908
202,202,0.8836050647842439,408,0,0,0.0,1.008909788574806,1.0069816697157885,1.0337973780240426,0.9979035478286284,1.0448167478013748,0.999984786274994,0.7927077628291277,0.7063950542796786,0.0,0,3.880231677229351,3.7112650580990896
203,203,1.0069816697157885,415,0,1,3.6375861597263857,0.967504775196054,1.003916572429902,1.0040426973405918,0.987818703754018,1.0587363319263423,1.0063829237830022,0.8112944976246211,0.6258002855986439,0.0,0,3.8415783020876098,3.6239184855655657
204,204,0.9553725127999176,510,0,0,0.0,1.0481195323981587,0.9986063829166985,1.0275833260642635,0.9650147563028656,1.0628725835213944,0.9743938320833514,0.8013040485562493,0.7063950542796786,0.0,0,3.939879490540066,3.644410025582594
205,205,0.9202501631240612,415,0,1,3.4011973816621555,1.0305314659689024,1.0019873653802,1.0130930871969863,0.987818703754018,1.0620985594463397,0.9869597981852865,0.8366848759673883,0.8102372017222292,0.6725029670790563,1,3.9424079885796166,3.7870030690417336
206,206,1.0063829237830022,415,0,0,0.0,1.0463260164676929,0.996469488897356,1.03566792986984,1.008158792920829,1.0418458928487182,1.0248637173933617,0.8405228745078467,0.7536533308455107,0.6725029670790563,0,3.964362713694097,3.7831453300570574
207,207,0.9894972828240028,408,0,0,0.0,1.0460867889468028,0.9957377918930442,1.052511996822228,0.9903176749711242,1.0358011314943103,1.007573578755084,0.7874176770111411,0.7711646606364143,0.6258002855986439,0,3.9218175942744824,3.764793706255667
208,208,1.0006607804515772,415,1,0,0.0,1.0251550500048785,1.0126152065263214,1.0609300752912774,0.9894972828240028,1.0377233765146634,0.9886644097649396,0.8091673682554217,0.6258002855986439,0.0,0,3.9329758700662407,3.6165771847139077
209,209,1.007573578755084,510,0,0,0.0,1.0229917618237616,1.0152149060491755,1.03576786626219,1.0126152065263214,1.0522104278722295,0.99719132727709,0.7964892999116688,0.6258002855986439,0.423035857164402,0,3.9074593558698503,3.6508217254512307
210,210,1.0109891235542634,415,0,0,0.0,0.99168464874755,1.013145908971509,1.0562784917135388,0.9927072832290874,1.0423111281715476,0.9993000568565548,0.8412698102311928,0.7711646606364143,0.423035857164402,0,3.931544078863829,3.7763179096935655
211,211,0.9662729529060342,510,0,0,0.0,1.0297073517086992,0.9869597981852865,1.0530634519646838,1.015719197900225,1.0347928575775416,0.987818703754018,0.7818171316562723,0.6725029670790563,0.423035857164402,0,3.899380792907197,3.6630006669185855
212,212,0.8918212615283342,510,0,1,3.258096538021482,1.0332390930078363,1.0087374499934136,1.046695673970438,1.005777194524828,1.0521172271997643,0.9610711304112431,0.747757924070225,0.7860478795856021,0.423035857164402,0,3.879809918248264,3.761633654515087
213,213,1.0280938456756414,408,0,0,0.0,1.021180989639234,0.9942438142135328,1.0249054426520634,1.009875623760096,1.0503813989898785,0.9687112141532412,0.8477057939488672,0.423035857164402,0.423035857164402,0,3.944173625230043,3.3958665092912725
214,214,1.0126152065263214,415,0,0,0.0,1.0249887866330991,1.004544177148741,1.0472186104633223,1.007573578755084,1.0398759204956818,0.999984786274994,0.815403362323621,0.6258002855986439,0.423035857164402,0,3.9274866799157238,3.6379028277774625
215,215,1.0109891235542634,510,0,1,3.4339872044851463,1.0458730855877978,0.9869597981852865,1.0583732672856547,0.996469488897356,1.0643449122287534,0.9903176749711242,0.8143937066027327,0.7325687477104176,0.423035857164402,0,3.982984971704939,3.7063157097641843
216,216,1.0109891235542634,510,0,1,3.367295829986474,1.0508396844277426,0.9986063829166985,1.0421952569460855,1.0126152065263214,1.0523962491480654,1.002638340774061,0.7773928950827131,0.7860478795856021,0.6725029670790563,0,3.922824085604607,3.799907809802683
217,217,1.0136711282744777,408,0,0,0.0,1.022861495288646,0.9949959866312726,1.0351650559672234,0.9860873110883348,1.0591561388998452,1.001328241641345,0.8334834996046646,0.7325687477104176,0.6258002855986439,0,3.950666189760379,3.71498028707137
218,218,1.013145908971509,408,1,0,0.0,1.0314875462798236,1.015719197900225,1.0367883428150193,0.999984786274994,1.0397538052306117,1.0019873653802,0.7977165865059108,0.6258002855986439,0.5546183566222742,0,3.9057462808313654,3.6434916351540627
219,219,1.0032813507727991,415,0,0,0.0,1.0459800621637945,1.005777194524828,1.0506231833876123,1.0126152065263214,1.0562784917135388,1.002638340774061,0.8420101129338243,0.6258002855986439,0.0,0,3.99489185019877,3.646831027423854
220,220,1.0126152065263214,415,0,0,0.0,1.0212708755236102,1.0147055277003714,1.0382629710766498,0.9903176749711242,1.0444315338394092,1.005164330916258,0.7662224715044368,0.6258002855986439,0.423035857164402,0,3.8701878519441064,3.6359878191863975
221,221,0.9523085806942424,415,0,1,3.367295829986474,1.0480174694388822,0.9860873110883348,1.0530406100593706,1.002638340774061,1.0458730855877978,1.0069816697157885,0.7711646606364143,0.8293046663001791,0.6258002855986439,0,3.9180958257224643,3.8250119878783635
222,222,1.0231649163770178,415,0,0,0.0,1.0421372123548482,1.005164330916258,1.0528574529947023,0.999984786274994,1.045062688643987,1.0032813507727991,0.8293046663001791,0.6258002855986439,0.6258002855986439,0,3.9693620202937163,3.6342307535626945
223,223,0.99719132727709,408,0,1,3.367295829986474,1.0281328946446238,0.9957377918930442,1.042714406447232,0.9869597981852865,1.053945283476273,1.0109891235542634,0.7989278990573876,0.6258002855986439,0.423035857164402,0,3.923720483625517,3.619486999231238
224,224,1.026907518550221,510,1,0,0.0,1.0491526406294132,0.9942438142135328,1.0463525201075878,0.9919223562990608,1.0450899341590745,1.0019873653802,0.8112944976246211,0.6725029670790563,0.0,0,3.9518895925206965,3.6606565029718503
225,225,1.019581045851613,415,0,1,3.258096538021482,1.042108162740893,0.9919223562990608,1.0508636759093637,1.005777194524828,1.057182539271024,0.9662729529060342,0.8091673682554217,0.7325687477104176,0.5546183566222742,0,3.9593217461767023,3.6965412514403404
226,226,1.0261002420274623,510,1,0,0.0,1.045388570602082,1.0214053992395804,1.0492024381824958,0.9957377918930442,1.0500895342573795,1.0109891235542634,0.8047572096727953,0.7325687477104176,0.6258002855986439,0,3.9494377527147524,3.760701062397306
227,227,0.9507170793714552,415,0,1,3.6375861597263857,1.0473224810384547,1.0115369245500676,1.031451124103136,0.9911259244279969,1.0253207502000616,0.987818703754018,0.8221661298163554,0.423035857164402,0.423035857164402,0,3.926260485158008,3.413517409896485
228,228,0.9927072832290874,415,0,1,3.367295829986474,1.0498203216931254,0.9824533207775524,1.063776315147949,1.002638340774061,1.054190881301956,1.005777194524828,0.7860478795856021,0.5546183566222742,0.423035857164402,0,3.9538353977286325,3.545487212698716
229,229,0.979563883308144,415,0,0,0.0,1.043595040914256,1.007573578755084,1.0387339806992983,1.008158792920829,1.0625057273126055,0.9624149872572304,0.747757924070225,0.7063950542796786,0.6258002855986439,0,3.8925926729963845,3.684542413212822
230,230,1.022292995628416,510,0,0,0.0,1.0459266051674618,1.0152149060491755,1.0181675188505357,1.003916572429902,1.042628285358523,0.9911259244279969,0.7832481321537382,0.7063950542796786,0.5546183566222742,0,3.889970541530259,3.7166524571867527
231,231,1.022292995628416,408,0,0,0.0,1.0457926885777766,0.9942438142135328,1.046695673970438,0.9927072832290874,1.0640437807131164,0.9911259244279969,0.8412698102311928,0.6725029670790563,0.5546183566222742,0,3.997801953492524,3.6505799889496737
232,232,1.033970507409735,510,0,0,0.0,1.046246413112336,0.9942438142135328,1.0202272191831383,0.97105164486998,1.057390151401101,1.001328241641345,0.8382411892305852,0.7063950542796786,0.0,0,3.9621049729271602,3.6730187550045366
233,233,1.0200434531560645,510,0,0,0.0,1.0023138600447157,1.0087374499934136,1.0186904705829285,0.987818703754018,1.0167620633851018,1.016218495895403,0.795245662433237,0.6258002855986439,0.0,0,3.8330120564459826,3.6385749352414787
234,234,0.9986063829166985,510,0,0,0.0,1.0373387180374702,1.009875623760096,1.0424843926306362,1.009875623760096,1.0263843131084571,1.007573578755084,0.7302124673395967,0.6725029670790563,0.423035857164402,0,3.83641989111616,3.6998277933543324
235,235,0.999984786274994,510,0,1,2.9444389791664403,1.035900786920554,0.9927072832290874,1.0206836824587835,1.0104353962561965,1.0582718802088649,0.978566837930225,0.7964892999116688,0.6258002855986439,0.423035857164402,0,3.9113456494998715,3.607509803014153
236,236,1.033623616220411,510,0,0,0.0,1.0453344176589752,1.0115369245500676,1.0382314014560148,1.028482925863037,1.0486264309770927,1.008158792920829,0.7927077628291277,0.7063950542796786,0.423035857164402,0,3.924900012921211,3.7545736976136124
237,237,0.9824533207775524,415,0,0,0.0,0.992472995048342,0.9903176749711242,1.055808696854009,0.9754660547759244,1.0246126165613827,0.9919223562990608,0.8001236021366125,0.7063950542796786,0.5546183566222742,0,3.873017910600346,3.664101140325788
238,238,0.9275973506953992,415,0,0,0.0,1.030605690202162,1.0126152065263214,1.0396007102883906,0.9650147563028656,1.0542131412951734,1.0019873653802,0.819331006683021,0.423035857164402,0.0,0,3.943750548468747,3.402653185373789
239,239,1.0104353962561965,415,0,0,0.0,1.0482975920994524,1.0186431550010258,1.0491027881895507,1.0126152065263214,1.0461134317386946,0.996469488897356,0.7457165247157388,0.7860478795856021,0.6725029670790563,0,3.8892303367434367,3.813775730010305
240,240,0.9754660547759244,415,0,0,0.0,1.0355677817916773,0.987818703754018,1.0089671069195971,0.9886644097649396,1.0428861684705877,1.009309683677839,0.819331006683021,0.6725029670790563,0.5546183566222742,0,3.9067520638648827,3.658295764275853
241,241,1.0307537956581727,415,0,0,0.0,1.0307537956581727,1.0063829237830022,1.064503485094721,1.0109891235542634,1.0543686500325535,0.9949959866312726,0.7874176770111411,0.6725029670790563,0.423035857164402,0,3.9370436077965882,3.6848710010475942
242,242,1.0218511892271116,510,0,0,0.0,0.99719132727709,1.0126152065263214,1.0570575005076726,0.985200844275134,1.047940771359537,0.9957377918930442,0.8024695798580879,0.7989278990573876,0.423035857164402,0,3.9046591790023877,3.792481741751887
243,243,1.043057293942215,415,0,0,0.0,1.052765592088056,1.008158792920829,1.0561934450541082,1.0109891235542634,1.0360333346550443,0.978566837930225,0.7874176770111411,0.7063950542796786,0.5546183566222742,0,3.9324100488083498,3.704109808684996
244,244,1.0104353962561965,415,0,0,0.0,1.0607578136307705,1.009309683677839,1.0600618694438042,1.013145908971509,1.0478639435220942,1.005777194524828,0.778890100585339,0.7989278990573876,0.423035857164402,1,3.947573727182008,3.8271606862315637
245,245,1.009875623760096,510,0,0,0.0,1.0425995426257593,1.0032813507727991,1.0414054507253565,0.9894972828240028,1.0393238677571432,1.0069816697157885,0.8143937066027327,0.5546183566222742,0.0,0,3.937722567710992,3.554378659934865
246,246,1.0466167134078914,415,0,0,0.0,1.0511744057236203,1.0181675188505357,1.0580480006621973,0.99719132727709,1.0393547092033288,0.9824533207775524,0.7846582031691327,0.6725029670790563,0.6258002855986439,0,3.933235318758279,3.670315133984235
247,247,0.9698932078063358,415,0,0,0.0,1.0560228590923026,1.008158792920829,1.0494258509347398,1.013145908971509,1.059512794882521,0.9860873110883348,0.8310007739998975,0.5546183566222742,0.423035857164402,1,3.995962278909461,3.5620103696029473
248,248,1.0087374499934136,415,0,1,3.6635616461296463,1.0532912304203077,1.003916572429902,1.043028817050272,1.009875623760096,1.0393547092033288,0.9894972828240028,0.795245662433237,0.7325687477104176,0.423035857164402,0,3.930920419107146,3.7358582267244187
249,249,0.851732346927839,510,0,0,0.0,1.0457121499905075,0.9775519190240616,1.034826814838484,0.9979035478286284,1.049450606544243,0.972187368078744,0.8091673682554217,0.6258002855986439,0.0,0,3.9391569396286563,3.5734431205300776
250,250,0.9815065955444632,408,0,0,0.0,0.9986761589289068,1.0218511892271116,1.0623026221049636,1.0152149060491755,1.0455506462352555,0.985200844275134,0.7964892999116688,0.6725029670790563,0.0,0,3.903018727180795,3.6947699066304773
251,251,1.0181675188505357,408,0,0,0.0,1.0168111884533997,1.0019873653802,1.0456583787170612,1.0069816697157885,1.057224140094589,1.009309683677839,0.8687678357625482,0.5546183566222742,0.0,0,3.988461543027598,3.572897075396102
252,252,0.9342067302312697,408,0,0,0.0,0.967990343103744,1.0307537956581727,1.066847574798042,1.0141909676964709,1.0161687882296784,0.9474052700602774,0.824006498432407,0.6258002855986439,0.423035857164402,0,3.8750132045638717,3.618150319013565
253,253,1.004544177148741,415,0,1,3.367295829986474,1.0147055277003714,1.005777194524828,1.0604305583668463,1.002638340774061,1.0316692430666674,0.9842999824276124,0.7662224715044368,0.6725029670790563,0.5546183566222742,0,3.873027800638322,3.665218484805558
254,254,1.0136711282744777,415,0,1,3.4011973816621555,1.0130402104886038,0.9743938320833514,1.057720306628471,1.0109891235542634,1.0267471303835782,0.9842999824276124,0.7645193580620365,0.6258002855986439,0.6258002855986439,0,3.8620270055626897,3.5954832236638707
255,255,1.0360002325774176,510,0,1,3.091042453358316,1.0523962491480654,0.999984786274994,1.0473743275543008,1.013145908971509,1.0609300752912774,1.003916572429902,0.7063950542796786,0.7063950542796786,0.6258002855986439,0,3.867095706273322,3.7234423219560835
256,256,1.0181675188505357,510,1,1,3.49650756146648,1.050284320621803,0.9886644097649396,1.0409607877471725,0.9824533207775524,1.0295938720473996,1.0032813507727991,0.7914126806490488,0.5546183566222742,0.5546183566222742,1,3.9122516610654245,3.529017437937566
257,257,0.9927072832290874,510,0,0,0.0,1.037080519485866,0.9869597981852865,1.0582109353151692,1.0006607804515772,1.0635970775253114,0.9860873110883348,0.7371330092563764,0.6258002855986439,0.0,0,3.896021541582723,3.5995081753238423
258,258,1.0109891235542634,415,0,1,3.49650756146648,1.0168111884533997,0.9869597981852865,1.037563484630335,1.005777194524828,1.0523962491480654,0.9949959866312726,0.8284438879783939,0.6258002855986439,0.423035857164402,0,3.9352148102101943,3.6135332649400307
259,259,1.005164330916258,408,0,0,0.0,1.023035107569892,1.0069816697157885,1.0577408592569009,1.0104353962561965,1.052972014150885,0.9824533207775524,0.7989278990573876,0.6258002855986439,0.0,0,3.9326758800350654,3.6256706723481815
260,260,1.026907518550221,415,0,0,0.0,0.9929405631141948,1.0209555590262906,1.0555719147688745,0.99719132727709,1.0566381236970237,0.996469488897356,0.8133725028259741,0.6725029670790563,0.423035857164402,0,3.918523104406067,3.687119342279793
261,261,1.0186431550010258,408,0,0,0.0,1.0460867889468028,0.996469488897356,1.0295938720473996,1.0147055277003714,1.055246975908422,1.009875623760096,0.8326639275093545,0.7063950542796786,0.6258002855986439,0,3.963591564411979,3.727445694637502
262,262,1.002638340774061,510,0,1,3.4339872044851463,0.9660234562173258,1.005164330916258,1.0493018690747988,1.0069816697157885,1.0285990427384548,1.013145908971509,0.7555463047707869,0.6258002855986439,0.0,0,3.799470672801366,3.651092195202199
263,263,1.0248637173933617,408,0,1,3.5263605246161616,1.053945283476273,1.008158792920829,1.0531091007454727,1.009875623760096,1.0301211723265706,0.9993000568565548,0.7927077628291277,0.6725029670790563,0.423035857164402,0,3.929883319377444,3.689837440616537
264,264,0.9842999824276124,510,0,0,0.0,1.043707455716753,1.0191143049145188,1.04870197923222,0.9927072832290874,1.0408414885284938,0.999984786274994,0.8249123211161004,0.6258002855986439,0.0,0,3.9581632445935666,3.637606660017244
265,265,1.0307537956581727,510,0,0,0.0,1.045604544177902,1.0006607804515772,1.0542576278856777,0.985200844275134,0.9875624351121504,1.007573578755084,0.8405228745078467,0.8202862443392709,0.0,0,3.9279474816835767,3.8137214478210657
266,266,1.0120789147763565,510,0,0,0.0,1.041933481266376,1.001328241641345,1.0679487231958742,1.0214053992395804,1.0192080033818458,0.9986063829166985,0.7695443153937457,0.5546183566222742,0.6258002855986439,0,3.898634523237842,3.575958380419898
267,267,0.9596963204464736,415,0,0,0.0,1.0608535987579653,0.9903176749711242,1.0560228590923026,0.9824533207775524,1.0434541355644529,1.009309683677839,0.7927077628291277,0.5546183566222742,0.423035857164402,1,3.953038356243849,3.53669903604879
268,268,0.9927072832290874,415,0,0,0.0,1.0183106854264543,1.0147055277003714,1.0433693851015111,0.9979035478286284,1.0229049557451757,1.028482925863037,0.8221661298163554,0.7063950542796786,0.7536533308455107,1,3.9067511560894967,3.7474870556717153
269,269,1.007573578755084,510,0,0,0.0,1.0348607477947986,1.0019873653802,1.0591959112984437,0.9934810060205292,1.0458998532090122,0.9860873110883348,0.7900996062387244,0.6725029670790563,0.0,0,3.9300561185409792,3.65405864956812
270,270,0.9743938320833514,510,0,0,0.0,1.044541925139165,0.9993000568565548,1.0287919536082624,0.9743938320833514,1.0525813019323045,1.0032813507727991,0.7627869824840867,0.6725029670790563,0.423035857164402,0,3.888702163163819,3.6494782067917617
271,271,1.0280938456756414,408,0,1,2.8903717578961645,1.0480940381649428,1.0006607804515772,1.022948377902844,0.9957377918930442,1.0346908396451708,0.943907056186028,0.7803646465744236,0.6725029670790563,0.423035857164402,0,3.886097902287381,3.612808595609706
272,272,1.0019873653802,510,0,0,0.0,1.0347248700131249,0.978566837930225,1.0606425924657448,0.985200844275134,1.0350638369279843,1.005164330916258,0.805879938962908,0.5546183566222742,0.0,0,3.936311238369762,3.5235503697438917
273,273,0.9610711304112431,415,0,0,0.0,1.0425132070302552,1.0147055277003714,1.037177510086016,1.0087374499934136,1.0662777048615364,1.0218511892271116,0.7536533308455107,0.7536533308455107,0.5546183566222742,0,3.899621752823319,3.798947497766407
274,274,0.9860873110883348,408,0,0,0.0,1.05067138483246,0.9754660547759244,1.0439593899983166,1.0176873172212282,1.0368208965563384,1.003916572429902,0.8420101129338243,0.5546183566222742,0.0,0,3.973461784320939,3.551688301049329
275,275,0.9949959866312726,415,0,0,0.0,1.0476584318174806,0.97105164486998,1.037177510086016,0.979563883308144,1.0588967334093626,1.0172024688229897,0.7874176770111411,0.423035857164402,0.423035857164402,1,3.931150352324,3.390853854165516
276,276,1.0032813507727991,415,0,0,0.0,1.039477871746589,1.0115369245500676,1.0575348993484073,1.0032813507727991,1.0613104528659707,1.025691534626503,0.8080847309801162,0.8102372017222292,0.423035857164402,0,3.966407954941083,3.850747011671599
277,277,0.943907056186028,415,0,1,3.555348061489413,1.0498693890742288,1.005777194524828,1.0321025229639411,0.9919223562990608,1.0512933473976247,0.9698932078063358,0.8374666287558015,0.7536533308455107,0.0,0,3.9707318881915956,3.721246089475735
278,278,1.001328241641345,408,0,1,3.091042453358316,0.9728582337761812,1.001328241641345,1.0370157478545738,0.9927072832290874,1.0551817012110905,0.9911259244279969,0.0,0.0,0.5546183566222742,0,3.0650556828418454,2.9851614492984293
279,279,0.972187368078744,510,0,1,3.6375861597263857,1.029480124708802,0.99719132727709,0.9906424133842932,1.004544177148741,1.0335887875940006,1.0019873653802,0.8318363985199613,0.6258002855986439,0.423035857164402,0,3.885547724207057,3.6295231554046747
280,280,1.0240216638573814,415,0,0,0.0,1.0584137565926417,1.019581045851613,1.03800981703048,1.0141909676964709,1.0214053992395804,1.0136711282744777,0.7574051097683623,0.7711646606364143,0.6258002855986439,0,3.875234082631064,3.818607802458976
281,281,0.9886644097649396,415,0,1,3.5263605246161616,1.0320665657608747,1.0126152065263214,1.015719197900225,0.9957377918930442,1.0586357819257142,1.0032813507727991,0.8221661298163554,0.7063950542796786,0.423035857164402,0,3.928587675403169,3.7180294034718435
282,282,1.032210232660216,510,0,0,0.0,1.0495741815354585,1.0126152065263214,1.0297073517086992,1.0147055277003714,1.0403310247076063,0.9949959866312726,0.8047572096727953,0.8102372017222292,0.423035857164402,0,3.924369767624559,3.8325539225801943
283,283,0.9903176749711242,415,0,1,3.737669618283368,1.02997110311552,1.0152149060491755,1.0323177002702164,1.0069816697157885,1.017975990561897,1.005777194524828,0.8301569118312014,0.7063950542796786,0.6258002855986439,0,3.910421705778835,3.7343688245694704
284,284,1.002638340774061,510,0,0,0.0,1.0069816697157885,0.97105164486998,1.0062019450358786,0.9754660547759244,1.0548099854226805,0.9824533207775524,0.8275744235987819,0.6258002855986439,0.6725029670790563,1,3.895568023773129,3.5547713060221007
285,285,0.9662729529060342,510,0,0,0.0,1.039045374929264,1.005164330916258,1.0454696801372896,0.9993000568565548,1.0518129788747874,1.002638340774061,0.8133725028259741,0.7711646606364143,0.6725029670790563,0,3.949700536767315,3.778267389183288
286,286,1.0379463144765462,415,1,1,3.6635616461296463,1.049450606544243,0.9860873110883348,1.0528345054667811,0.979563883308144,1.0535178518192745,0.9919223562990608,0.8001236021366125,0.6725029670790563,0.6725029670790563,0,3.9559265659669114,3.6300765177745955
287,287,0.9869597981852865,408,0,0,0.0,1.0285603680670825,1.009875623760096,1.0373708934224184,1.0200434531560645,1.0002562206943804,0.9934810060205292,0.714907481702041,0.6258002855986439,0.423035857164402,0,3.7810949638859226,3.649200368535334
288,288,1.0126152065263214,415,0,0,0.0,1.0387339806992983,0.9993000568565548,1.0455776031406427,0.9942438142135328,1.0452802006169184,0.9894972828240028,0.8427438869642762,0.7860478795856021,0.5546183566222742,0,3.972335671421136,3.7690890334796925
289,289,0.9148633202485028,415,0,0,0.0,1.0336584193792069,1.005777194524828,0.9872188782309248,0.9979035478286284,1.0478383053375802,1.001328241641345,0.8266961159266517,0.5546183566222742,0.423035857164402,0,3.8954117188743638,3.5596273406170758
290,290,1.0152149060491755,408,0,1,3.1780538303479458,1.021045854340093,0.9919223562990608,1.0511982192666012,1.0200434531560645,1.01541722792598,0.999984786274994,0.778890100585339,0.5546183566222742,0.5546183566222742,0,3.866551402118014,3.5665689523523936
291,291,0.92987564040383,408,1,1,3.688879454113936,1.0275833260642635,1.0152149060491755,1.0471665861538688,0.98338429212101,1.0111540807940909,0.9957377918930442,0.7887680926690985,0.6725029670790563,0.423035857164402,0,3.874672085681322,3.666839957142286
292,292,0.9957377918930442,408,0,1,3.4011973816621555,1.0277409821283674,1.008158792920829,1.0593150119552202,1.004544177148741,1.0377552896800246,1.0006607804515772,0.7278042077485497,0.6725029670790563,0.423035857164402,0,3.8526154915121618,3.685866717600204
293,293,1.0311220734769209,408,1,0,0.0,1.0577819357056095,0.958289233840266,1.0678350025045664,1.0176873172212282,1.039200297986071,0.9894972828240028,0.7832481321537382,0.7325687477104176,0.423035857164402,1,3.9480653683499853,3.6980425815959146
294,294,0.9342067302312697,415,0,1,3.610917912644224,1.024318030160792,1.0147055277003714,1.052373063636423,1.0104353962561965,1.049942890243846,1.019581045851613,0.8202862443392709,0.7063950542796786,0.423035857164402,0,3.9469202283803315,3.751117024087859
295,295,1.0424843926306362,408,0,0,0.0,1.0323177002702164,0.9942438142135328,1.0478383053375802,1.013145908971509,1.041933481266376,0.9886644097649396,0.8091673682554217,0.5546183566222742,0.0,0,3.9312568551295946,3.5506724895722552
296,296,1.0292518223263003,415,0,0,0.0,1.073688870973114,0.98338429212101,1.048550756542031,0.9986063829166985,1.0571200642589424,1.002638340774061,0.8001236021366125,0.7860478795856021,0.423035857164402,1,3.9794832939107003,3.7706768953973717
297,297,1.009875623760096,415,0,0,0.0,1.0422821875572914,0.999984786274994,1.0591959112984437,1.015719197900225,1.0184534432817234,1.0115369245500676,0.7874176770111411,0.6258002855986439,0.6725029670790563,0,3.9073492191485997,3.6530411943239303
298,298,0.9456806436315238,415,0,0,0.0,0.9862629139022996,1.0176873172212282,1.0570157419251829,1.007573578755084,1.057348707235746,1.002638340774061,0.8638627871008836,0.6258002855986439,0.423035857164402,0,3.9644901501641123,3.653699522349017
299,299,1.0200434531560645,415,0,0,0.0,0.9906424133842932,1.0087374499934136,1.0523498661056607,1.022292995628416,1.0263843131084571,1.0109891235542634,0.7645193580620365,0.7063950542796786,0.423035857164402,0,3.8338959506604473,3.7484146234557714
300,300,1.0181675188505357,415,0,0,0.0,1.042943280806908,1.0019873653802,1.05992524698254,1.0141909676964709,1.0332390930078363,0.9842999824276124,0.851732346927839,0.5546183566222742,0.0,0,3.987839967725123,3.5550966721265578
301,301,0.9624149872572304,408,0,0,0.0,1.043341100287541,1.0087374499934136,1.050113928631741,1.003916572429902,1.0507195347051796,0.996469488897356,0.805879938962908,0.7325687477104176,0.5546183566222742,0,3.9500545025873692,3.7416922590310895
302,302,1.0280938456756414,415,1,0,0.0,1.0489278707961407,0.9637291374803096,1.0112089485650453,0.9942438142135328,1.0601980652765657,0.9993000568565548,0.824006498432407,0.423035857164402,0.0,1,3.944341383070159,3.3803088657147993
303,303,0.917610260115658,415,0,0,0.0,1.0332039819518073,1.001328241641345,1.0518129788747874,0.999984786274994,1.034074083243674,1.007573578755084,0.8434712343369151,0.5546183566222742,0.5546183566222742,0,3.9625622784071837,3.5635049632936973
304,304,0.9957377918930442,415,0,0,0.0,1.03800981703048,0.985200844275134,1.0470623588628805,1.0019873653802,1.0616687519058752,0.9650147563028656,0.7887680926690985,0.7325687477104176,0.5546183566222742,0,3.9355090204683343,3.6847717136686176
305,305,1.022730883502586,415,0,0,0.0,1.0351650559672234,0.9934810060205292,1.0132513881380072,1.0120789147763565,1.040691932686988,1.009309683677839,0.8123395143700564,0.7536533308455107,0.5546183566222742,0,3.9014478911622748,3.7685229353202354
306,306,0.9869597981852865,408,0,0,0.0,1.045739011945524,1.015719197900225,1.0480430067002184,1.007573578755084,1.0509116205109006,1.0063829237830022,0.747757924070225,0.8638627871008836,0.423035857164402,0,3.892451563226868,3.8935384875391947
307,307,0.9993000568565548,415,1,0,0.0,1.0334492177230494,0.9911259244279969,1.06338100384778,1.009875623760096,1.0438755650247635,0.9949959866312726,0.815403362323621,0.5546183566222742,0.423035857164402,1,3.9561091489192135,3.5506158914416392
308,308,1.0176873172212282,415,0,0,0.0,1.0496727986811845,1.002638340774061,1.0317417292556843,1.0104353962561965,1.052558212160132,0.999984786274994,0.749760341930018,0.6725029670790563,0.5546183566222742,0,3.883733082027019,3.685561490384308
309,309,1.022292995628416,510,0,0,0.0,1.054589865833088,1.013145908971509,1.0416115111330717,0.9979035478286284,1.0490778413520796,0.9538597857904456,0.8427438869642762,0.5546183566222742,0.6258002855986439,0,3.9880231052825152,3.519527599212857
310,310,1.0006607804515772,415,0,0,0.0,1.02832766872792,1.0069816697157885,1.029782856679349,0.999984786274994,1.054124034406499,1.009875623760096,0.8427438869642762,0.6725029670790563,0.423035857164402,0,3.954978446778044,3.689345046829935
311,311,1.0273061898515887,415,1,0,0.0,1.0370481448121769,0.9934810060205292,1.025691534626503,0.9886644097649396,1.0561934450541082,0.99719132727709,0.7253419261773606,0.6725029670790563,0.0,0,3.8442750506701486,3.6518397101416156
312,312,1.0126152065263214,415,1,1,3.1354942159291497,1.043057293942215,0.9894972828240028,1.069509595126437,0.9894972828240028,1.050791663039621,1.0141909676964709,0.6601781369419791,0.7063950542796786,0.423035857164402,0,3.823536689050252,3.699580587624155
313,313,0.9911259244279969,408,0,0,0.0,1.0313051580395565,1.0167128902475082,1.0556797000549412,0.9957377918930442,1.040691932686988,0.9894972828240028,0.7574051097683623,0.6725029670790563,0.5546183566222742,0,3.885081900549848,3.6744509320436114
314,314,1.022292995628416,415,0,0,0.0,1.0518833735857838,1.0104353962561965,1.049524792095424,0.9869597981852865,1.0454696801372896,1.009309683677839,0.8069890155045473,0.7536533308455107,0.6725029670790563,0,3.953866861323044,3.760358208964833
315,315,1.0019873653802,415,0,0,0.0,1.0263843131084571,0.972187368078744,1.0611206802238689,1.0019873653802,1.0692901061987634,1.001328241641345,0.7846582031691327,0.423035857164402,0.6258002855986439,0,3.9414533027002214,3.3985388322646912
316,316,0.9919223562990608,415,0,0,0.0,1.003916572429902,0.9993000568565548,1.0603918955607108,1.0231649163770178,1.0269875147705876,1.005777194524828,0.8069890155045473,0.6258002855986439,0.423035857164402,0,3.8982849982657477,3.6540424533570444
317,317,1.0277016161093295,510,0,0,0.0,1.0172024688229897,1.0019873653802,1.0537882854297511,0.9815065955444632,1.0631819808604492,1.002638340774061,0.8013040485562493,0.7325687477104176,0.6258002855986439,0,3.9354767836694395,3.718701049409142
318,318,0.9420819232681112,415,0,0,0.0,1.0344519411105462,1.0167128902475082,1.0549634222598945,0.9949959866312726,1.0480940381649428,1.003916572429902,0.8112944976246211,0.5546183566222742,0.423035857164402,0,3.9488038991600045,3.570243805930957
319,319,1.001328241641345,415,0,0,0.0,1.0459533414800852,0.99719132727709,1.0370481448121769,1.028482925863037,1.0524888712336584,1.0115369245500676,0.824006498432407,0.7063950542796786,0.7063950542796786,0,3.9594968559583275,3.7436062319698733
320,320,1.009875623760096,510,0,0,0.0,1.04870197923222,0.9842999824276124,1.045604544177902,1.002638340774061,1.0400281162527405,0.996469488897356,0.7914126806490488,0.6258002855986439,0.5546183566222742,0,3.925747320311911,3.6092080976976733
321,321,0.851732346927839,510,0,0,0.0,1.051742473458487,0.9860873110883348,1.045739011945524,1.007573578755084,1.0336931971047283,0.996469488897356,0.8080847309801162,0.5546183566222742,0.0,1,3.9392594134888563,3.544748735363049
322,322,1.001328241641345,415,0,1,3.1354942159291497,1.0619308810671662,0.9949959866312726,0.9981857953814872,1.0248637173933617,1.0073376263805285,0.9402024588178788,0.795245662433237,0.7063950542796786,0.0,0,3.862699965262419,3.666457217122192
323,323,0.9911259244279969,510,0,0,0.0,1.0387339806992983,1.0186431550010258,1.019441481993642,1.009875623760096,1.0402706003870503,1.013145908971509,0.778890100585339,0.6725029670790563,0.423035857164402,0,3.87733616366533,3.7141676548116873
324,324,0.9743938320833514,415,0,0,0.0,1.034074083243674,0.996469488897356,1.051836456063146,0.9765185323813282,1.041816659873556,1.013145908971509,0.805879938962908,0.7063950542796786,0.423035857164402,1,3.9336071381432838,3.6925289845298717
325,325,1.001328241641345,415,0,1,3.4657359027997265,1.0147055277003714,1.005777194524828,1.0491526406294132,1.001328241641345,1.051055148327961,1.0087374499934136,0.8202862443392709,0.423035857164402,0.423035857164402,0,3.9351995609970167,3.4388787433239885
326,326,0.9824533207775524,415,0,0,0.0,1.0496974193523043,1.016218495895403,1.0091957445270685,0.9986063829166985,1.054146327867965,1.009875623760096,0.805879938962908,0.6258002855986439,0.0,0,3.9189194307102455,3.650500788170841
327,327,1.0136711282744777,510,0,0,0.0,1.050113928631741,1.0152149060491755,1.0326386605706757,1.0069816697157885,1.0317054998746131,1.009875623760096,0.8123395143700564,0.7325687477104176,0.423035857164402,0,3.9267976034470866,3.7646409472354776
328,328,0.9815065955444632,415,0,0,0.0,1.0393238677571432,0.987818703754018,1.0545677937489868,1.0115369245500676,1.0445694815558302,1.002638340774061,0.7627869824840867,0.6258002855986439,0.6725029670790563,0,3.9012481255460467,3.6277942546767905
329,329,0.99719132727709,415,1,0,0.0,1.0592356475667055,0.996469488897356,1.0318141058901062,1.0115369245500676,1.0437915871031265,0.9815065955444632,0.7900996062387244,0.7063950542796786,0.0,0,3.924940946798663,3.6959080632715655
330,330,0.8791286218612396,415,0,0,0.0,1.0261002420274623,0.9860873110883348,1.0085645333338278,0.9869597981852865,1.0557442454610295,1.007573578755084,0.749760341930018,0.7536533308455107,0.0,0,3.8401693627523374,3.734274018874216
331,331,1.0152149060491755,510,0,0,0.0,1.030419914320064,1.0209555590262906,1.0397843640315418,1.0152149060491755,1.0433976525725623,0.9662729529060342,0.778890100585339,0.7063950542796786,0.6725029670790563,1,3.8924920315095077,3.708838472261179
332,332,1.020501600316601,510,1,0,0.0,1.0178318618817308,1.007573578755084,1.0565748717773469,0.9886644097649396,1.0214053992395804,0.9942438142135328,0.8024695798580879,0.6258002855986439,0.423035857164402,0,3.898281712756746,3.6162820883321998
333,333,1.025691534626503,415,0,0,0.0,1.040691932686988,1.0087374499934136,1.043341100287541,1.0126152065263214,1.033970507409735,1.007573578755084,0.7003483207827342,0.6725029670790563,0.5546183566222742,0,3.8183518611669975,3.701429202353875
334,334,0.8956071899398591,408,0,0,0.0,1.037882725877314,0.9957377918930442,1.024106522721778,0.9805436220896986,1.0450081489918388,1.0019873653802,0.7773928950827131,0.7063950542796786,0.5546183566222742,0,3.8843902926736438,3.6846638336426216
335,335,1.0172024688229897,415,0,0,0.0,1.0576585910269412,1.009875623760096,1.0440430625379118,0.9957377918930442,1.04081161581999,1.0152149060491755,0.7536533308455107,0.7063950542796786,0.6258002855986439,0,3.8961666002303543,3.7272233759819944
336,336,0.9842999824276124,415,0,0,0.0,1.034826814838484,0.985200844275134,1.016218495895403,0.9934810060205292,1.049277031843665,0.99719132727709,0.7989278990573876,0.6258002855986439,0.0,0,3.8992502416349395,3.6016734631713967
337,337,1.0104353962561965,415,0,0,0.0,1.054057086919776,0.9490833369538014,1.062781160935878,1.0087374499934136,1.0537658118858932,0.9942438142135328,0.7818171316562723,0.6258002855986439,0.5546183566222742,1,3.952421191397819,3.5778648867593916
338,338,1.0504056359303071,510,1,0,0.0,1.0355008983937557,1.0019873653802,1.0314875462798236,1.004544177148741,1.047503685924683,1.003916572429902,0.7063950542796786,0.5546183566222742,0.423035857164402,1,3.820887184877941,3.565066471581117
339,339,1.0181675188505357,408,0,1,3.555348061489413,1.0245706410175175,0.9815065955444632,1.042714406447232,0.9869597981852865,1.053967666643577,0.9886644097649396,0.851732346927839,0.7325687477104176,0.423035857164402,0,3.9729850610361654,3.689699551205107
340,340,1.0115369245500676,415,0,0,0.0,1.0395393314192345,1.001328241641345,1.0701766932959602,0.9815065955444632,1.047529513507924,1.0063829237830022,0.7627869824840867,0.7325687477104176,0.5546183566222742,0,3.9200325207072058,3.7217865086792283
341,341,1.0240216638573814,415,0,1,3.367295829986474,1.04606013061016,1.0172024688229897,1.0592555021709624,1.0172024688229897,1.0356011880561276,1.016218495895403,0.7900996062387244,0.8102372017222292,0.5546183566222742,0,3.931016427075975,3.8608606352636112
342,342,0.9553725127999176,510,0,0,0.0,1.058353008607389,1.0109891235542634,1.0370481448121769,0.9986063829166985,0.9853792756959914,1.009875623760096,0.8470149867369593,0.423035857164402,0.423035857164402,0,3.9277954158525166,3.4425069873954603
343,343,1.002638340774061,415,0,0,0.0,1.0452259193354878,1.0152149060491755,1.062817753183669,0.9842999824276124,1.0434259027203387,0.9903176749711242,0.8249123211161004,0.6258002855986439,0.0,0,3.976381896355596,3.615632849046556
344,344,0.999984786274994,415,0,1,3.828641396489095,1.0560442183772183,1.016218495895403,1.0237234977398957,0.985200844275134,1.0590964124242297,1.003916572429902,0.8024695798580879,0.5546183566222742,0.6258002855986439,0,3.9413337083994318,3.559954269222713
345,345,1.0325675221964723,415,0,0,0.0,1.01541722792598,1.0186431550010258,1.0106576058642138,1.007573578755084,1.0383260466098834,1.0006607804515772,0.8249123211161004,0.7536533308455107,0.423035857164402,0,3.8893132015161775,3.780530845053198
346,346,0.9754660547759244,415,0,1,3.713572066704308,1.0057162317424455,0.97330117724734,1.048500236625958,0.9979035478286284,1.0487774016960965,1.0181675188505357,0.7939852844174682,0.7860478795856021,0.423035857164402,0,3.8969791544819685,3.7754201235121063
347,347,0.9523085806942424,510,0,0,0.0,1.0138797039414662,0.9775519190240616,1.0609873445641878,0.99719132727709,1.0480174694388822,1.028868902973444,0.824006498432407,0.7536533308455107,0.5546183566222742,0,3.9468910163769433,3.7572654801201066
348,348,0.9474052700602774,510,0,0,0.0,1.0563633749381989,1.002638340774061,1.0584946232320362,0.9957377918930442,1.042771731453067,1.005164330916258,0.8318363985199613,0.5546183566222742,0.5546183566222742,1,3.9894661281432633,3.5581588202056373
349,349,1.026907518550221,415,0,0,0.0,1.0377233765146634,1.001328241641345,1.0627262144085925,1.0087374499934136,1.038577503156629,1.001328241641345,0.8143937066027327,0.6725029670790563,0.423035857164402,0,3.9534208006826175,3.68389690035516
350,350,1.009875623760096,510,0,0,0.0,1.0548758090396129,0.985200844275134,1.038921065848597,1.0006607804515772,1.0582109353151692,0.9986063829166985,0.8275744235987819,0.5546183566222742,0.423035857164402,0,3.9795822338021614,3.5390863642656836
351,351,0.9860873110883348,415,0,0,0.0,1.0296317282856953,1.0063829237830022,1.0367557665616325,1.0032813507727991,1.0298582435392996,1.0167128902475082,0.8183653079108115,0.7063950542796786,0.5546183566222742,0,3.9146110462974386,3.732772219082988
352,352,0.9687112141532412,408,0,1,3.4657359027997265,1.0638299413391372,1.0032813507727991,1.0452259193354878,1.003916572429902,1.045062688643987,0.9523085806942424,0.7803646465744236,0.6258002855986439,0.0,0,3.934483195893036,3.5853067894955872
353,353,0.9650147563028656,510,0,1,3.4011973816621555,1.0542131412951734,0.987818703754018,1.0136188501203711,0.996469488897356,1.0329927707949926,1.007573578755084,0.8123395143700564,0.6258002855986439,0.423035857164402,0,3.913164276580593,3.6176620570051017
354,354,1.0296317282856953,415,0,0,0.0,1.0414054507253565,1.015719197900225,1.0660238532369373,0.999984786274994,1.0480685296039305,1.0209555590262906,0.7711646606364143,0.6258002855986439,0.423035857164402,0,3.9266624942026387,3.6624598288001535
355,355,1.002638340774061,510,0,0,0.0,1.0618748437902648,0.9842999824276124,1.0372097959063549,0.9824533207775524,1.0493018690747988,1.0172024688229897,0.7758724080478123,0.6725029670790563,0.0,1,3.9242589168192303,3.6564587391072108
356,356,1.0104353962561965,510,0,0,0.0,1.0296317282856953,0.9979035478286284,1.0707271885716438,1.0063829237830022,1.0411391642197536,1.015719197900225,0.8334834996046646,0.6258002855986439,0.423035857164402,0,3.9749815806817574,3.6458059551104993
357,357,1.0214053992395804,510,0,1,3.332204510175204,1.0610064175721272,1.0240216638573814,1.0292518223263003,1.0019873653802,1.0553989106966315,1.009875623760096,0.8230911610676044,0.7325687477104176,0.423035857164402,0,3.9687483116626634,3.768453400708095
358,358,1.0019873653802,408,0,0,0.0,1.0297451189791813,0.9979035478286284,1.059512794882521,0.9993000568565548,1.0259779888355192,0.9754660547759244,0.824006498432407,0.6725029670790563,0.0,0,3.9392424011296283,3.6451726265401643
359,359,0.9662729529060342,510,0,1,3.4011973816621555,1.0205471835001672,1.0109891235542634,1.0497220266044227,0.9894972828240028,1.0198590055260726,1.004544177148741,0.749760341930018,0.6258002855986439,0.423035857164402,0,3.8398885575606805,3.6308308691256506
360,360,1.0214053992395804,510,0,0,0.0,1.0556150603814114,1.0186431550010258,1.0406619637145555,1.0147055277003714,1.0294421492440202,1.008158792920829,0.825808803625318,0.7063950542796786,0.423035857164402,0,3.951527976965305,3.747902529901905
361,361,0.9919223562990608,408,1,0,0.0,1.033414261241099,1.0069816697157885,1.043057293942215,1.0172024688229897,1.073461784079377,1.0087374499934136,0.7939852844174682,0.7536533308455107,0.5546183566222742,0,3.943918623680159,3.7865749193777027
362,362,0.9942438142135328,510,0,0,0.0,1.022861495288646,1.0120789147763565,1.0532230188714953,1.022730883502586,1.037978076495735,1.0087374499934136,0.7939852844174682,0.6725029670790563,0.6258002855986439,0,3.9080478750733443,3.7160502153514123
363,363,0.9610711304112431,510,0,0,0.0,1.063471166177129,1.002638340774061,1.0211359854708777,1.0147055277003714,1.0421662437495445,1.0152149060491755,0.751725067666227,0.7063950542796786,0.5546183566222742,0,3.878498463063778,3.7389538288032864
364,364,0.98338429212101,415,0,0,0.0,1.0127749992492736,1.0109891235542634,1.0444867626526977,0.9687112141532412,1.0075146914300117,0.9894972828240028,0.8221661298163554,0.6258002855986439,0.423035857164402,0,3.886942583148338,3.594997906130151
365,365,0.9927072832290874,408,0,1,3.1780538303479458,1.0507676331077975,1.0069816697157885,1.0555071174150334,1.005777194524828,1.0553772375975827,0.9886644097649396,0.7964892999116688,0.5546183566222742,0.0,0,3.958141288032083,3.5560416306278304
366,366,1.0006607804515772,408,0,0,0.0,1.0576379998931953,1.0167128902475082,1.061101657295138,1.002638340774061,1.0500895342573795,1.0032813507727991,0.8112944976246211,0.423035857164402,0.423035857164402,1,3.980123689070334,3.4456684389587706
367,367,0.9942438142135328,415,0,0,0.0,1.0593348305656876,1.016218495895403,1.0553121546168802,1.009875623760096,1.0316692430666674,1.0115369245500676,0.8434712343369151,0.5546183566222742,0.423035857164402,1,3.9897874625861505,3.592249400827841
368,368,0.9596963204464736,408,0,0,0.0,1.0314146742296766,1.0019873653802,1.0591760296192412,0.972187368078744,1.011916921096432,0.978566837930225,0.795245662433237,0.7536533308455107,0.5546183566222742,0,3.897753287378587,3.7063949022346794
369,369,0.8102372017222292,415,0,1,3.367295829986474,1.0414938744412832,0.9927072832290874,1.049450606544243,1.0152149060491755,1.038357552575207,0.987818703754018,0.7325687477104176,0.6258002855986439,0.6258002855986439,0,3.861870781271151,3.621541178630925
370,370,1.008158792920829,415,0,0,0.0,1.039508611695625,1.0141909676964709,1.0143974196940293,1.0136711282744777,1.029137264927126,0.9927072832290874,0.8102372017222292,0.6258002855986439,0.0,0,3.893280498039009,3.6463696647986796
371,371,0.9957377918930442,415,0,0,0.0,1.0587363319263423,1.0181675188505357,1.0495741815354585,1.005164330916258,1.0221167468996342,0.996469488897356,0.7939852844174682,0.7063950542796786,0.423035857164402,0,3.924412544778903,3.726196392943828
372,372,0.996469488897356,408,0,0,0.0,1.0208198070053935,0.98338429212101,1.042857585789689,0.9934810060205292,1.0623396212953615,0.9949959866312726,0.7302124673395967,0.5546183566222742,0.0,0,3.8562294814300406,3.5264796413950856
373,373,1.005777194524828,415,0,1,3.1780538303479458,1.0423400506926392,0.9919223562990608,1.0494753485983768,0.9957377918930442,1.0608153100097264,1.009309683677839,0.778890100585339,0.7063950542796786,0.0,0,3.9315208098860808,3.7033648861496227
374,374,0.979563883308144,415,1,0,0.0,1.0376914416485343,1.0104353962561965,1.034246209550648,0.9986063829166985,1.038921065848597,1.009309683677839,0.8342952500710278,0.6258002855986439,0.6258002855986439,1,3.945153967118807,3.6441517484493775
375,375,1.0200434531560645,510,0,1,3.610917912644224,1.0509355736560304,1.004544177148741,1.0387652135428778,1.0167128902475082,1.0581295435829925,1.003916572429902,0.8047572096727953,0.7063950542796786,0.6258002855986439,1,3.9525875404546964,3.7315686941058295
376,376,1.009875623760096,415,0,0,0.0,1.0351313403160722,1.004544177148741,1.044237708534132,0.979563883308144,1.0580275912477506,1.002638340774061,0.816401699882637,0.6725029670790563,0.423035857164402,0,3.953798339980592,3.659249368310002
377,377,0.93826565414555,510,0,1,3.555348061489413,1.0425995426257593,0.97105164486998,1.0573279705090914,1.0087374499934136,1.0315603076979751,1.0115369245500676,0.8592296771622706,0.7860478795856021,0.5546183566222742,0,3.9907174979950963,3.777373898999063
378,378,0.943907056186028,415,0,0,0.0,1.054190881301956,1.0261002420274623,1.0331336821495003,0.9903176749711242,1.0542798545035723,1.0063829237830022,0.805879938962908,0.5546183566222742,0.423035857164402,0,3.9474843569179368,3.577419197403863
379,379,0.9860873110883348,408,0,0,0.0,0.98338429212101,1.0120789147763565,1.0560228590923026,0.9934810060205292,1.0369833285847223,0.9903176749711242,0.7927077628291277,0.7325687477104176,0.6258002855986439,0,3.869098242627163,3.728446343478428
380,380,1.0273061898515887,408,0,0,0.0,0.977654231936904,1.0126152065263214,1.0219841464337474,1.002638340774061,1.0387964255581743,0.958289233840266,0.7393445645824166,0.6258002855986439,0.423035857164402,0,3.7777793685112417,3.599343066739292
381,381,0.9805436220896986,510,0,1,3.5263605246161616,1.00039141791193,0.9662729529060342,1.0683523999583524,1.001328241641345,1.032674190053846,1.0126152065263214,0.7371330092563764,0.6725029670790563,0.6725029670790563,1,3.838551017180505,3.6527193681527574
382,382,0.9824533207775524,510,0,0,0.0,1.0271072628948,1.009309683677839,1.026303318730503,0.9402024588178788,1.0639191701947883,0.9903176749711242,0.7977165865059108,0.7325687477104176,0.6258002855986439,0,3.915046338326002,3.67239856517726
383,383,0.9538597857904456,510,0,0,0.0,1.0579867439406057,1.0063829237830022,1.0319945701735174,1.0063829237830022,1.05067138483246,1.0087374499934136,0.8173889426906868,0.7063950542796786,0.423035857164402,0,3.95804164163727,3.7278983518390967
384,384,1.0240216638573814,510,0,1,3.1780538303479458,1.0275833260642635,1.009875623760096,1.0323892113461453,1.013145908971509,1.049500077110868,1.0115369245500676,0.7645193580620365,0.5546183566222742,0.6258002855986439,0,3.873991972583313,3.589176813903947
385,385,1.0235951562943069,408,0,0,0.0,1.027622788125207,1.0209555590262906,1.033063278524976,1.001328241641345,1.064888661105832,1.016218495895403,0.7727589769680201,0.5546183566222742,0.423035857164402,0,3.8983337047240347,3.593120653185313
386,386,1.0019873653802,408,0,0,0.0,1.0414349440266375,1.003916572429902,1.030790750798266,1.0069816697157885,1.0606425924657448,0.99719132727709,0.8123395143700564,0.6725029670790563,0.5546183566222742,0,3.945207801660705,3.6805925365018366
387,387,1.033623616220411,408,0,0,0.0,1.038702727001753,1.007573578755084,1.0570992195466231,0.9596963204464736,1.01004419746789,0.9986063829166985,0.816401699882637,0.7325687477104176,0.423035857164402,0,3.9222478438989032,3.6984450298286737
388,388,0.9824533207775524,415,0,0,0.0,1.029895892784139,1.0120789147763565,1.03623146123535,0.97105164486998,1.0578434784828656,1.0006607804515772,0.7727589769680201,0.6725029670790563,0.0,0,3.896729809470375,3.65629430717697
389,389,1.0126152065263214,510,0,0,0.0,1.027662218124235,0.9993000568565548,1.0575761685751008,1.0087374499934136,1.0475811247069893,0.99719132727709,0.8318363985199613,0.8293046663001791,0.5546183566222742,0,3.964655909926287,3.834533500427238
390,390,0.9919223562990608,510,0,0,0.0,1.0499918245782085,1.0200434531560645,1.0521871458836192,1.0032813507727991,1.050284320621803,0.98338429212101,0.8102372017222292,0.5546183566222742,0.6258002855986439,0,3.96270049280586,3.561327452672148
391,391,0.9275973506953992,415,0,1,2.833213344056216,1.027464747028562,1.009309683677839,1.0199513148321,1.0104353962561965,1.0203645991836947,0.9934810060205292,0.747757924070225,0.5546183566222742,0.0,0,3.8155385851145818,3.567844442576839
392,392,0.9842999824276124,415,0,0,0.0,1.0453344176589752,1.002638340774061,1.0645210682383204,1.0231649163770178,1.0550726960277623,1.005777194524828,0.8047572096727953,0.5546183566222742,0.0,0,3.969685391597853,3.586198808298181
393,393,1.0332741782140202,510,0,0,0.0,1.0547660487188455,1.0172024688229897,1.046826971803513,0.97330117724734,1.0514593382656887,1.0172024688229897,0.0,0.0,0.423035857164402,0,3.153052358788047,3.0077061148933195
394,394,1.0191143049145188,415,0,0,0.0,1.027858888866354,1.0136711282744777,1.0519536579128106,1.0019873653802,1.0402100975701978,0.9842999824276124,0.8230911610676044,0.6725029670790563,0.423035857164402,0,3.9431138054169668,3.672461443161347
395,395,0.99719132727709,415,1,0,0.0,1.019441481993642,1.0104353962561965,1.0584946232320362,1.0152149060491755,1.0550508628001387,1.001328241641345,0.7914126806490488,0.5546183566222742,0.5546183566222742,1,3.9243996486748656,3.581596900568991
396,396,0.8638627871008836,408,0,0,0.0,1.061044538504302,0.9979035478286284,1.0113185078400546,1.0120789147763565,1.056426930452172,1.0141909676964709,0.7743279928495146,0.6725029670790563,0.423035857164402,0,3.903117969646043,3.6966763973805126
397,397,1.031850253219713,415,1,0,0.0,1.0300461961841023,1.0109891235542634,1.038357552575207,0.97105164486998,1.0381365648606882,1.0115369245500676,0.8112944976246211,0.7860478795856021,0.5546183566222742,0,3.9178348112446186,3.779625572559913
398,398,0.9979035478286284,415,0,1,3.610917912644224,1.0378508992433866,1.0209555590262906,1.0378190510172471,1.003916572429902,1.017590721921206,0.9894972828240028,0.7711646606364143,0.6725029670790563,0.5546183566222742,0,3.864425332818254,3.686872381359252
399,399,1.0252793777568705,415,0,0,0.0,1.037467287667757,0.9979035478286284,1.0635970775253114,0.98338429212101,1.0384205010347205,1.013145908971509,0.819331006683021,0.6258002855986439,0.5546183566222742,0,3.9588158729108103,3.620234034519791
400,400,0.9993000568565548,415,0,0,0.0,1.036723167767421,0.996469488897356,1.05509451851203,1.008158792920829,0.9841180448428272,0.9993000568565548,0.7627869824840867,0.5546183566222742,0.423035857164402,0,3.838722713606365,3.5585466952970144
401,401,1.016218495895403,415,0,1,3.367295829986474,1.0565959658270785,1.005164330916258,1.05067138483246,0.9949959866312726,1.05670128506176,1.0147055277003714,0.7627869824840867,0.7063950542796786,0.423035857164402,0,3.926755618205385,3.721260899527581
402,402,0.9979035478286284,415,1,0,0.0,1.0486516277295643,0.9687112141532412,1.0461932670132652,1.0141909676964709,1.0498448620527454,1.0087374499934136,0.8609990551217062,0.7063950542796786,0.423035857164402,1,4.005688811917281,3.698034686122804
403,403,1.008158792920829,415,1,1,3.295836866004329,1.0487271340111737,1.022730883502586,1.0258963161813488,1.009309683677839,1.0623765888849022,0.9842999824276124,0.7900996062387244,0.6258002855986439,0.0,0,3.927099645316149,3.6421408352066806
404,404,0.987818703754018,510,0,0,0.0,1.0458998532090122,1.0006607804515772,1.0295938720473996,1.001328241641345,1.0590964124242297,0.9894972828240028,0.824006498432407,0.8202862443392709,0.0,0,3.958596636113049,3.811772549256196
405,405,0.93826565414555,415,0,0,0.0,1.0312320080475197,0.9743938320833514,1.0171537252183895,0.98338429212101,1.0587564142649448,0.9842999824276124,0.8112944976246211,0.7063950542796786,0.423035857164402,0,3.918436645155475,3.6484731609116525
406,406,1.0218511892271116,415,0,1,3.4657359027997265,1.0249054426520634,0.9942438142135328,1.053359337835043,0.97330117724734,1.0513170979818531,1.0141909676964709,0.8143937066027327,0.7063950542796786,0.5546183566222742,0,3.9439755850716924,3.688131013437022
407,407,1.0248637173933617,408,0,1,3.218875824868201,1.040300822347605,0.9775519190240616,1.0499184031564,1.0120789147763565,1.052972014150885,1.022730883502586,0.816401699882637,0.7063950542796786,0.423035857164402,0,3.959592939537527,3.7187567715826826
408,408,1.013145908971509,415,0,1,3.295836866004329,1.0352660591273697,1.0109891235542634,1.0440430625379118,1.0167128902475082,1.0348946564785717,1.001328241641345,0.7939852844174682,0.7063950542796786,0.7063950542796786,1,3.9081890625613216,3.7354253097227956
409,409,1.0421952569460855,408,0,1,2.8903717578961645,1.016218495895403,1.003916572429902,1.0449808548191069,0.9886644097649396,1.0455776031406427,1.0186431550010258,0.8230911610676044,0.6258002855986439,0.423035857164402,0,3.9298681149227574,3.637024422794511
410,410,0.9815065955444632,415,0,0,0.0,1.043707455716753,0.9986063829166985,1.062117150381431,1.0032813507727991,1.0261815742406322,0.9934810060205292,0.8434712343369151,0.7711646606364143,0.6258002855986439,0,3.9754774146757317,3.766533400346441
411,411,0.9698932078063358,408,0,0,0.0,1.0359339587402778,1.0032813507727991,1.0454966847509102,1.0006607804515772,1.0543020700169443,0.9957377918930442,0.7874176770111411,0.7711646606364143,0.5546183566222742,0,3.9231503905192735,3.770844583753835
412,412,0.912001235290911,415,0,1,3.4339872044851463,1.0487774016960965,0.9824533207775524,1.0478639435220942,0.9927072832290874,1.0511744057236203,1.005164330916258,0.7457165247157388,0.6258002855986439,0.0,0,3.89353227565755,3.6061252205215415
413,413,0.967504775196054,408,1,1,3.4011973816621555,1.059552244283973,1.0104353962561965,1.0483736899640017,0.9986063829166985,1.0076323991349174,0.9894972828240028,0.8374666287558015,0.8202862443392709,0.0,1,3.9530249621386933,3.818825306336169
414,414,1.026907518550221,510,0,1,2.70805020110221,0.9983263606049024,1.022292995628416,1.0424267099056757,0.9805436220896986,1.0256504750475106,0.9911259244279969,0.8609990551217062,0.7063950542796786,0.423035857164402,0,3.9274026006797946,3.7003575964257895
415,415,0.999984786274994,510,0,0,0.0,1.0014607272429872,1.002638340774061,1.067013744663036,0.9942438142135328,1.039045374929264,1.0141909676964709,0.7645193580620365,0.423035857164402,0.5546183566222742,0,3.8720392048973236,3.434108979848467
416,416,0.9934810060205292,415,0,0,0.0,1.0343834629215896,0.99719132727709,1.0505749302683174,1.002638340774061,1.034826814838484,1.0019873653802,0.8284438879783939,0.6258002855986439,0.423035857164402,0,3.9482290960067847,3.6276173190299947
417,417,0.93826565414555,408,0,0,0.0,1.0449808548191069,1.0006607804515772,1.0291754809333138,1.005164330916258,1.0107130080436912,0.99719132727709,0.7860478795856021,0.6258002855986439,0.6258002855986439,0,3.870917223381714,3.628816724243569
418,418,1.009875623760096,415,0,0,0.0,1.058655910393008,1.007573578755084,1.0294421492440202,1.003916572429902,1.0195345679998062,0.9957377918930442,0.816401699882637,0.5546183566222742,0.423035857164402,0,3.924034327519472,3.5618462997003038
419,419,0.9942438142135328,510,0,0,0.0,0.9817922962570672,0.9927072832290874,1.0319945701735174,0.9894972828240028,1.054034748688777,0.9842999824276124,0.7743279928495146,0.6258002855986439,0.6725029670790563,1,3.842149607968876,3.5923048340793464
420,420,1.0152149060491755,408,0,1,3.332204510175204,1.0570783649657534,0.9911259244279969,1.0516482934705569,1.008158792920829,1.0414644185912862,1.015719197900225,0.7887680926690985,0.7063950542796786,0.7536533308455107,0,3.9389591696966946,3.7213989695287295
421,421,0.9687112141532412,408,0,0,0.0,0.9456806436315238,1.007573578755084,1.0282108982906202,0.9824533207775524,1.0288304436016882,0.9986063829166985,0.7964892999116688,0.7325687477104176,0.5546183566222742,0,3.7992112854355016,3.7212020301597524
422,422,1.0369833285847223,408,0,0,0.0,0.9497420329394696,1.0167128902475082,1.034246209550648,0.9957377918930442,1.0326031046303406,1.0069816697157885,0.8047572096727953,0.7711646606364143,0.5546183566222742,0,3.821348556793253,3.790597012492755
423,423,0.912001235290911,510,0,0,0.0,1.051222020193135,0.9942438142135328,1.039045374929264,1.002638340774061,1.041816659873556,1.0209555590262906,0.8249123211161004,0.6258002855986439,0.0,0,3.9569963761120555,3.6436379996125283
424,424,0.9474052700602774,415,0,0,0.0,1.0166143994178054,1.020501600316601,1.030494310833403,1.0248637173933617,1.0439872977566385,0.9805436220896986,0.7803646465744236,0.6725029670790563,0.5546183566222742,0,3.871460654582271,3.698411906878718
425,425,1.002638340774061,510,1,0,0.0,0.977037572419966,1.0087374499934136,1.0717032456354838,1.0115369245500676,1.045604544177902,1.0019873653802,0.8212312206090928,0.7860478795856021,0.0,0,3.9155765828424443,3.8083096195092834
426,426,0.9490833369538014,415,0,1,3.6375861597263857,1.0327451697938033,0.985200844275134,1.0450354269275155,1.003916572429902,1.0523034349406022,0.9934810060205292,0.7678971825427153,0.6725029670790563,0.5546183566222742,0,3.8979812142046364,3.6551013898046216
427,427,0.985200844275134,415,0,0,0.0,1.0325675221964723,1.009875623760096,1.0492024381824958,0.9949959866312726,1.0526274457400684,0.9743938320833514,0.747757924070225,0.6258002855986439,0.5546183566222742,0,3.882155330189261,3.6050657280733636
428,428,1.001328241641345,415,0,1,3.6635616461296463,1.0478383053375802,0.9687112141532412,1.0569321058514107,1.005164330916258,1.046272962986625,0.9815065955444632,0.8069890155045473,0.7063950542796786,0.5546183566222742,0,3.9580323896801626,3.661777194893641
429,429,1.0167128902475082,415,0,1,3.610917912644224,1.044541925139165,1.0126152065263214,0.9405828392587124,0.9860873110883348,1.0170560957706944,1.005164330916258,0.7176087310418087,0.6258002855986439,0.423035857164402,0,3.7197895912103807,3.629667134129558
430,430,1.0424843926306362,408,0,0,0.0,0.9513586369493776,1.0032813507727991,1.0624504294613584,1.022730883502586,1.0490528807508746,0.9934810060205292,0.8649797175440861,0.423035857164402,0.423035857164402,0,3.9278416647056966,3.4425290974603167
431,431,1.0181675188505357,415,0,1,3.713572066704308,1.0354003956610682,0.9942438142135328,1.0259779888355192,1.008158792920829,1.0432844785521025,0.9979035478286284,0.8374666287558015,0.7325687477104176,0.423035857164402,0,3.942129491804491,3.732874902673408
432,432,1.0413168581813366,415,0,1,3.1354942159291497,1.0337973780240426,0.9979035478286284,1.039200297986071,0.99719132727709,1.0147055277003714,1.003916572429902,0.778890100585339,0.6258002855986439,0.0,0,3.866593304295824,3.624811733134264
433,433,0.9662729529060342,408,0,0,0.0,1.00745573701963,1.0104353962561965,1.0485759953977756,1.0167128902475082,1.0488025146307065,0.99719132727709,0.7977165865059108,0.6258002855986439,0.5546183566222742,0,3.902550833554023,3.6501398993794383
434,434,0.9490833369538014,408,0,1,3.367295829986474,1.0241488972044337,0.9986063829166985,1.034314885822944,1.007573578755084,1.0107130080436912,0.9911259244279969,0.7678971825427153,0.5546183566222742,0.423035857164402,0,3.837073973613784,3.5519242427220536
435,435,1.028482925863037,415,1,1,3.044522437723423,1.0535630382084298,1.0141909676964709,1.0570157419251829,0.9986063829166985,1.0594140152873344,0.987818703754018,0.839008674512346,0.6258002855986439,0.7860478795856021,1,4.009001469933293,3.6264163399658313
436,436,0.9993000568565548,510,0,1,3.332204510175204,1.018879285862942,1.0063829237830022,1.0560655673466603,0.9957377918930442,1.0599643256494355,1.0115369245500676,0.819331006683021,0.6258002855986439,0.423035857164402,0,3.954240185542059,3.639457925824758
437,437,0.9148633202485028,415,0,1,3.4657359027997265,1.0027029972499513,0.9596963204464736,1.0555071174150334,1.0006607804515772,1.057348707235746,1.019581045851613,0.7302124673395967,0.6258002855986439,0.0,0,3.8457712892403273,3.6057384323483075
438,438,1.0147055277003714,408,0,1,3.4657359027997265,1.0534726195817574,0.97105164486998,1.0457121499905075,1.0126152065263214,1.043256141591183,0.9919223562990608,0.8001236021366125,0.7063950542796786,0.6725029670790563,0,3.94256451330006,3.6819842619750407
439,439,1.009309683677839,415,0,0,0.0,1.0359339587402778,0.9650147563028656,1.0392312210766217,1.007573578755084,1.0310486435814583,1.005164330916258,0.7695443153937457,0.6258002855986439,0.6725029670790563,1,3.8757581387921034,3.603552951572851
440,440,0.943907056186028,510,0,0,0.0,1.06372262211004,1.009875623760096,1.0579663060315367,0.99719132727709,1.0420209043718938,0.9957377918930442,0.8013040485562493,0.6725029670790563,0.6258002855986439,1,3.9650138810697197,3.675307710009286
441,441,0.9687112141532412,510,1,0,0.0,0.9862629139022996,1.004544177148741,1.043028817050272,1.0273061898515887,1.007573578755084,1.002638340774061,0.8001236021366125,0.7325687477104176,0.5546183566222742,0,3.8369889118442684,3.7670574554848084
442,442,0.97330117724734,415,0,0,0.0,1.0271869314185005,0.987818703754018,1.058170258315182,0.9986063829166985,1.0275043055641846,1.0069816697157885,0.8266961159266517,0.7325687477104176,0.5546183566222742,0,3.9395576112245188,3.7259755040969225
443,443,0.9824533207775524,415,0,1,3.258096538021482,1.0426570102260215,0.9911259244279969,1.0141392229642456,1.004544177148741,1.0368208965563384,0.98338429212101,0.8301569118312014,0.5546183566222742,0.5546183566222742,0,3.923774041577807,3.5336727503200223
444,444,1.015719197900225,408,0,0,0.0,1.0313051580395565,0.985200844275134,1.0664461050350449,0.99719132727709,1.0511028892720695,1.0141909676964709,0.8202862443392709,0.6725029670790563,0.0,0,3.9691403966859418,3.669086106327751
445,445,0.9650147563028656,408,0,1,3.044522437723423,1.042628285358523,1.0087374499934136,1.0478383053375802,0.9949959866312726,1.053359337835043,0.99719132727709,0.7927077628291277,0.5546183566222742,0.423035857164402,0,3.9365336913602738,3.5555431205240504
446,446,0.9824533207775524,408,0,0,0.0,1.0363630850581809,0.999984786274994,1.0565326534037107,0.9986063829166985,1.0578844591671428,1.015719197900225,0.7758724080478123,0.7063950542796786,0.5546183566222742,1,3.9266526056768463,3.720705421371596
447,447,1.0167128902475082,415,0,0,0.0,1.0199513148321,1.0006607804515772,1.022160868083517,1.002638340774061,1.0671792689579458,1.0136711282744777,0.7662224715044368,0.7325687477104176,0.5546183566222742,0,3.875513923378,3.749538997210534
448,448,0.958289233840266,408,0,1,2.9444389791664403,1.0264247598676317,1.0069816697157885,1.0674756006305692,0.9911259244279969,1.0378508992433866,1.0191143049145188,0.7574051097683623,0.7536533308455107,0.0,0,3.8891563695099496,3.7708752299038153
449,449,1.0019873653802,408,0,1,3.367295829986474,1.0443762385517166,0.9942438142135328,1.059215783945064,1.0120789147763565,1.035900786920554,1.003916572429902,0.7874176770111411,0.7063950542796786,0.423035857164402,0,3.9269104864284756,3.71663435569947
450,450,1.0019873653802,415,0,0,0.0,1.02593716959611,1.0063829237830022,1.001526845469184,1.0063829237830022,1.0520238321758455,0.9903176749711242,0.8091673682554217,0.7063950542796786,0.423035857164402,0,3.8886552154965615,3.709478576816807
451,451,0.9743938320833514,415,0,1,3.4011973816621555,1.051695408185373,1.005164330916258,1.0578434784828656,0.9911259244279969,1.0521871458836192,1.0136711282744777,0.7711646606364143,0.423035857164402,0.5546183566222742,0,3.932890693188272,3.4329972407831346
452,452,1.0006607804515772,510,0,0,0.0,1.0471405516887569,0.9842999824276124,1.0410203227048376,1.002638340774061,1.015719197900225,1.003916572429902,0.6972029660970256,0.6725029670790563,0.6258002855986439,0,3.8010830383908445,3.6633578627106322
453,453,0.9919223562990608,510,1,0,0.0,1.048424351022507,0.9815065955444632,1.040781723904435,1.0126152065263214,1.0265458990419931,1.001328241641345,0.6557875773650585,0.7536533308455107,0.5546183566222742,0,3.7715395513339938,3.7491033745576408
454,454,1.007573578755084,510,0,0,0.0,1.064591328940531,0.9942438142135328,1.0317054998746131,1.0032813507727991,1.0252379702797614,0.9934810060205292,0.7989278990573876,0.7325687477104176,0.5546183566222742,0,3.920462698152293,3.723574918717279
455,455,1.020501600316601,408,1,1,3.49650756146648,1.0496974193523043,1.022292995628416,1.0593546401965996,1.0019873653802,1.0346227055761077,1.007573578755084,0.8477057939488672,0.6725029670790563,0.5546183566222742,1,3.9913805590738782,3.704356906842756
456,456,0.9553725127999176,510,0,0,0.0,1.0387339806992983,1.007573578755084,1.0433127981109744,0.9934810060205292,1.040481743319358,1.0136711282744777,0.8024695798580879,0.5546183566222742,0.423035857164402,0,3.924998101987719,3.569344069672365
457,457,1.04011919575166,415,0,1,3.295836866004329,0.9827342444199008,1.0069816697157885,1.0374030468039463,1.0120789147763565,1.0651666336936585,0.9957377918930442,0.8412698102311928,0.6258002855986439,0.5546183566222742,0,3.9265737351486982,3.640598661983833
458,458,0.943907056186028,415,1,0,0.0,0.970243173162024,0.99719132727709,1.0613104528659707,0.9894972828240028,1.023035107569892,1.007573578755084,0.8080847309801162,0.6258002855986439,0.423035857164402,0,3.8626734645780028,3.6200624744548207
459,459,0.972187368078744,408,0,1,3.4657359027997265,1.0515066517122882,0.9942438142135328,1.0559801095390904,1.008158792920829,1.0340050577700552,1.016218495895403,0.7860478795856021,0.423035857164402,0.6258002855986439,0,3.927539698607036,3.441656960194167
460,460,1.0109891235542634,415,0,1,3.610917912644224,1.067459191784088,0.9957377918930442,1.0442654479603934,0.9949959866312726,1.0393547092033288,1.005777194524828,0.839008674512346,0.5546183566222742,0.423035857164402,0,3.9900880234601566,3.5511293296714195
461,461,0.99719132727709,415,0,0,0.0,1.0447070161063412,0.9824533207775524,1.051079025139287,1.0136711282744777,1.0488025146307065,0.987818703754018,0.8350993109078182,0.7325687477104176,0.6258002855986439,0,3.979687866784153,3.716511900516466
462,462,1.0087374499934136,408,0,0,0.0,1.027622788125207,1.009875623760096,1.0382629710766498,0.9979035478286284,1.0235951562943069,1.0136711282744777,0.8173889426906868,0.6725029670790563,0.5546183566222742,0,3.90686985818685,3.693953266942259
463,463,0.9957377918930442,408,0,1,3.4339872044851463,1.0394471115475157,0.9842999824276124,1.0517659875844012,0.9993000568565548,1.0253207502000616,1.016218495895403,0.7662224715044368,0.6258002855986439,0.423035857164402,0,3.8827563208364153,3.625618820778214
464,464,0.9805436220896986,408,0,1,3.091042453358316,1.0403310247076063,1.007573578755084,1.071390377931204,0.9927072832290874,1.040481743319358,1.0136711282744777,0.8549416565973462,0.6725029670790563,0.423035857164402,0,4.007144802555515,3.6864549573377055
465,465,1.0104353962561965,415,0,0,0.0,1.0467219638044187,1.0280938456756414,1.073190501745838,1.0104353962561965,1.0554422251106146,1.0120789147763565,0.761024447518017,0.5546183566222742,0.423035857164402,1,3.9363791381788884,3.605226513330469
466,466,1.0353332750537292,415,0,1,3.258096538021482,1.0502113743438826,0.985200844275134,1.0392621237186837,1.013145908971509,1.0280156532119589,0.9957377918930442,0.8013040485562493,0.6258002855986439,0.6258002855986439,0,3.9187931998307746,3.619884830738331
467,467,1.005164330916258,415,0,0,0.0,1.0329927707949926,1.008158792920829,1.029782856679349,0.9957377918930442,1.0346227055761077,1.0126152065263214,0.8069890155045473,0.7711646606364143,0.423035857164402,0,3.9043873485549967,3.787676451976609
468,468,1.0332741782140202,408,0,0,0.0,1.0278981274978605,0.98338429212101,1.0422242519655407,0.9979035478286284,1.0677372847731057,0.9979035478286284,0.8024695798580879,0.5546183566222742,0.423035857164402,0,3.9403292440945945,3.533809744400541
469,469,1.005164330916258,510,0,0,0.0,1.052811546147184,1.0181675188505357,1.0646088761752746,0.99719132727709,1.039477871746589,0.9869597981852865,0.7964892999116688,0.7325687477104176,0.0,1,3.9533875939807164,3.73488739202333
470,470,1.0087374499934136,408,0,0,0.0,0.9614774793908322,1.003916572429902,1.033168845010772,1.016218495895403,1.0443762385517166,1.007573578755084,0.8013040485562493,0.7063950542796786,0.423035857164402,0,3.8403266115095698,3.7341037013600675
471,471,0.9957377918930442,408,1,0,0.0,1.0498693890742288,1.0006607804515772,1.0452259193354878,1.0209555590262906,1.0483736899640017,1.0292518223263003,0.7773928950827131,0.6725029670790563,0.423035857164402,0,3.9208618934564314,3.7233711288832243
472,472,1.0109891235542634,415,0,0,0.0,1.0348607477947986,0.9919223562990608,0.9661483369204136,0.9927072832290874,1.0380415361076007,1.016218495895403,0.761024447518017,0.7711646606364143,0.423035857164402,0,3.8000750683408304,3.772012796059965
473,473,1.008158792920829,408,0,0,0.0,1.0491526406294132,1.005777194524828,1.0657855572293762,0.9934810060205292,1.030975101170884,1.0087374499934136,0.8133725028259741,0.6725029670790563,0.5546183566222742,0,3.959285801855647,3.680498617617827
474,474,0.99719132727709,510,0,0,0.0,1.037080519485866,0.9919223562990608,0.9981857953814872,1.0167128902475082,1.0461400590025884,1.0069816697157885,0.7939852844174682,0.423035857164402,0.5546183566222742,0,3.87539165828741,3.4386527734267593
475,475,0.9894972828240028,510,0,1,3.4011973816621555,1.0461400590025884,1.009309683677839,1.0571617241125104,1.022292995628416,1.034758875979825,0.99719132727709,0.7927077628291277,0.7063950542796786,0.5546183566222742,0,3.9307684219240517,3.7351890608630236
476,476,0.9957377918930442,415,0,0,0.0,1.045739011945524,1.022730883502586,1.032174356376246,0.9903176749711242,1.06029508817832,1.005164330916258,0.8249123211161004,0.7325687477104176,0.5546183566222742,0,3.96312077761619,3.7507816371003857
477,477,0.9934810060205292,408,0,1,3.367295829986474,1.0282498530608313,0.9993000568565548,1.0286376865168383,1.0006607804515772,1.05632095371884,1.008158792920829,0.0,0.0,0.423035857164402,0,3.1132084932965096,3.0081196302289612
478,478,1.016218495895403,510,0,0,0.0,1.0305685924115433,0.978566837930225,1.019441481993642,0.9869597981852865,1.0423111281715476,1.001328241641345,0.7939852844174682,0.6725029670790563,0.6258002855986439,0,3.8863064869942017,3.6393578448359127
479,479,0.9911259244279969,415,0,0,0.0,1.0311220734769209,0.987818703754018,1.03428056010004,1.0181675188505357,1.0341774338397145,1.0032813507727991,0.8230911610676044,0.7063950542796786,0.423035857164402,0,3.9226712284842797,3.7156626276570313
480,480,0.98338429212101,510,0,1,3.8501476017100575,1.047940771359537,0.9698932078063358,1.0444315338394092,1.009309683677839,1.0556150603814114,1.0172024688229897,0.7887680926690985,0.7325687477104176,0.0,0,3.936755458249456,3.7289741080175824
481,481,1.003916572429902,510,0,0,0.0,1.0042940385519423,0.9949959866312726,1.0554422251106146,0.985200844275134,1.0351650559672234,1.0235951562943069,0.7874176770111411,0.6725029670790563,0.5546183566222742,0,3.882318996640921,3.6762949542797703
482,482,0.9698932078063358,415,1,0,0.0,1.031378196620574,0.9927072832290874,1.043482351124484,0.9842999824276124,1.0150117703608976,1.005777194524828,0.8366848759673883,0.7325687477104176,0.0,1,3.926557194073344,3.7153532078919453
483,483,1.0248637173933617,510,0,0,0.0,1.0449535443914415,1.008158792920829,1.0335539334655686,1.005164330916258,1.0252379702797614,0.979563883308144,0.6939710885058578,0.6725029670790563,0.423035857164402,0,3.797716536642629,3.6653899742242873
484,484,0.958289233840266,415,0,0,0.0,0.9643754425029958,0.9993000568565548,1.059473309832885,1.019581045851613,1.0550726960277623,1.0181675188505357,0.816401699882637,0.7325687477104176,0.6258002855986439,0,3.8953231482462805,3.7696173692691213
485,485,1.009875623760096,415,0,0,0.0,1.0714650821112892,0.985200844275134,1.047529513507924,1.008158792920829,1.0593744408554937,1.0200434531560645,0.8266961159266517,0.7711646606364143,0.5546183566222742,1,4.005065152401358,3.7845677509884417
486,486,1.0186431550010258,415,0,0,0.0,1.0233805066343973,1.0136711282744777,1.063936993797671,1.005777194524828,1.0188321489445942,1.0006607804515772,0.8301569118312014,0.7711646606364143,0.0,0,3.936306561207864,3.7912737638872973
487,487,0.9058944834171676,415,0,0,0.0,1.0406619637145555,0.9986063829166985,1.056001489482676,0.9927072832290874,1.046563996986828,1.016218495895403,0.805879938962908,0.7063950542796786,0.0,0,3.9491073891469672,3.7139272163208674
488,488,0.9957377918930442,415,0,0,0.0,1.0423978415388635,0.9903176749711242,1.0293280431865213,0.9869597981852865,1.0656316630014335,0.967504775196054,0.8266961159266517,0.6258002855986439,0.423035857164402,0,3.96405366365347,3.5705825339511086
489,489,1.0280938456756414,510,0,0,0.0,1.0301586166553425,1.007573578755084,1.0526274457400684,1.013145908971509,1.0429718105027068,1.0240216638573814,0.7662224715044368,0.7325687477104176,0.6725029670790563,0,3.8919803444025547,3.777309899294392
490,490,0.93826565414555,408,0,1,3.6375861597263857,1.0540794139427927,1.0087374499934136,1.049893902770984,1.0115369245500676,1.04105006159986,1.002638340774061,0.7592308162427008,0.423035857164402,0.5546183566222742,0,3.904254194556337,3.4459485724819445
491,491,0.9507170793714552,510,0,1,3.784189633918261,1.03566792986984,1.009309683677839,1.044237708534132,0.972187368078744,1.052558212160132,0.999984786274994,0.7711646606364143,0.7063950542796786,0.423035857164402,0,3.903628511200518,3.6878768923112557
492,492,1.028868902973444,510,0,0,0.0,1.0428861684705877,1.0069816697157885,1.029480124708802,0.999984786274994,1.024780160060451,1.0006607804515772,0.816401699882637,0.7325687477104176,0.423035857164402,0,3.913548153122478,3.740195984152777
493,493,1.0087374499934136,415,1,0,0.0,1.064643949153839,0.9869597981852865,1.0408713420527342,0.9957377918930442,1.0597489586497466,0.996469488897356,0.8412698102311928,0.6725029670790563,0.0,1,4.006534060087512,3.6516700460547433
494,494,1.0325675221964723,415,0,0,0.0,1.0416995432195997,0.9949959866312726,1.0424555602626822,0.9934810060205292,1.0600423781271575,1.0147055277003714,0.8275744235987819,0.6725029670790563,0.423035857164402,0,3.9717719052082217,3.67568548743123
495,495,1.0172024688229897,510,0,0,0.0,1.01541722792598,0.9942438142135328,1.0251965277140376,1.009309683677839,1.030382672860129,1.0063829237830022,0.815403362323621,0.6258002855986439,0.423035857164402,0,3.8863997908237673,3.635736707273018
496,496,1.0172024688229897,415,0,0,0.0,1.0319945701735174,1.0087374499934136,1.0495741815354585,1.0167128902475082,1.0561295524543304,0.9860873110883348,0.7093036193744068,0.5546183566222742,0.0,0,3.847001923537713,3.5661560079515313
497,497,1.0006607804515772,510,0,0,0.0,1.0253620876639082,0.996469488897356,1.051055148327961,1.022292995628416,1.0255270888130013,0.9805436220896986,0.8358958109502946,0.6725029670790563,0.6258002855986439,0,3.9378401357551653,3.6718090736945275
498,498,0.9993000568565548,408,1,1,3.6375861597263857,1.0494753485983768,1.008158792920829,1.039906399417967,1.0019873653802,1.0455776031406427,0.9894972828240028,0.6763544873893824,0.5546183566222742,0.0,1,3.811313838546369,3.554261797747306
499,499,0.9934810060205292,510,0,0,0.0,1.0575967886756588,1.005777194524828,1.0317417292556843,1.003916572429902,1.056172157784209,0.987818703754018,0.761024447518017,0.5546183566222742,0.6725029670790563,0,3.906535123233569,3.5521308273310224
500,500,1.0006607804515772,415,0,0,0.0,1.010268104753106,1.0136711282744777,1.0488526987556652,1.008158792920829,1.0285216624571625,0.9842999824276124,0.7436347908732243,0.7063950542796786,0.423035857164402,0,3.831277256839158,3.712524957902598
501,501,0.9842999824276124,415,0,0,0.0,1.0657172281104,1.0167128902475082,1.051055148327961,0.99719132727709,1.0470623588628805,1.0209555590262906,0.8350993109078182,0.6725029670790563,0.0,1,3.99893404620906,3.707362743629946
502,502,1.0235951562943069,408,0,0,0.0,1.042714406447232,1.0069816697157885,1.0352996790210385,1.0019873653802,1.05067138483246,0.9979035478286284,0.8366848759673883,0.6725029670790563,0.0,0,3.9653703462681187,3.679375550003674
503,503,1.03465678484363,415,0,0,0.0,1.0031533774232102,1.009875623760096,1.051836456063146,0.9775519190240616,1.0423689551414588,0.9993000568565548,0.7927077628291277,0.5546183566222742,0.0,0,3.8900665514569432,3.5413459562629868
504,504,0.9765185323813282,408,0,1,3.1354942159291497,0.9899090175572705,1.0006607804515772,1.0640437807131164,0.9986063829166985,1.0382629710766498,1.0109891235542634,0.7003483207827342,0.6725029670790563,0.6258002855986439,0,3.792564090129771,3.6827592540015957
505,505,1.0152149060491755,415,0,1,3.555348061489413,1.026262771008648,1.005164330916258,0.9955163232783132,1.004544177148741,1.0494258509347398,0.996469488897356,0.8490701763260848,0.6725029670790563,0.5546183566222742,0,3.9202751215477862,3.678680964041411
506,506,0.9275973506953992,408,0,0,0.0,1.0375955065726628,1.0186431550010258,1.050550784298696,0.9934810060205292,1.0668642209684327,1.003916572429902,0.8080847309801162,0.7325687477104176,0.5546183566222742,0,3.963095242819908,3.748609481161875
507,507,1.0141909676964709,510,0,1,3.332204510175204,1.0290607420747309,0.9911259244279969,1.0424843926306362,0.9815065955444632,1.0576585910269412,0.9986063829166985,0.8013040485562493,0.7536533308455107,0.7063950542796786,0,3.9305077742885577,3.7248922337346695
508,508,0.972187368078744,408,0,1,2.995732273553991,1.0382945194524773,1.0063829237830022,1.0179279937525545,0.99719132727709,1.053540450739518,1.013145908971509,0.7627869824840867,0.6258002855986439,0.0,0,3.8725499464286366,3.642520445630245
509,509,0.8293046663001791,415,0,1,3.4657359027997265,1.0594337890753114,0.9986063829166985,1.0267471303835782,0.9993000568565548,1.0582312596858272,1.0126152065263214,0.8284438879783939,0.423035857164402,0.423035857164402,0,3.972856067123111,3.4335575034639767
510,510,1.0063829237830022,415,0,0,0.0,1.0184534432817234,0.9903176749711242,1.0209555590262906,1.0109891235542634,1.0470362647247664,1.0104353962561965,0.8143937066027327,0.5546183566222742,0.0,0,3.9008389736355134,3.566360551403858
511,511,0.9824533207775524,408,0,0,0.0,1.033379279084071,1.0141909676964709,1.0437635603848927,1.0063829237830022,1.0464848079606592,1.003916572429902,0.7964892999116688,0.6258002855986439,0.423035857164402,0,3.920116947341292,3.650290749508019
512,512,0.9903176749711242,415,0,0,0.0,1.042771731453067,0.99719132727709,1.0470101556288598,0.9903176749711242,1.0384519435813513,0.99719132727709,0.8102372017222292,0.8293046663001791,0.0,0,3.9384710323855066,3.814004995825483
513,513,0.9523085806942424,415,0,0,0.0,1.0478639435220942,0.9869597981852865,1.0593942325498984,0.9979035478286284,1.0540794139427927,1.0181675188505357,0.8490701763260848,0.7536533308455107,0.0,0,4.01040776634087,3.756684195709961
514,514,1.009309683677839,510,0,1,3.218875824868201,1.045685272253405,1.0109891235542634,1.0492521809605004,1.0019873653802,1.0483990275686097,0.9993000568565548,0.8374666287558015,0.6725029670790563,0.423035857164402,0,3.980803109538316,3.684779512870075
515,515,0.9538597857904456,415,0,1,3.1354942159291497,1.0569111720094466,1.009875623760096,1.0375955065726628,1.0019873653802,1.0309014459268222,1.0261002420274623,0.778890100585339,0.6725029670790563,0.6258002855986439,0,3.904298225094271,3.710466198246815
516,516,0.9942438142135328,415,0,0,0.0,1.0419043035236824,0.996469488897356,1.017975990561897,1.0176873172212282,1.0298582435392996,1.0167128902475082,0.7627869824840867,0.7063950542796786,0.423035857164402,0,3.852525520108966,3.737264750645771
517,517,1.019581045851613,415,0,1,3.688879454113936,0.977654231936904,1.0152149060491755,1.0034727271398167,1.0218511892271116,1.005655197466897,0.9986063829166985,0.7874176770111411,0.6725029670790563,0.0,0,3.774199833554759,3.708175445272042
518,518,0.9869597981852865,408,0,0,0.0,1.0587162403776835,1.0006607804515772,1.0470362647247664,0.9507170793714552,1.057699744386227,0.9903176749711242,0.7325687477104176,0.6258002855986439,0.6258002855986439,1,3.896020997199095,3.5674958203928004
519,519,1.0235951562943069,415,0,0,0.0,1.0531091007454727,0.9886644097649396,1.0578024595425084,1.0191143049145188,1.0046065251252263,1.009309683677839,0.815403362323621,0.6725029670790563,0.5546183566222742,0,3.9309214477368286,3.689591365436354
520,520,1.005777194524828,408,0,0,0.0,1.047761303856438,1.002638340774061,1.0455236734444504,0.9568484637059635,1.0381681983745397,0.9979035478286284,0.7927077628291277,0.7325687477104176,0.423035857164402,0,3.9241609385045555,3.689959100019071
521,521,0.9934810060205292,415,0,1,3.1354942159291497,1.0591362391326336,0.97330117724734,1.004793123651491,1.0115369245500676,1.0463790083690905,1.008158792920829,0.778890100585339,0.6258002855986439,0.6258002855986439,0,3.8891984717385535,3.618797180316881
522,522,0.999984786274994,510,0,1,3.4657359027997265,1.0393238677571432,1.0172024688229897,1.0429147334695923,1.0063829237830022,1.0382945194524773,0.9979035478286284,0.8047572096727953,0.7063950542796786,0.423035857164402,0,3.9252903303520075,3.727883994714299
523,523,1.0191143049145188,415,0,0,0.0,1.054678044650228,1.0032813507727991,1.0044192575164872,1.0109891235542634,1.0246126165613827,0.9949959866312726,0.7900996062387244,0.5546183566222742,0.5546183566222742,0,3.8738095249668225,3.5638848175806093
524,524,0.9227903399258666,415,0,0,0.0,1.0280938456756414,1.003916572429902,1.0197665246530387,1.0032813507727991,1.040300822347605,0.9927072832290874,0.7977165865059108,0.7536533308455107,0.0,0,3.885877779182196,3.753558537277299
525,525,1.0231649163770178,415,0,0,0.0,1.022774459229829,1.004544177148741,1.0330984933326917,1.002638340774061,1.021360598591922,0.97105164486998,0.7758724080478123,0.5546183566222742,0.423035857164402,0,3.8531059592022547,3.532852519415056
526,526,0.97105164486998,415,0,0,0.0,1.0471926057401506,0.987818703754018,1.0536081788352,0.9979035478286284,1.0582109353151692,0.9650147563028656,0.8230911610676044,0.5546183566222742,0.0,0,3.9821028809581245,3.5053553645077864
527,527,1.028482925863037,415,0,0,0.0,1.0433693851015111,1.0172024688229897,1.0191611761541786,0.9842999824276124,0.986175182184004,1.002638340774061,0.761024447518017,0.6725029670790563,0.6258002855986439,0,3.809730190957711,3.6766437591037198
528,528,1.0265055527832043,408,0,0,0.0,1.0456314693642963,0.9993000568565548,1.033866705430432,1.0181675188505357,1.0542576278856777,0.9911259244279969,0.7678971825427153,0.6725029670790563,0.423035857164402,0,3.9016529852231208,3.681096467214144
529,529,1.009875623760096,415,0,1,3.1354942159291497,1.038827616770826,1.0087374499934136,1.051388274454874,1.015719197900225,1.0589167423482746,1.0240216638573814,0.7887680926690985,0.6725029670790563,0.5546183566222742,0,3.9379007262430727,3.7209812788300765
530,530,1.0141909676964709,415,0,0,0.0,1.056722318768174,1.0141909676964709,1.027780316229122,1.0063829237830022,1.028405359539056,0.999984786274994,0.7939852844174682,0.423035857164402,0.5546183566222742,0,3.90689327895382,3.4435945349188692
531,531,1.0353332750537292,415,0,0,0.0,1.0521172271997643,1.0214053992395804,1.0409309916393834,0.9824533207775524,1.04606013061016,1.016218495895403,0.8230911610676044,0.423035857164402,0.423035857164402,0,3.9621995105169123,3.4431130730769377
532,532,1.0032813507727991,415,0,1,3.5263605246161616,1.0442099523591977,1.007573578755084,1.0409905647614597,1.0152149060491755,1.0455776031406427,0.9957377918930442,0.8483908286189654,0.6725029670790563,0.0,0,3.9791689488802655,3.6910292437763594
533,533,1.0280938456756414,408,0,0,0.0,1.0367557665616325,1.0063829237830022,1.02540339020286,0.9934810060205292,1.0315603076979751,0.9942438142135328,0.8183653079108115,0.7063950542796786,0.0,0,3.9120847723732792,3.700502798296743
534,534,0.967504775196054,408,0,0,0.0,1.0167620633851018,1.0019873653802,1.0560442183772183,0.9698932078063358,1.0472186104633223,0.9869597981852865,0.8123395143700564,0.6258002855986439,0.6258002855986439,0,3.932364406595699,3.5846406569704663
535,535,0.9402024588178788,408,0,0,0.0,1.0543908212303936,1.0209555590262906,1.0123477660658395,1.0109891235542634,1.0285603680670825,0.996469488897356,0.805879938962908,0.6725029670790563,0.0,0,3.901178894326223,3.7009171385569664
536,536,0.9911259244279969,408,0,0,0.0,1.04870197923222,1.0019873653802,1.0532230188714953,0.9765185323813282,1.013304045738776,1.0141909676964709,0.7914126806490488,0.6725029670790563,0.423035857164402,0,3.9066417244915406,3.6651998325370556
537,537,0.97330117724734,510,0,0,0.0,1.0428861684705877,1.0087374499934136,1.0386401569418002,1.008158792920829,1.037787181171831,1.005777194524828,0.7846582031691327,0.6725029670790563,0.0,0,3.9039717097533515,3.6951764045181266
538,538,0.98338429212101,415,1,0,0.0,1.0500162718517656,0.9860873110883348,1.0701766932959602,1.009309683677839,1.0463525201075878,1.005164330916258,0.7818171316562723,0.7860478795856021,0.423035857164402,1,3.9483626169115857,3.7866092052680336
539,539,1.0410203227048376,415,0,1,3.6635616461296463,1.057699744386227,1.001328241641345,1.0278981274978605,1.0141909676964709,1.015719197900225,0.9934810060205292,0.8143937066027327,0.6258002855986439,0.6258002855986439,0,3.915710776387045,3.6348005009569886
540,540,0.97105164486998,415,0,1,3.49650756146648,0.9145824345724514,1.0104353962561965,1.0404215144187952,1.0104353962561965,1.0520238321758455,1.0032813507727991,0.7803646465744236,0.7536533308455107,0.423035857164402,0,3.7873924277415156,3.7778054741307026
541,541,1.007573578755084,510,0,0,0.0,1.040541894378512,1.0032813507727991,1.0441543896884633,1.0172024688229897,1.0484496603403068,1.0069816697157885,0.825808803625318,0.7711646606364143,0.423035857164402,0,3.9589547480326,3.7986301499479915
542,542,0.979563883308144,415,0,0,0.0,1.061781287063036,1.005164330916258,1.0199513148321,1.0147055277003714,1.017639042845407,1.0032813507727991,0.7743279928495146,0.5546183566222742,0.423035857164402,0,3.873699637590058,3.5777695660117024
543,543,1.022292995628416,510,0,0,0.0,1.0265862119028544,1.0136711282744777,1.0421372123548482,0.996469488897356,1.035900786920554,1.005777194524828,0.8013040485562493,0.6725029670790563,0.423035857164402,0,3.9059282597345057,3.6884207787757175
544,544,0.9894972828240028,408,0,0,0.0,1.0400584958675765,0.9275973506953992,1.0615935659481994,1.0209555590262906,1.041933481266376,1.005164330916258,0.7253419261773606,0.7536533308455107,0.6725029670790563,0,3.8689274692595133,3.707370571483459
545,545,0.999984786274994,415,0,0,0.0,1.0010622684624906,1.001328241641345,1.0060809413988154,1.013145908971509,1.0494753485983768,1.005777194524828,0.816401699882637,0.7860478795856021,0.423035857164402,0,3.8730202583423203,3.8062992247232836
546,546,0.92987564040383,415,0,0,0.0,1.0458195032891855,0.9949959866312726,1.04011919575166,0.9942438142135328,1.0669971568041654,0.9927072832290874,0.7773928950827131,0.8102372017222292,0.0,0,3.930328750927724,3.7921842857961225
547,547,1.001328241641345,415,0,0,0.0,1.0486264309770927,0.9927072832290874,1.0415527300850602,1.0109891235542634,1.0405719407756018,0.9869597981852865,0.8102372017222292,0.7860478795856021,0.0,0,3.940988303559984,3.7767040845542392
548,548,1.0147055277003714,415,0,0,0.0,1.0047309982142991,1.0087374499934136,1.0186904705829285,0.9894972828240028,1.0340050577700552,1.0104353962561965,0.8069890155045473,0.6258002855986439,0.0,0,3.86441554207183,3.634470414672257
549,549,0.9986063829166985,415,0,0,0.0,1.023337464073253,0.9993000568565548,1.0311587463306209,0.99719132727709,1.0182630087541384,1.0186431550010258,0.7662224715044368,0.6258002855986439,0.0,0,3.8389816906624494,3.640934824733314
550,550,1.0019873653802,415,0,0,0.0,1.0416702177598245,1.0087374499934136,1.032886813379921,1.003916572429902,1.0549196372742196,1.0109891235542634,0.8382411892305852,0.6258002855986439,0.423035857164402,0,3.9677178576445504,3.649443431576223
551,551,1.0325675221964723,510,0,1,3.1780538303479458,1.0314875462798236,1.005164330916258,1.0411391642197536,0.972187368078744,1.0518129788747874,1.013145908971509,0.8036205267754964,0.7536533308455107,0.423035857164402,0,3.928060216149861,3.7441509388120213
552,552,1.031850253219713,510,0,0,0.0,1.0498448620527454,0.9993000568565548,1.0421952569460855,0.9894972828240028,1.0425132070302552,1.0104353962561965,0.7436347908732243,0.6725029670790563,0.6258002855986439,0,3.8781881169023107,3.671735703015811
553,553,1.0019873653802,415,0,0,0.0,0.9709368368461588,0.9886644097649396,1.0520705540286102,0.972187368078744,1.0346227055761077,1.0147055277003714,0.778890100585339,0.7063950542796786,0.423035857164402,0,3.836520197036215,3.681952359823734
554,554,1.007573578755084,415,0,0,0.0,1.048322972244091,0.9860873110883348,1.042857585789689,1.0136711282744777,1.0425995426257593,0.97330117724734,0.6557875773650585,0.7063950542796786,0.423035857164402,0,3.7895676780245977,3.679454670889831
555,555,0.9911259244279969,510,0,1,3.7612001156935615,1.033379279084071,1.0006607804515772,1.050284320621803,1.013145908971509,1.0585350006918597,0.9805436220896986,0.7645193580620365,0.7536533308455107,0.6258002855986439,0,3.90671795845977,3.748003642358296
556,556,1.0231649163770178,510,0,0,0.0,1.045062688643987,0.9886644097649396,1.0286762994476948,1.0019873653802,1.043566894295399,0.9842999824276124,0.795245662433237,0.6258002855986439,0.5546183566222742,0,3.912551544820318,3.6007520431713957
557,557,0.9775519190240616,510,0,0,0.0,1.042857585789689,0.978566837930225,1.0486012202046426,1.007573578755084,1.058353008607389,1.0136711282744777,0.8249123211161004,0.6725029670790563,0.6258002855986439,0,3.9747241357178207,3.6723145120388434
558,558,1.0186431550010258,510,0,0,0.0,1.0251550500048785,1.0109891235542634,1.065425606287492,1.001328241641345,1.047555326430231,0.9927072832290874,0.8143937066027327,0.7711646606364143,0.6725029670790563,0,3.9525296893253348,3.77618930906111
559,559,1.0063829237830022,415,0,0,0.0,1.0112089485650453,1.005164330916258,0.9863505066471824,1.0032813507727991,1.0524657336834242,0.9860873110883348,0.0,0.0,0.5546183566222742,0,3.0500251888956518,2.9945329927773923
560,560,1.034314885822944,415,0,1,3.1354942159291497,1.0369508869742348,0.978566837930225,1.0473224810384547,1.005777194524828,1.0364943426379365,0.9886644097649396,0.7592308162427008,0.7063950542796786,0.5546183566222742,0,3.879998526893327,3.6794034964996714
561,561,0.9637291374803096,408,1,1,3.4339872044851463,1.0528803887421552,1.0191143049145188,1.042828985406656,1.0120789147763565,1.0601202911825471,0.9986063829166985,0.8143937066027327,0.6725029670790563,0.5546183566222742,0,3.9702233719340905,3.70230256968663
562,562,0.9754660547759244,415,0,0,0.0,1.0470623588628805,1.0120789147763565,1.0492273164114143,0.9927072832290874,1.0381681983745397,0.9903176749711242,0.7574051097683623,0.7325687477104176,0.423035857164402,0,3.8918629834171967,3.7276726206869855
563,563,1.0176873172212282,408,0,0,0.0,1.038983261688513,1.016218495895403,1.0349624011565233,1.0087374499934136,1.039508611695625,1.0120789147763565,0.7900996062387244,0.6258002855986439,0.423035857164402,0,3.903553880779386,3.662835146263817
564,564,0.9860873110883348,510,0,0,0.0,1.0414054507253565,0.9942438142135328,1.042628285358523,0.9949959866312726,1.0576585910269412,1.008158792920829,0.8173889426906868,0.7063950542796786,0.5546183566222742,0,3.9590812698015077,3.703793648045313
565,565,1.002638340774061,415,0,1,3.6635616461296463,1.0373387180374702,0.9942438142135328,1.032816044139712,1.007573578755084,1.0547220684880043,0.9805436220896986,0.761024447518017,0.5546183566222742,0.0,0,3.885901278183204,3.53697937168059
566,566,1.0104353962561965,415,0,0,0.0,1.048322972244091,0.999984786274994,1.0423111281715476,1.0176873172212282,1.0060203337876854,1.0115369245500676,0.8334834996046646,0.6258002855986439,0.423035857164402,0,3.9301379338079885,3.6550093136449338
567,567,0.9860873110883348,510,0,0,0.0,1.0224686174100084,1.008158792920829,1.0535856142367488,0.9523085806942424,1.046006767235475,1.0218511892271116,0.8374666287558015,0.8102372017222292,0.6258002855986439,0,3.9595276276380336,3.792555764564412
568,568,1.0186431550010258,510,0,1,3.610917912644224,1.0421372123548482,1.004544177148741,1.0373065206212844,0.9903176749711242,1.048550756542031,1.013145908971509,0.8543099229250745,0.7063950542796786,0.423035857164402,0,3.982304412443238,3.7144028153710527
569,569,0.9637291374803096,510,0,0,0.0,1.0274251562380514,1.002638340774061,1.044237708534132,1.0087374499934136,1.0522336977606048,1.0032813507727991,0.819331006683021,0.6258002855986439,0.5546183566222742,0,3.9432275692158094,3.6404574271389176
570,570,0.9894972828240028,408,0,0,0.0,1.0251550500048785,1.0120789147763565,1.035232415341425,1.0019873653802,1.063650927141531,0.9993000568565548,0.7678971825427153,0.7063950542796786,0.423035857164402,0,3.8919355750305495,3.71976139129279
571,571,0.9986063829166985,510,0,0,0.0,1.060584867305374,1.005777194524828,1.044898874699656,1.005777194524828,1.0498203216931254,0.9553725127999176,0.815403362323621,0.6258002855986439,0.6258002855986439,1,3.970707426021776,3.5927271874482174
572,572,0.9957377918930442,415,0,0,0.0,1.0461400590025884,1.0147055277003714,1.064503485094721,1.005164330916258,1.050959514047514,1.004544177148741,0.7711646606364143,0.423035857164402,0.5546183566222742,0,3.9327677187812378,3.4474498929297726
573,573,0.9507170793714552,510,0,0,0.0,1.06587081544832,0.9986063829166985,1.020592724871382,1.004544177148741,1.0434541355644529,0.9986063829166985,0.7574051097683623,0.7063950542796786,0.5546183566222742,0,3.887322785652517,3.708151997261816
574,574,0.9919223562990608,408,0,1,3.6375861597263857,1.051742473458487,1.015719197900225,1.020181341323095,0.9957377918930442,1.0473743275543008,0.9842999824276124,0.7927077628291277,0.7711646606364143,0.5546183566222742,0,3.9120059051650102,3.766921632857296
575,575,0.9979035478286284,415,1,1,3.044522437723423,1.0405719407756018,1.0087374499934136,1.0349285409218254,0.9986063829166985,1.0367557665616325,1.0176873172212282,0.8212312206090928,0.6725029670790563,0.423035857164402,0,3.9334874688681527,3.697534117210397
576,576,1.03465678484363,415,1,0,0.0,0.9638589644728964,1.001328241641345,1.0440987597981954,0.9860873110883348,1.0612536080628718,1.004544177148741,0.7436347908732243,0.7325687477104176,0.6258002855986439,0,3.812846123207188,3.724528477588838
577,577,0.9765185323813282,415,0,0,0.0,1.0322460820457615,0.9927072832290874,1.0296317282856953,0.9927072832290874,1.0412280962126754,0.9934810060205292,0.8102372017222292,0.7860478795856021,0.7063950542796786,1,3.9133431082663614,3.764943452064306
578,578,0.996469488897356,415,1,0,0.0,1.025691534626503,0.9949959866312726,1.0369184229946713,1.003916572429902,1.0503328859531504,1.0280938456756414,0.8561904234830933,0.6258002855986439,0.5546183566222742,1,3.969133267057418,3.6528066903354595
579,579,0.9765185323813282,510,0,0,0.0,1.0313051580395565,1.015719197900225,1.0543020700169443,0.9979035478286284,1.0469578925001817,0.9842999824276124,0.8143937066027327,0.6258002855986439,0.423035857164402,0,3.946958827159415,3.6237230137551095
580,580,1.0032813507727991,510,0,0,0.0,1.0415233115985725,0.9805436220896986,1.0465112195770865,1.004544177148741,1.0452259193354878,1.009309683677839,0.7832481321537382,0.7711646606364143,0.423035857164402,0,3.9165085826648847,3.765562143552693
581,581,0.9754660547759244,510,0,1,3.044522437723423,1.051977061547392,0.9362682541349638,1.04105006159986,0.9650147563028656,1.03228190457006,1.0115369245500676,0.7914126806490488,0.5546183566222742,0.423035857164402,0,3.9167217083663606,3.467438291610171
582,582,0.9743938320833514,415,0,0,0.0,0.9227903399258666,1.020501600316601,1.0619868459868724,0.9687112141532412,1.0189263783092657,1.0141909676964709,0.815403362323621,0.6258002855986439,0.0,0,3.8191069265456257,3.629204067764957
583,583,1.0120789147763565,415,0,1,2.8903717578961645,1.0423111281715476,1.009875623760096,1.0542576278856777,1.019581045851613,1.0558944862397524,1.001328241641345,0.8143937066027327,0.6258002855986439,0.7063950542796786,0,3.9668569488997103,3.656585196851698
584,584,1.0307537956581727,408,0,0,0.0,1.044734473637668,1.0172024688229897,1.0327451697938033,0.9927072832290874,1.0428861684705877,0.9911259244279969,0.8036205267754964,0.7325687477104176,0.423035857164402,0,3.9239863386775555,3.7336044241904913
585,585,0.9860873110883348,415,0,0,0.0,1.041816659873556,1.0152149060491755,1.0544351304763362,0.9942438142135328,1.0451443766562367,0.9927072832290874,0.7874176770111411,0.7063950542796786,0.423035857164402,0,3.92881384401727,3.7085610577714747
586,586,1.0136711282744777,415,0,1,3.295836866004329,1.031958531714041,1.0006607804515772,1.0563633749381989,1.0087374499934136,1.0246126165613827,0.99719132727709,0.7457165247157388,0.7711646606364143,0.423035857164402,0,3.8586510479293614,3.777754218358495
587,587,1.0141909676964709,415,0,0,0.0,1.027937334401142,0.9919223562990608,1.0136711282744777,1.0181675188505357,1.052511996822228,1.015719197900225,0.741511301806249,0.5546183566222742,0.423035857164402,0,3.835631761304097,3.5804274296720955
588,588,1.0296317282856953,510,0,0,0.0,1.0396926275141585,1.003916572429902,1.043057293942215,1.0126152065263214,1.051007356619774,1.0152149060491755,0.7678971825427153,0.423035857164402,0.423035857164402,0,3.9016544606188623,3.4547825421698013
589,589,1.0063829237830022,408,0,0,0.0,1.0495988560182503,1.0141909676964709,1.0603918955607108,0.9993000568565548,1.0150117703608976,1.0104353962561965,0.7818171316562723,0.7063950542796786,0.423035857164402,0,3.906819653596131,3.7303214750889007
590,590,1.0261002420274623,415,0,1,3.49650756146648,1.0292518223263003,0.987818703754018,1.0399672975582703,0.996469488897356,1.0269875147705876,1.0069816697157885,0.7743279928495146,0.6725029670790563,0.6258002855986439,0,3.870534627504673,3.663772829446219
591,591,1.0032813507727991,415,0,1,3.4011973816621555,1.014756697119516,1.0120789147763565,1.040240358802432,1.002638340774061,1.0545015116237104,0.98338429212101,0.8001236021366125,0.7325687477104176,0.0,0,3.9096221696822715,3.730670295381845
592,592,0.8836050647842439,510,0,1,3.1780538303479458,1.038921065848597,0.9986063829166985,1.0331336821495003,0.9662729529060342,1.0185483891766791,1.003916572429902,0.8266961159266517,0.6725029670790563,0.6258002855986439,0,3.9172992531014277,3.6412988753316906
593,593,0.93826565414555,415,0,0,0.0,1.0468531860495816,1.005777194524828,1.0151641986567843,1.005777194524828,1.0570783649657534,1.005164330916258,0.7939852844174682,0.6725029670790563,0.423035857164402,0,3.913081034089587,3.68922168704497
594,594,0.9775519190240616,415,0,0,0.0,1.0341430086116687,0.9842999824276124,1.054589865833088,0.99719132727709,1.0034090126067978,1.004544177148741,0.8143937066027327,0.6725029670790563,0.5546183566222742,0,3.9065355936542874,3.6585384539324997
595,595,0.9202501631240612,415,0,0,0.0,1.0478895672438726,0.9942438142135328,1.0540794139427927,1.0136711282744777,1.0271869314185005,0.979563883308144,0.7964892999116688,0.8374666287558015,0.5546183566222742,0,3.9256452125168346,3.8249454545519566
596,596,1.009875623760096,415,0,0,0.0,1.011970976156904,1.007573578755084,1.0548538786792232,1.009309683677839,1.0396926275141585,0.9860873110883348,0.8301569118312014,0.7063950542796786,0.423035857164402,0,3.936674394181487,3.709365627800936
597,597,1.0218511892271116,415,0,1,3.091042453358316,1.0380732337538687,0.9942438142135328,1.0386088405277951,1.0006607804515772,1.069195689525784,1.0141909676964709,0.7927077628291277,0.6725029670790563,0.5546183566222742,0,3.938585526636576,3.6815985294406373
598,598,1.0181675188505357,510,0,0,0.0,1.0405118285674926,0.9911259244279969,1.060507781180876,0.9993000568565548,1.0459266051674618,0.9765185323813282,0.8001236021366125,0.7063950542796786,0.423035857164402,0,3.9470698170524434,3.6733395679455585
599,599,0.9026284412459752,408,0,0,0.0,1.0445143521775786,1.0181675188505357,1.0511744057236203,1.002638340774061,1.0260187739522175,0.996469488897356,0.7773928950827131,0.6258002855986439,0.5546183566222742,0,3.8991004269361293,3.643075634120596
600,600,1.031850253219713,415,1,0,0.0,1.0411984711363191,0.9860873110883348,1.059846984502134,1.0126152065263214,1.0396620085500643,1.022292995628416,0.4736870803191075,0.7325687477104176,0.423035857164402,0,3.614394544507625,3.75356426095349
601,601,1.0141909676964709,415,0,1,3.4657359027997265,1.0290607420747309,0.9903176749711242,1.0492024381824958,0.999984786274994,1.053540450739518,0.9842999824276124,0.8143937066027327,0.6725029670790563,0.0,0,3.9461973375994774,3.647105410752787
602,602,1.0104353962561965,415,0,0,0.0,1.0406019677819085,1.0006607804515772,1.0464054812686945,1.013145908971509,1.031085372573731,1.0032813507727991,0.7818171316562723,0.7325687477104176,0.5546183566222742,0,3.899909953280606,3.749656787906303
603,603,1.0152149060491755,415,1,0,0.0,1.052047199193303,1.0200434531560645,1.0548319374768893,1.0019873653802,1.039014328621119,0.9637291374803096,0.8102372017222292,0.5546183566222742,0.0,1,3.9561306670135403,3.5403783126388486
604,604,1.026907518550221,415,0,1,3.295836866004329,1.0552034701251256,1.0277016161093295,1.013145908971509,1.022730883502586,1.0532230188714953,0.996469488897356,0.8463183195479455,0.6725029670790563,0.5546183566222742,0,3.9678907175160756,3.7194049555883275
605,605,0.9824533207775524,415,0,0,0.0,1.052047199193303,0.9979035478286284,1.0501626778185116,0.9860873110883348,1.030679799990252,1.0032813507727991,0.795245662433237,0.5546183566222742,0.6258002855986439,0,3.9281353394353036,3.541890566312037
606,606,1.0063829237830022,415,0,0,0.0,1.040451638610881,1.005164330916258,1.0563421694222257,1.0126152065263214,1.0256504750475106,0.9886644097649396,0.8102372017222292,0.6258002855986439,0.423035857164402,0,3.9326814848028464,3.632244232806163
607,607,1.0379463144765462,415,0,0,0.0,1.035232415341425,0.9596963204464736,1.0416408737382217,1.007573578755084,1.0480685296039305,1.0069816697157885,0.8318363985199613,0.6725029670790563,0.423035857164402,0,3.9567782172035377,3.6467545359964024
608,608,0.985200844275134,510,0,0,0.0,1.0411688271461192,1.009875623760096,1.0460867889468028,0.9993000568565548,1.047940771359537,0.996469488897356,0.7887680926690985,0.7536533308455107,0.0,0,3.9239644801215574,3.7592985003595176
609,609,1.0176873172212282,408,1,0,0.0,1.0372743011459915,1.0087374499934136,1.03428056010004,1.002638340774061,1.038952174106127,1.022730883502586,0.7662224715044368,0.5546183566222742,0.423035857164402,1,3.8767295068565955,3.588725030892335
610,610,0.987818703754018,415,0,0,0.0,1.03188637327496,1.0019873653802,1.0438475894039112,0.9886644097649396,1.0514593382656887,1.0120789147763565,0.805879938962908,0.6725029670790563,0.423035857164402,0,3.933073239907468,3.675233657000553
611,611,0.9687112141532412,415,0,1,3.044522437723423,1.057224140094589,1.020501600316601,1.0321025229639411,0.999984786274994,1.0565959658270785,0.996469488897356,0.8047572096727953,0.6725029670790563,0.0,0,3.950679838558404,3.6894588425680075
612,612,1.0214053992395804,510,1,1,3.218875824868201,1.0180239413955,0.9596963204464736,1.0481704779406973,1.005777194524828,1.0528345054667811,0.9911259244279969,0.7278042077485497,0.6725029670790563,0.5546183566222742,0,3.846833132551528,3.6291024064783546
613,613,1.0115369245500676,415,0,1,3.295836866004329,1.0351650559672234,1.0069816697157885,1.0487271340111737,0.985200844275134,1.0508156801420456,0.979563883308144,0.8342952500710278,0.7063950542796786,0.7325687477104176,0,3.969003120191471,3.678141451578745
614,614,1.0069816697157885,510,1,0,0.0,1.0610254822165663,1.005164330916258,1.0394471115475157,0.9765185323813282,1.0291754809333138,0.9754660547759244,0.8102372017222292,0.7860478795856021,0.5546183566222742,0,3.9398852764196253,3.7431967976591127
615,615,1.009875623760096,415,1,0,0.0,1.032174356376246,1.022730883502586,1.0444315338394092,1.0109891235542634,1.0209555590262906,1.0209555590262906,0.8069890155045473,0.6725029670790563,0.423035857164402,0,3.904550464746493,3.7271785331621965
616,616,1.004544177148741,408,1,0,0.0,0.9708218008964776,1.016218495895403,1.0351313403160722,0.9743938320833514,1.0622841106437813,0.9860873110883348,0.7914126806490488,0.6725029670790563,0.6258002855986439,0,3.85964993250538,3.6492026061461456
617,617,0.9775519190240616,415,0,0,0.0,1.0514119748935282,0.978566837930225,1.059116330309975,0.987818703754018,1.0246964599331927,0.967504775196054,0.8069890155045473,0.7063950542796786,0.6258002855986439,0,3.9422137806412434,3.6402853711599756
618,618,0.9919223562990608,408,0,0,0.0,1.046826971803513,0.9894972828240028,1.042628285358523,0.9986063829166985,1.0442931706566545,0.9919223562990608,0.8133725028259741,0.6258002855986439,0.0,0,3.9471209306446644,3.605826307638406
619,619,0.8918212615283342,408,0,0,0.0,1.0594930568174572,0.9927072832290874,1.046563996986828,1.003916572429902,1.039045374929264,1.005777194524828,0.8112944976246211,0.7325687477104176,0.5546183566222742,1,3.956396926358171,3.734969797894235
620,620,0.9957377918930442,415,0,0,0.0,1.0481450123184577,1.0006607804515772,1.0130402104886038,1.0126152065263214,1.0208198070053935,0.9860873110883348,0.8183653079108115,0.5546183566222742,0.5546183566222742,0,3.900370337723267,3.553981654688508
621,621,1.022292995628416,510,0,0,0.0,1.0090243615574512,0.9869597981852865,1.0502113743438826,1.009309683677839,1.034826814838484,0.972187368078744,0.8047572096727953,0.6258002855986439,0.6258002855986439,0,3.8988197604126134,3.5942571355405133
622,622,0.9775519190240616,510,1,1,3.5263605246161616,1.0606425924657448,1.001328241641345,1.0570157419251829,1.003916572429902,1.033414261241099,0.9919223562990608,0.7743279928495146,0.5546183566222742,0.423035857164402,1,3.9254005884815415,3.5517855269925818
623,623,0.9456806436315238,408,0,0,0.0,1.010323929238109,1.007573578755084,1.0491277212773238,1.0141909676964709,1.0541686101629997,1.0063829237830022,0.7860478795856021,0.6258002855986439,0.5546183566222742,0,3.8996681402640347,3.6539477558332005
624,624,0.9815065955444632,408,0,0,0.0,1.0405118285674926,1.013145908971509,1.054057086919776,0.9957377918930442,1.0341430086116687,1.007573578755084,0.8456157030373974,0.5546183566222742,0.423035857164402,0,3.9743276271363355,3.571075636241911
625,625,0.99719132727709,415,0,0,0.0,1.043341100287541,0.9911259244279969,1.0602174871411634,1.005777194524828,1.031085372573731,1.005777194524828,0.8080847309801162,0.6725029670790563,0.423035857164402,0,3.942728690982552,3.675183280556709
626,626,1.0104353962561965,415,0,1,3.49650756146648,1.0383890373747378,0.9949959866312726,1.0188321489445942,1.016218495895403,1.0339359319221963,1.016218495895403,0.7773928950827131,0.5546183566222742,0.423035857164402,0,3.868550013324241,3.582051335044353
627,627,1.0214053992395804,415,0,1,3.1354942159291497,1.0433693851015111,1.0104353962561965,1.058251574647703,0.9993000568565548,1.0212708755236102,1.0214053992395804,0.8420101129338243,0.7063950542796786,0.5546183566222742,0,3.9649019482066485,3.73753590663201
628,628,1.002638340774061,415,0,1,3.295836866004329,1.029137264927126,1.0115369245500676,1.0226436163389343,1.0261002420274623,1.047786985519894,1.005164330916258,0.8510749266677547,0.7063950542796786,0.423035857164402,0,3.9506427934537087,3.749196551773466
629,629,0.999984786274994,415,0,1,3.332204510175204,1.0586357819257142,0.999984786274994,1.0496481645775166,1.0032813507727991,1.0380732337538687,1.0006607804515772,0.8133725028259741,0.5546183566222742,0.423035857164402,0,3.959729683083073,3.558545274121645
630,630,1.007573578755084,510,0,0,0.0,1.0554854972096794,1.003916572429902,1.0448441397728827,1.0209555590262906,1.0382945194524773,0.9993000568565548,0.7914126806490488,0.7063950542796786,0.423035857164402,0,3.930036837084088,3.7305672425924263
631,631,0.9911259244279969,510,0,0,0.0,1.0416115111330717,0.9942438142135328,1.0688953055101862,1.0136711282744777,1.055722740784107,0.9869597981852865,0.7436347908732243,0.6725029670790563,0.0,0,3.9098643483005895,3.6673777077523537
632,632,1.0209555590262906,408,0,0,0.0,1.046431938822867,0.9927072832290874,1.0570575005076726,0.9949959866312726,1.0642388710910684,0.9927072832290874,0.825808803625318,0.6258002855986439,0.423035857164402,0,3.993537114046926,3.6062108386880913
633,633,0.9805436220896986,415,0,0,0.0,1.0569321058514107,0.9815065955444632,1.0492521809605004,0.9860873110883348,1.0470884380590428,0.9949959866312726,0.7964892999116688,0.6725029670790563,0.0,0,3.949762024782623,3.6350928603431267
634,634,0.9903176749711242,408,0,0,0.0,1.0448167478013748,0.9934810060205292,1.0445970214459182,1.009309683677839,1.003726813403372,0.9894972828240028,0.749760341930018,0.6725029670790563,0.0,0,3.842900924580683,3.6647909396014278
635,635,1.022292995628416,408,0,0,0.0,1.0364615624754068,1.0141909676964709,1.0301211723265706,1.001328241641345,1.0220725862733877,1.0147055277003714,0.8013040485562493,0.7063950542796786,0.0,0,3.8899593696316144,3.736619791317866
636,636,0.9624149872572304,415,0,1,3.4339872044851463,1.0177355451311074,0.9949959866312726,1.0357012654804605,1.0120789147763565,1.0426570102260215,1.009309683677839,0.8212312206090928,0.6258002855986439,0.423035857164402,0,3.917325041446682,3.6421848706841122
637,637,0.9687112141532412,510,1,1,2.833213344056216,1.0250719889363462,0.9842999824276124,1.054700062024987,0.9650147563028656,1.0267872770162343,0.9993000568565548,0.8133725028259741,0.6258002855986439,0.0,0,3.9199318308035416,3.5744150811856765
638,638,1.0353332750537292,510,0,1,2.8903717578961645,1.040391370719793,0.9986063829166985,1.054124034406499,1.022730883502586,1.0444315338394092,0.972187368078744,0.7278042077485497,0.6258002855986439,0.423035857164402,0,3.8667511467142512,3.619324920096672
639,639,0.9650147563028656,510,0,0,0.0,1.0529491254135428,0.9949959866312726,1.0068624721018775,1.019581045851613,1.037787181171831,1.0152149060491755,0.7977165865059108,0.7325687477104176,0.0,0,3.895315365193162,3.762360686242479
640,640,1.030008664286585,510,0,0,0.0,1.0160692254379602,0.999984786274994,1.004544177148741,0.987818703754018,1.0411391642197536,0.9894972828240028,0.8301569118312014,0.6725029670790563,0.423035857164402,0,3.891909478637656,3.6498037399320715
641,641,1.033623616220411,510,0,0,0.0,1.036297319045001,1.004544177148741,1.061574749083955,0.9903176749711242,1.0415527300850602,1.0104353962561965,0.8470149867369593,0.7063950542796786,0.0,0,3.986439784950976,3.7116923026557402
642,642,0.98338429212101,415,0,0,0.0,1.068223640680892,1.003916572429902,1.0349285409218254,0.9927072832290874,1.0631819808604492,1.002638340774061,0.7253419261773606,0.6258002855986439,0.5546183566222742,1,3.8916760886405273,3.6250624820316943
643,643,0.9903176749711242,510,0,0,0.0,1.0513408360112884,0.9860873110883348,1.0462198477934237,1.0115369245500676,1.0473224810384547,1.002638340774061,0.8212312206090928,0.7063950542796786,0.423035857164402,0,3.9661143854522596,3.7066576306921424
644,644,1.054788022506652,510,0,0,0.0,0.9996435263826472,0.99719132727709,1.032816044139712,0.97105164486998,1.059215783945064,1.013145908971509,0.7457165247157388,0.7325687477104176,0.5546183566222742,0,3.837391879183162,3.7139576288289966
645,645,1.0277016161093295,415,0,0,0.0,1.0262221895292996,1.020501600316601,1.0449262176909364,0.9993000568565548,1.0529262249404068,1.004544177148741,0.8301569118312014,0.6258002855986439,0.423035857164402,0,3.9542315439918445,3.65014611992054
646,646,0.99719132727709,510,0,1,2.833213344056216,1.039508611695625,1.0019873653802,0.9846620818924852,1.0209555590262906,1.0398454216399189,0.999984786274994,0.8266961159266517,0.6258002855986439,0.5546183566222742,0,3.890712231154681,3.6487279962801282
647,647,0.987818703754018,415,0,0,0.0,1.0062623413628795,1.0087374499934136,0.9437269067652536,0.9942438142135328,1.0411984711363191,0.9934810060205292,0.8301569118312014,0.7063950542796786,0.0,0,3.821344631095654,3.702857324507154
648,648,1.0209555590262906,415,0,0,0.0,1.037627506704872,1.0087374499934136,1.0291754809333138,0.972187368078744,1.053359337835043,1.005777194524828,0.8173889426906868,0.6725029670790563,0.423035857164402,0,3.937551268163915,3.6592049796760415
649,649,0.985200844275134,510,0,1,3.218875824868201,1.027464747028562,0.9824533207775524,1.0161687882296784,0.9805436220896986,1.036428759510812,0.9911259244279969,0.8001236021366125,0.7325687477104176,0.423035857164402,0,3.8801858969056644,3.6866916150056657
650,650,1.0265055527832043,510,0,0,0.0,1.0467219638044187,1.005164330916258,1.020273054732099,0.9860873110883348,1.027464747028562,1.015719197900225,0.8133725028259741,0.6258002855986439,0.5546183566222742,0,3.9078322683910534,3.6327711255034614
651,651,0.9824533207775524,415,0,0,0.0,1.0357012654804605,1.005777194524828,1.0473224810384547,1.0019873653802,1.038952174106127,1.005777194524828,0.816401699882637,0.7325687477104176,0.423035857164402,0,3.938377620507679,3.7461105021402736
652,652,1.022730883502586,510,1,0,0.0,1.034758875979825,0.9894972828240028,1.0489028273166183,1.0265055527832043,1.039570030941982,0.985200844275134,0.7914126806490488,0.7860478795856021,0.423035857164402,0,3.914644414887474,3.7872515594679435
653,653,0.972187368078744,415,0,0,0.0,1.042542003482222,1.0265055527832043,1.0361325018842302,0.9934810060205292,1.0601008259642966,1.0109891235542634,0.7202465379832546,0.5546183566222742,0.5546183566222742,0,3.8590218693140033,3.585594038980271
654,654,1.0141909676964709,510,0,0,0.0,1.0438475894039112,0.9624149872572304,1.051859920962844,0.9815065955444632,1.0140874253408425,0.9886644097649396,0.7977165865059108,0.6258002855986439,0.5546183566222742,0,3.9075115222135084,3.558386278165277
655,655,1.0147055277003714,408,1,0,0.0,1.0342118341416129,0.9986063829166985,0.9983965043653787,1.0147055277003714,1.054412981374921,1.0115369245500676,0.8326639275093545,0.423035857164402,0.6258002855986439,1,3.919685247391267,3.4478846923315394
656,656,0.9942438142135328,415,0,0,0.0,1.044789339467061,0.9927072832290874,1.0486264309770927,0.9979035478286284,1.0539900385611216,1.0019873653802,0.8183653079108115,0.5546183566222742,0.5546183566222742,0,3.965771116916087,3.5472165530601902
657,657,1.005164330916258,415,0,0,0.0,0.9846620818924852,1.0120789147763565,1.011862808720251,0.9824533207775524,1.050959514047514,0.9986063829166985,0.7914126806490488,0.6258002855986439,0.6258002855986439,0,3.838897085309299,3.618938904069251
658,658,0.9026284412459752,510,0,0,0.0,0.981219432647248,0.98338429212101,1.0465112195770865,1.0126152065263214,0.974176958277218,0.979563883308144,0.7977165865059108,0.6258002855986439,0.423035857164402,0,3.7996241970074633,3.601363667554119
659,659,0.9886644097649396,415,0,1,3.4657359027997265,1.0469840315592949,1.002638340774061,1.0507676331077975,1.0006607804515772,1.0345544735132215,1.0141909676964709,0.795245662433237,0.6725029670790563,0.0,0,3.9275518006135512,3.689993056001166
660,660,0.972187368078744,510,1,1,3.5263605246161616,1.0177837266572698,0.9979035478286284,1.0325319132326305,1.005164330916258,1.0557442454610295,1.008158792920829,0.7727589769680201,0.8293046663001791,0.0,0,3.8788188623189503,3.8405313379658947
661,661,1.0069816697157885,510,0,1,3.367295829986474,1.044679542139714,0.9869597981852865,1.066630581129716,1.0181675188505357,1.050791663039621,1.020501600316601,0.819331006683021,0.7711646606364143,0.423035857164402,0,3.9814327929920714,3.7967935779888378
662,662,0.9942438142135328,415,0,1,2.8903717578961645,1.0493018690747988,0.9860873110883348,1.049942890243846,0.9986063829166985,1.04081161581999,0.99719132727709,0.8523844819950629,0.7063950542796786,0.423035857164402,0,3.992440857133698,3.688280075561802
663,663,1.009309683677839,408,0,0,0.0,1.002183505133686,1.009875623760096,1.060449876909571,1.0218511892271116,1.0507195347051796,0.9986063829166985,0.7860478795856021,0.7325687477104176,0.6258002855986439,0,3.8994007963340387,3.762901943614324
664,664,0.985200844275134,415,0,0,0.0,1.053945283476273,1.0109891235542634,1.0277016161093295,1.0115369245500676,1.0317779312481266,0.9886644097649396,0.8024695798580879,0.5546183566222742,0.7063950542796786,0,3.915894410691817,3.565808814491545
665,665,0.9754660547759244,415,1,0,0.0,1.0146543064668243,0.9650147563028656,1.052994891163563,0.9942438142135328,0.9993689287922566,1.0191143049145188,0.8143937066027327,0.8102372017222292,0.5546183566222742,0,3.881411833025376,3.7886100771531463
666,666,1.003916572429902,408,0,0,0.0,1.0505749302683174,0.9886644097649396,1.0188321489445942,1.009875623760096,1.0341774338397145,1.008158792920829,0.8504121441880276,0.7325687477104176,0.423035857164402,0,3.953996657240654,3.7392675741562824
667,667,1.0261002420274623,408,0,1,2.995732273553991,1.037177510086016,0.9942438142135328,1.032460615568895,0.9743938320833514,1.0482975920994524,1.001328241641345,0.8420101129338243,0.7325687477104176,0.423035857164402,0,3.9599458306881874,3.7025346356486466
668,668,0.999984786274994,415,0,0,0.0,1.0384519435813513,0.99719132727709,1.0415821299226158,1.0109891235542634,1.0650452422926626,1.0167128902475082,0.8024695798580879,0.6725029670790563,0.423035857164402,1,3.947548895654718,3.697396308157918
669,669,1.0273061898515887,408,0,0,0.0,1.0535856142367488,0.9869597981852865,1.0420209043718938,1.0069816697157885,1.0461932670132652,1.009309683677839,0.7874176770111411,0.7860478795856021,0.0,0,3.9292174626330487,3.789299031164516
670,670,1.0186431550010258,415,0,0,0.0,1.0437355165958448,0.996469488897356,1.0593150119552202,1.0063829237830022,1.0095368078032174,1.0032813507727991,0.7887680926690985,0.5546183566222742,0.5546183566222742,0,3.901355429023381,3.5607521200754313
671,671,1.033623616220411,408,0,0,0.0,1.061177699100015,1.0087374499934136,0.9581466965577348,1.008158792920829,1.0554638664447256,1.0136711282744777,0.8091673682554217,0.7063950542796786,0.0,0,3.8839556303578973,3.736962425468399
672,672,1.0273061898515887,510,0,0,0.0,1.0488526987556652,0.996469488897356,1.0610254822165663,0.9824533207775524,1.0511028892720695,1.0019873653802,0.7939852844174682,0.6258002855986439,0.6258002855986439,0,3.954966354661769,3.606710460653752
673,673,0.978566837930225,415,0,0,0.0,1.0212708755236102,0.999984786274994,1.053200258496668,0.9957377918930442,1.0584137565926417,1.0104353962561965,0.7645193580620365,0.7325687477104176,0.6258002855986439,0,3.8974042486749565,3.7387267221346523
674,674,0.9743938320833514,510,0,0,0.0,1.0576173991122273,1.0214053992395804,1.0383260466098834,1.0063829237830022,1.0405118285674926,1.0214053992395804,0.7371330092563764,0.7536533308455107,0.5546183566222742,0,3.8735882835459794,3.8028470531076737
675,675,1.0314875462798236,415,0,0,0.0,1.0370481448121769,0.9957377918930442,1.043057293942215,1.0115369245500676,1.0591561388998452,0.9993000568565548,0.7887680926690985,0.6725029670790563,0.423035857164402,0,3.928029670323335,3.679077740378723
676,676,1.0186431550010258,415,0,1,3.6375861597263857,1.0455506462352555,0.9986063829166985,1.033414261241099,1.004544177148741,1.0398149028265846,0.9886644097649396,0.8173889426906868,0.7711646606364143,0.423035857164402,0,3.936168752993626,3.762979630466793
677,677,0.9979035478286284,408,0,0,0.0,1.0599447906910346,1.0109891235542634,1.0501626778185116,0.9824533207775524,1.0589167423482746,0.9957377918930442,0.8133725028259741,0.6258002855986439,0.6258002855986439,1,3.9823967136837943,3.6149805218235036
678,678,1.03465678484363,415,0,0,0.0,1.03800981703048,1.009309683677839,1.036723167767421,1.0191143049145188,1.0515066517122882,0.99719132727709,0.7977165865059108,0.7325687477104176,0.5546183566222742,0,3.9239562230161003,3.758184063579866
679,679,0.9650147563028656,415,0,0,0.0,1.027464747028562,1.025691534626503,1.0431994153840698,1.005777194524828,1.046748238488591,1.007573578755084,0.844192254799312,0.6258002855986439,0.423035857164402,0,3.9616046557005347,3.664842593505058
680,680,0.9456806436315238,408,0,0,0.0,1.046246413112336,0.979563883308144,1.028753432948187,0.9986063829166985,1.0488777699745275,1.0167128902475082,0.824006498432407,0.8293046663001791,0.423035857164402,0,3.947884114467458,3.82418782277253
681,681,1.0296317282856953,510,0,0,0.0,1.033414261241099,1.007573578755084,1.0394163310737523,1.004544177148741,0.9879888889734032,1.007573578755084,0.7846582031691327,0.6725029670790563,0.6258002855986439,0,3.8454776844573866,3.692194301737965
682,682,0.9568484637059635,415,0,0,0.0,1.046826971803513,1.0109891235542634,1.0354339202980136,0.9894972828240028,1.029480124708802,1.0136711282744777,0.7977165865059108,0.7860478795856021,0.6725029670790563,0,3.9094576033162394,3.800205414238346
683,683,1.0136711282744777,415,0,1,3.332204510175204,1.049450606544243,1.0181675188505357,1.060003369344985,1.020501600316601,1.026303318730503,0.987818703754018,0.8112944976246211,0.6258002855986439,0.0,0,3.9470517922443524,3.6522881085197985
684,684,0.9927072832290874,510,0,0,0.0,1.0241488972044337,0.9805436220896986,1.0293661085264036,0.9993000568565548,1.0470362647247664,0.996469488897356,0.7743279928495146,0.7063950542796786,0.423035857164402,0,3.874879263305118,3.682708222123288
685,685,0.9402024588178788,408,0,0,0.0,1.0431994153840698,0.9949959866312726,1.054412981374921,1.015719197900225,1.024947132380076,1.005777194524828,0.6725029670790563,0.7536533308455107,0.0,0,3.795062496218123,3.7701457099018363
686,686,1.015719197900225,408,0,0,0.0,1.005777194524828,1.0277016161093295,1.0566381236970237,0.9957377918930442,1.0579663060315367,0.9979035478286284,0.844192254799312,0.7063950542796786,0.0,0,3.9645738790527005,3.727738010110681
687,687,1.001328241641345,510,0,0,0.0,1.0606233592490917,1.0136711282744777,1.0414349440266375,1.003916572429902,1.0631093806864584,1.013145908971509,0.8112944976246211,0.7325687477104176,0.6725029670790563,1,3.976462181586809,3.7633023573863063
688,688,1.0273061898515887,510,0,1,3.784189633918261,1.046006767235475,0.9869597981852865,1.0365271000276444,1.0152149060491755,1.054457268544826,0.987818703754018,0.8091673682554217,0.6258002855986439,0.423035857164402,0,3.946158504063367,3.6157936935871238
689,689,1.0314875462798236,408,0,0,0.0,1.033901331273697,1.008158792920829,1.0532230188714953,1.0126152065263214,1.0670800315885045,0.985200844275134,0.7900996062387244,0.423035857164402,0.423035857164402,0,3.944303987972421,3.429010700886687
690,690,1.004544177148741,415,0,0,0.0,1.0455236734444504,1.0069816697157885,1.021494879099521,1.003916572429902,1.0464054812686945,1.0063829237830022,0.8036205267754964,0.6258002855986439,0.7063950542796786,0,3.9170445605881623,3.6430814515273364
691,691,1.0200434531560645,415,0,1,2.772588722239781,1.029480124708802,1.0181675188505357,1.055355553891023,1.0063829237830022,1.0271471134796155,0.9957377918930442,0.7874176770111411,0.6725029670790563,0.423035857164402,0,3.8994004690905815,3.6927912016056386
692,692,1.022292995628416,415,0,0,0.0,1.0176873172212282,1.0069816697157885,1.0695877085400158,0.98338429212101,1.0252379702797614,1.0176873172212282,0.7627869824840867,0.5546183566222742,0.423035857164402,0,3.8752999785250917,3.562671635680301
693,693,1.0186431550010258,415,1,0,0.0,1.059846984502134,0.9860873110883348,1.0453344176589752,0.9919223562990608,1.0097064949943029,1.0261002420274623,0.7302124673395967,0.6725029670790563,0.423035857164402,0,3.845100364495009,3.6766128764939143
694,694,0.9698932078063358,415,0,0,0.0,1.062431981126983,0.9743938320833514,1.0317054998746131,1.007573578755084,0.9859993002096284,0.9824533207775524,0.0,0.0,0.423035857164402,0,3.080136781211224,2.964420731615988
695,695,0.917610260115658,408,0,0,0.0,1.0354003956610682,0.9894972828240028,1.0399977168242664,1.003916572429902,1.0450899341590745,0.972187368078744,0.8013040485562493,0.7536533308455107,0.423035857164402,0,3.9217920952006584,3.7192545541781596
696,696,0.9927072832290874,510,0,0,0.0,1.0162681545266323,0.9894972828240028,1.044898874699656,1.0141909676964709,1.063990420371884,1.0136711282744777,0.747757924070225,0.7711646606364143,0.6258002855986439,0,3.8729153736683974,3.7885240394313655
697,697,1.0191143049145188,415,0,0,0.0,1.0324962777023,1.0104353962561965,1.064114825068584,1.009309683677839,1.0114824078156184,1.0235951562943069,0.7574051097683623,0.6258002855986439,0.423035857164402,0,3.8654986203548645,3.669140521826986
698,698,0.9402024588178788,408,0,0,0.0,1.0262221895292996,0.9911259244279969,1.0575348993484073,1.0104353962561965,0.9456806436315238,1.0126152065263214,0.7711646606364143,0.8202862443392709,0.423035857164402,0,3.800602393145645,3.834462771549786
699,699,0.9815065955444632,415,0,0,0.0,1.0573072240084185,0.9919223562990608,1.025030405466707,0.987818703754018,1.0292136667183611,1.003916572429902,0.8449070458972404,0.7536533308455107,0.5546183566222742,0,3.9564583420907264,3.7373109633284916
700,700,0.9743938320833514,408,0,1,3.295836866004329,1.0573279705090914,1.007573578755084,1.0548319374768893,1.0214053992395804,1.0415527300850602,0.9993000568565548,0.7176087310418087,0.6258002855986439,0.5546183566222742,0,3.8713213691128496,3.654079320449863
701,701,1.004544177148741,510,0,1,3.4657359027997265,1.007396715383443,1.016218495895403,1.0409905647614597,1.005164330916258,1.043114195062613,1.001328241641345,0.7846582031691327,0.6258002855986439,0.0,0,3.8761596783766485,3.64851135405165
702,702,1.0181675188505357,408,0,0,0.0,1.0310486435814583,0.98338429212101,1.0593348305656876,0.996469488897356,1.0603531984132666,0.985200844275134,0.7645193580620365,0.7536533308455107,0.423035857164402,0,3.9152560306224484,3.718707956139011
703,703,1.005164330916258,415,0,0,0.0,1.0391693544220275,1.0104353962561965,1.054034748688777,0.9919223562990608,1.0517894893858508,1.005164330916258,0.7202465379832546,0.6725029670790563,0.5546183566222742,0,3.8652401304799096,3.6800250505505714
704,704,1.004544177148741,415,0,0,0.0,1.0437635603848927,1.009875623760096,0.9411491650454268,0.9957377918930442,1.03800981703048,1.016218495895403,0.824006498432407,0.7063950542796786,0.0,0,3.8469290408932064,3.7282269658282217
705,705,0.9934810060205292,510,0,0,0.0,1.0092527456329368,0.996469488897356,1.0309382876729885,1.0115369245500676,1.0462198477934237,1.019581045851613,0.7371330092563764,0.7063950542796786,0.423035857164402,0,3.823543890355725,3.7339825135787152
706,706,1.008158792920829,415,0,1,3.332204510175204,1.0339359319221963,0.9919223562990608,1.0497220266044227,0.99719132727709,1.0434259027203387,1.0006607804515772,0.8230911610676044,0.6725029670790563,0.423035857164402,1,3.9501750223145624,3.6622774311067845
707,707,1.0006607804515772,510,0,0,0.0,1.0146030333223084,0.999984786274994,1.0349285409218254,1.0032813507727991,1.0425132070302552,0.97105164486998,0.819331006683021,0.6258002855986439,0.6725029670790563,1,3.91137578795741,3.600118067516417
708,708,1.0063829237830022,415,0,0,0.0,1.033379279084071,1.013145908971509,1.0468793852262814,1.0032813507727991,1.040481743319358,0.9979035478286284,0.778890100585339,0.6258002855986439,0.5546183566222742,0,3.899630508215049,3.6401310931715805
709,709,1.0167128902475082,415,0,0,0.0,1.0175423543659758,1.0104353962561965,1.029820564851864,1.019581045851613,1.0458730855877978,1.009875623760096,0.8405228745078467,0.7536533308455107,0.5546183566222742,0,3.9337588793134843,3.7935453967134167
710,710,1.007573578755084,408,0,1,3.58351893845611,1.0483990275686097,1.0063829237830022,1.0443485659337182,1.0069816697157885,1.0428861684705877,1.0069816697157885,0.8483908286189654,0.7536533308455107,0.0,0,3.984024590591881,3.77399959406009
711,711,1.0167128902475082,415,0,0,0.0,1.0236379740188406,1.0200434531560645,1.0467744980390934,1.0172024688229897,1.0591959112984437,0.985200844275134,0.7711646606364143,0.5546183566222742,0.423035857164402,0,3.900773043992792,3.577065122876463
712,712,0.9805436220896986,510,1,1,3.4011973816621555,1.023509408818104,1.0109891235542634,1.0228179964709982,0.996469488897356,1.0496727986811845,0.9942438142135328,0.7202465379832546,0.7325687477104176,0.0,0,3.8162467419535417,3.7342711743755697
713,713,0.8878276945462743,510,0,0,0.0,1.0693372355884403,1.0069816697157885,1.0566381236970237,1.0115369245500676,1.024064111625533,1.0307537956581727,0.8133725028259741,0.6258002855986439,0.5546183566222742,1,3.963411973736971,3.675072675522673
714,714,1.0273061898515887,510,0,0,0.0,1.0338320543585269,0.9687112141532412,1.0491277212773238,1.0069816697157885,1.046431938822867,1.019581045851613,0.7743279928495146,0.7325687477104176,0.7536533308455107,0,3.9037197073082317,3.7278426774310605
715,715,0.9815065955444632,415,0,0,0.0,1.0479663517835232,0.9957377918930442,1.0432844785521025,0.9860873110883348,1.0307168120689734,1.009875623760096,0.7302124673395967,0.7711646606364143,0.0,0,3.8521801097441957,3.7628653873778894
716,716,0.9687112141532412,415,0,0,0.0,1.0583732672856547,1.015719197900225,1.0470101556288598,1.0176873172212282,1.0529262249404068,0.978566837930225,0.7860478795856021,0.6258002855986439,0.423035857164402,1,3.944357527440524,3.637773638650322
717,717,1.031850253219713,415,0,0,0.0,1.0418751073916055,1.0104353962561965,0.9794649667153152,0.9934810060205292,1.0454966847509102,1.0069816697157885,0.8326639275093545,0.6725029670790563,0.6725029670790563,1,3.8995006863671855,3.683401039071571
718,718,1.013145908971509,415,0,1,3.218875824868201,1.0131986759170022,0.9903176749711242,1.008506765369007,0.9805436220896986,1.0553338595673334,0.9815065955444632,0.8574200375514633,0.5546183566222742,0.423035857164402,0,3.934459338404806,3.50698624922756
719,719,0.8878276945462743,408,0,0,0.0,1.0413759386654229,0.9949959866312726,1.033762676392974,1.007573578755084,1.0493762989946132,0.9815065955444632,0.8449070458972404,0.6725029670790563,0.7325687477104176,0,3.9694219599502505,3.6565791280098763
720,720,1.0176873172212282,415,0,1,3.258096538021482,0.9896623487088808,0.9993000568565548,1.032674190053846,1.008158792920829,1.0593546401965996,1.005164330916258,0.7093036193744068,0.7325687477104176,0.0,0,3.7909947983337333,3.7451919284040596
721,721,0.9402024588178788,415,0,1,3.49650756146648,1.032851441880052,0.987818703754018,1.037563484630335,1.015719197900225,1.0414349440266375,1.0063829237830022,0.7727589769680201,0.7063950542796786,0.0,0,3.884608847505045,3.7163158797169236
722,722,1.013145908971509,415,0,0,0.0,1.05992524698254,1.025691534626503,1.0685128012881118,1.0147055277003714,1.0465112195770865,0.996469488897356,0.8405228745078467,0.8102372017222292,0.7063950542796786,1,4.015472142355585,3.8471037529464596
723,723,0.9456806436315238,510,0,0,0.0,1.0314146742296766,0.996469488897356,1.0143974196940293,0.9927072832290874,1.0325675221964723,0.9979035478286284,0.805879938962908,0.6258002855986439,0.5546183566222742,0,3.884259555083086,3.6128806055537157
724,724,0.9538597857904456,408,0,1,3.218875824868201,1.047991917804974,1.0186431550010258,1.0640260012825231,0.9610711304112431,1.0678837772261314,1.0191143049145188,0.805879938962908,0.6725029670790563,0.423035857164402,0,3.985781635276536,3.6713315574058445
725,725,1.0379463144765462,510,0,0,0.0,1.0635791126910614,1.015719197900225,1.0637047095491816,1.0109891235542634,1.0595719556352643,1.009875623760096,0.8047572096727953,0.6725029670790563,0.0,1,3.9916129875483026,3.7090869122936407
726,726,1.028482925863037,408,0,0,0.0,1.0034090126067978,1.0152149060491755,1.0242758015520137,0.9934810060205292,1.0437635603848927,1.016218495895403,0.7627869824840867,0.6258002855986439,0.5546183566222742,0,3.8342353570277905,3.6507146935637516
727,727,1.005777194524828,415,0,0,0.0,1.0044192575164872,0.9824533207775524,1.0625609545662724,1.0167128902475082,1.051388274454874,1.0104353962561965,0.8310007739998975,0.7063950542796786,0.5546183566222742,0,3.949369260537531,3.715996661560936
728,728,0.9805436220896986,415,0,0,0.0,1.008216951459733,1.0006607804515772,1.011916921096432,0.999984786274994,1.065079960628831,0.9911259244279969,0.7758724080478123,0.7325687477104176,0.0,0,3.861086241232808,3.7243402388649853
729,729,0.9568484637059635,408,0,0,0.0,1.0483990275686097,0.9754660547759244,1.0486768104764748,1.007573578755084,1.0725408693079292,1.0191143049145188,0.7121400728706546,0.5546183566222742,0.423035857164402,0,3.881756780223668,3.556772295067802
730,730,1.0167128902475082,415,0,0,0.0,1.0451171634905694,1.0087374499934136,1.0185009387773685,1.0006607804515772,1.0414644185912862,1.0104353962561965,0.8102372017222292,0.6725029670790563,0.423035857164402,0,3.9153197225814536,3.6923365937802437
731,731,1.0248637173933617,510,0,0,0.0,1.0087949602426414,1.0104353962561965,1.03465678484363,0.9662729529060342,1.033866705430432,0.9986063829166985,0.7887680926690985,0.5546183566222742,0.423035857164402,0,3.8660865431858022,3.5299330887012035
732,732,0.97330117724734,415,0,0,0.0,1.009309683677839,0.9553725127999176,1.0493762989946132,0.9911259244279969,1.044734473637668,0.9949959866312726,0.6872305205026541,0.8374666287558015,0.423035857164402,0,3.790650976812774,3.7789610526149886
733,733,0.987818703754018,415,0,0,0.0,1.0541017297682356,1.0147055277003714,1.0245706410175175,0.9553725127999176,1.0755570812868542,1.0063829237830022,0.7900996062387244,0.7063950542796786,0.423035857164402,0,3.9443290583113324,3.6828560185629695
734,734,0.9420819232681112,415,0,0,0.0,0.9912861460290489,1.0209555590262906,0.9884963067156396,1.004544177148741,1.0430857532729936,0.9869597981852865,0.8080847309801162,0.5546183566222742,0.423035857164402,0,3.8309529369977984,3.567077890982592
735,735,1.0248637173933617,415,0,0,0.0,1.0466430487883749,1.0176873172212282,1.0064431101744091,0.987818703754018,1.0381365648606882,0.9957377918930442,0.8374666287558015,0.7325687477104176,0.0,0,3.9286893525792737,3.733812560578708
736,736,0.9886644097649396,415,0,1,3.218875824868201,1.0191611761541786,1.0126152065263214,1.043057293942215,0.9687112141532412,1.0232943838278248,1.015719197900225,0.8143937066027327,0.7063950542796786,0.0,0,3.8999065605269507,3.703440672859466
737,737,1.0455506462352555,510,0,1,3.218875824868201,1.0369184229946713,1.0231649163770178,1.0296317282856953,1.001328241641345,1.038483365040779,0.972187368078744,0.7678971825427153,0.7063950542796786,0.5546183566222742,0,3.8729306988638608,3.703075580376785
738,738,0.8918212615283342,415,0,0,0.0,1.054545710692796,1.005164330916258,1.025773550356757,1.009875623760096,1.0480430067002184,1.005777194524828,0.7457165247157388,0.7063950542796786,0.423035857164402,0,3.87407879246551,3.7272122034808604
739,739,0.9824533207775524,415,0,0,0.0,1.022160868083517,1.0063829237830022,1.0515066517122882,1.005777194524828,1.0594337890753114,1.0109891235542634,0.7964892999116688,0.6725029670790563,0.0,0,3.929590608782785,3.6956522089411497
740,740,0.9824533207775524,415,0,0,0.0,1.0442931706566545,0.9934810060205292,1.0673441523222864,1.005777194524828,1.0285216624571625,1.013145908971509,0.7989278990573876,0.5546183566222742,0.423035857164402,0,3.939086884493491,3.5670224661391403
741,741,0.9824533207775524,510,1,0,0.0,1.017104934229229,1.004544177148741,1.046272962986625,0.999984786274994,1.0461932670132652,1.0248637173933617,0.8382411892305852,0.6725029670790563,0.423035857164402,1,3.947812353459704,3.701895647896153
742,742,1.044182179416886,408,0,0,0.0,1.0182630087541384,0.9934810060205292,1.020592724871382,1.005777194524828,1.037499375205421,1.015719197900225,0.8123395143700564,0.5546183566222742,0.423035857164402,0,3.8886946232009976,3.5695957550678568
743,743,0.9927072832290874,408,0,0,0.0,1.050959514047514,0.9942438142135328,1.0501626778185116,1.0069816697157885,1.05747292281811,0.99719132727709,0.8293046663001791,0.6258002855986439,0.6725029670790563,0,3.987899780984314,3.624217096805055
744,744,0.996469488897356,510,0,1,3.6375861597263857,1.0323177002702164,1.0069816697157885,1.0527425973260325,1.0115369245500676,1.061762551469606,0.9986063829166985,0.7887680926690985,0.6725029670790563,0.0,0,3.9355909417349535,3.689627944261611
745,745,1.0191143049145188,415,0,0,0.0,1.014448901453341,1.0176873172212282,1.0412280962126754,0.9568484637059635,1.060372551283186,1.0069816697157885,0.8397691990112335,0.5546183566222742,0.423035857164402,0,3.9558187479604365,3.5361358072652544
746,746,0.9624149872572304,408,0,0,0.0,0.9965421123324092,0.9957377918930442,1.0380415361076007,1.0115369245500676,1.065921888925197,0.9949959866312726,0.819331006683021,0.7711646606364143,0.5546183566222742,0,3.9198365440482275,3.7734353637107985
747,747,1.0126152065263214,415,0,0,0.0,1.034588601810145,1.022292995628416,1.0544351304763362,1.0069816697157885,1.0454966847509102,1.0063829237830022,0.8483908286189654,0.6725029670790563,0.0,0,3.982911245656357,3.7081605562062636
748,748,1.0172024688229897,415,0,0,0.0,1.0509355736560304,0.9942438142135328,1.0237234977398957,1.0109891235542634,1.046590362812797,1.0087374499934136,0.741511301806249,0.5546183566222742,0.0,0,3.862760736014972,3.568588744383484
749,749,1.0200434531560645,510,0,0,0.0,1.0418751073916055,1.0069816697157885,1.04606013061016,1.0176873172212282,1.0607386312751232,0.9942438142135328,0.825808803625318,0.5546183566222742,0.423035857164402,0,3.9744826729022074,3.573531157772824
750,750,0.9886644097649396,415,0,1,3.367295829986474,1.03428056010004,1.0265055527832043,1.0415233115985725,1.005777194524828,1.0421952569460855,1.004544177148741,0.7887680926690985,0.7325687477104176,0.6725029670790563,1,3.906767221313796,3.7693956721671906
751,751,1.0152149060491755,415,0,0,0.0,1.0382629710766498,0.9942438142135328,1.025691534626503,0.985200844275134,1.052696572280719,1.0141909676964709,0.815403362323621,0.7325687477104176,0.5546183566222742,0,3.9320544403074926,3.7262043738955555
752,752,0.9474052700602774,408,0,0,0.0,1.0578434784828656,0.9754660547759244,1.0585954972353182,0.996469488897356,1.045388570602082,1.0069816697157885,0.8326639275093545,0.7063950542796786,0.5546183566222742,1,3.9944914738296204,3.6853122676687478
753,753,1.0019873653802,408,0,0,0.0,1.031378196620574,0.9903176749711242,1.029782856679349,1.0147055277003714,1.0574935913648222,1.0109891235542634,0.7773928950827131,0.6258002855986439,0.423035857164402,0,3.896047539747458,3.641812611824403
754,754,0.9934810060205292,408,0,0,0.0,1.0534952414369436,1.016218495895403,1.050065126678089,0.9934810060205292,1.0360994692785148,0.9886644097649396,0.8102372017222292,0.6258002855986439,0.423035857164402,0,3.9498970391157764,3.6241641972795158
755,755,1.007573578755084,415,0,0,0.0,1.004544177148741,1.0186431550010258,1.0546339771253748,1.004544177148741,1.0350638369279843,0.9949959866312726,0.7695443153937457,0.6258002855986439,0.423035857164402,0,3.8637863065958453,3.6439836043796827
756,756,0.958289233840266,415,0,0,0.0,1.0455776031406427,0.9927072832290874,1.0316692430666674,0.9993000568565548,1.0275043055641846,1.0244444982729537,0.8069890155045473,0.5546183566222742,0.6258002855986439,0,3.911740167276042,3.5710701949808703
757,757,1.0252793777568705,415,1,0,0.0,1.0277016161093295,0.9775519190240616,1.0633268158388505,0.9815065955444632,1.0414938744412832,1.0147055277003714,0.7914126806490488,0.8449070458972404,0.0,0,3.923934987038512,3.8186710881661363
758,758,0.996469488897356,510,0,1,3.1780538303479458,1.0523962491480654,1.0006607804515772,1.04011919575166,0.9942438142135328,1.0414644185912862,1.0181675188505357,0.8230911610676044,0.6258002855986439,0.6258002855986439,0,3.9570710245586165,3.6388723991142897
759,759,0.9650147563028656,408,0,0,0.0,1.033414261241099,1.002638340774061,1.011916921096432,0.9934810060205292,1.0424267099056757,1.013145908971509,0.8275744235987819,0.7063950542796786,0.5546183566222742,0,3.9153323158419884,3.7156603100457777
760,760,0.7063950542796786,415,0,0,0.0,1.0439593899983166,1.0063829237830022,1.0405118285674926,0.8202862443392709,1.047915176518,0.9919223562990608,0.8318363985199613,0.6258002855986439,0.6258002855986439,0,3.9642227936037706,3.4443918100199777
761,761,1.0006607804515772,408,0,0,0.0,1.0488276136458068,0.9886644097649396,1.0691641703995036,0.9553725127999176,1.0279765096234563,1.0087374499934136,0.6800889582869747,0.6258002855986439,0.0,0,3.826057251955741,3.578574658156915
762,762,1.0244444982729537,415,0,1,3.4339872044851463,1.0292518223263003,0.98338429212101,1.0335539334655686,1.0006607804515772,1.0603531984132666,0.9903176749711242,0.8080847309801162,0.7063950542796786,0.423035857164402,0,3.931243685185252,3.68075780182339
763,763,0.7860478795856021,408,0,1,3.4657359027997265,1.0424267099056757,1.0191143049145188,1.044898874699656,1.001328241641345,1.0416702177598245,1.003916572429902,0.8318363985199613,0.5546183566222742,0.423035857164402,0,3.9608322008851173,3.57897747560804
764,764,0.9815065955444632,415,0,0,0.0,1.0367883428150193,1.0191143049145188,1.0558944862397524,1.005777194524828,1.01541722792598,0.9919223562990608,0.8221661298163554,0.6725029670790563,0.0,0,3.930266186797107,3.6893168228174638
765,765,0.9420819232681112,408,0,0,0.0,1.0518833735857838,1.0265055527832043,1.0403310247076063,1.0147055277003714,1.0183583166855,1.002638340774061,0.7887680926690985,0.6258002855986439,0.0,0,3.899340807647988,3.669649706856281
766,766,1.0152149060491755,408,0,1,3.5263605246161616,1.0366252358514565,1.004544177148741,1.0559159076119062,1.005777194524828,1.0331336821495003,1.0120789147763565,0.8334834996046646,0.6258002855986439,0.423035857164402,1,3.9591583252175275,3.648200572048569
767,767,0.9979035478286284,415,0,0,0.0,1.0413759386654229,0.9765185323813282,1.0588166060985782,0.972187368078744,1.0191143049145188,0.99719132727709,0.7832481321537382,0.6725029670790563,0.0,0,3.9025549818322576,3.6184001948162186
768,768,0.9919223562990608,415,0,0,0.0,1.0371128719039242,1.0152149060491755,1.0506231833876123,1.015719197900225,1.0493266926677718,0.9538597857904456,0.815403362323621,0.423035857164402,0.423035857164402,0,3.952466110282929,3.4078297469042482
769,769,0.9934810060205292,415,0,0,0.0,1.0515302897439265,0.9957377918930442,1.0325675221964723,1.0019873653802,1.0292899478010715,0.9957377918930442,0.8183653079108115,0.6258002855986439,0.423035857164402,0,3.9317530676522816,3.619263234764932
770,770,1.022292995628416,408,0,0,0.0,1.0252793777568705,0.9957377918930442,1.0387652135428778,1.002638340774061,1.0182152865888128,0.9979035478286284,0.8230911610676044,0.5546183566222742,0.0,0,3.9053510389561654,3.5508980371180083
771,771,0.8791286218612396,510,0,1,3.4657359027997265,1.0218067905767407,0.9957377918930442,1.0605463413012743,0.9911259244279969,1.037978076495735,0.9949959866312726,0.7927077628291277,0.7536533308455107,0.7325687477104176,0,3.9130389712028775,3.735513033797824
772,772,1.005164330916258,415,0,0,0.0,1.0193482217519416,0.985200844275134,1.0196738716251463,1.0126152065263214,1.0593150119552202,0.97105164486998,0.8293046663001791,0.7325687477104176,0.0,0,3.927641771632487,3.701436443381853
773,773,0.9979035478286284,408,0,1,3.091042453358316,1.021045854340093,1.005777194524828,1.0323892113461453,1.0181675188505357,1.040300822347605,0.9957377918930442,0.8183653079108115,0.5546183566222742,0.6725029670790563,1,3.9121011959446546,3.5743008618906815
774,774,0.97105164486998,415,0,0,0.0,1.0618748437902648,1.003916572429902,1.0596507122176324,1.0109891235542634,1.0504298598360993,1.013145908971509,0.8301569118312014,0.6725029670790563,0.6725029670790563,1,4.0021123276751975,3.70055457203473
775,775,1.031850253219713,415,0,0,0.0,1.0060203337876854,0.978566837930225,1.0481195323981587,1.0152149060491755,1.0503086098308227,1.0172024688229897,0.7678971825427153,0.7063950542796786,0.0,0,3.872345658559382,3.717379267082069
776,776,1.004544177148741,408,0,1,3.218875824868201,1.0097629331299278,0.9919223562990608,1.054034748688777,1.003916572429902,1.060022878096626,0.9886644097649396,0.751725067666227,0.6725029670790563,0.423035857164402,0,3.875545627581558,3.657006305572959
777,777,0.9911259244279969,415,0,1,3.5263605246161616,1.0311587463306209,1.0063829237830022,1.027622788125207,1.0032813507727991,1.047761303856438,1.007573578755084,0.8293046663001791,0.8638627871008836,0.423035857164402,0,3.935847504612445,3.8811006404117685
778,778,0.99719132727709,510,0,0,0.0,1.047503685924683,1.005777194524828,1.050550784298696,1.013145908971509,1.0497466204510668,1.005777194524828,0.7860478795856021,0.6725029670790563,0.423035857164402,0,3.9338489702600477,3.697203265100221
779,779,0.985200844275134,415,0,0,0.0,1.0245706410175175,1.009875623760096,1.0668642209684327,1.009309683677839,1.0431994153840698,0.9894972828240028,0.7977165865059108,0.423035857164402,0.423035857164402,0,3.932350863875931,3.43171844742634
780,780,0.972187368078744,415,1,0,0.0,1.073118817450811,0.9610711304112431,1.0561934450541082,0.9869597981852865,1.0613861303878986,1.003916572429902,0.8318363985199613,0.7860478795856021,0.423035857164402,1,4.022534791412779,3.7379953806120336
781,781,1.0311220734769209,415,0,1,2.772588722239781,1.010934019443065,1.003916572429902,1.02581450661461,1.0261002420274623,1.042828985406656,1.022292995628416,0.8183653079108115,0.7860478795856021,0.423035857164402,0,3.8979428193751424,3.8383576896713825
782,782,1.0087374499934136,415,1,1,3.332204510175204,1.0599447906910346,1.004544177148741,1.059036604311926,0.9824533207775524,1.0376594850543748,1.0063829237830022,0.7758724080478123,0.5546183566222742,0.423035857164402,1,3.932513288105148,3.5479987783315696
783,783,1.022730883502586,510,0,0,0.0,1.0354674211985757,1.0126152065263214,1.011645783817618,1.0181675188505357,1.0505266253719583,1.0115369245500676,0.8580278252863395,0.6725029670790563,0.6258002855986439,0,3.9556676556744916,3.7148226170059813
784,784,1.037627506704872,408,0,0,0.0,1.0613861303878986,1.0277016161093295,1.0405719407756018,0.9698932078063358,1.0265458990419931,1.0172024688229897,0.8342952500710278,0.6258002855986439,0.423035857164402,0,3.962799220276522,3.640597578337299
785,785,0.932077249682868,415,0,1,3.4657359027997265,1.0433976525725623,1.013145908971509,1.0562784917135388,0.978566837930225,1.065614529434215,1.005164330916258,0.6685278693421354,0.5546183566222742,0.0,0,3.833818543062451,3.551495434440266
786,786,0.9456806436315238,510,0,1,3.295836866004329,0.9969757964248112,1.005164330916258,1.027937334401142,1.0136711282744777,0.9713947095918034,1.004544177148741,0.7662224715044368,0.7063950542796786,0.423035857164402,0,3.7625303119221933,3.729774690619155
787,787,0.978566837930225,510,0,0,0.0,1.017348416174284,1.0019873653802,1.0242758015520137,1.0063829237830022,1.0575348993484073,0.999984786274994,0.7939852844174682,0.5546183566222742,0.0,0,3.8931444014921732,3.5629734320604705
788,788,1.0265055527832043,510,0,1,3.5263605246161616,1.056617049797331,1.0069816697157885,1.0527885750246886,1.0087374499934136,1.047761303856438,0.9934810060205292,0.8036205267754964,0.7325687477104176,0.6258002855986439,0,3.9607874554539544,3.741768873440149
789,789,0.9986063829166985,510,0,0,0.0,1.0414938744412832,1.007573578755084,1.0285990427384548,0.9993000568565548,1.0255682521944165,1.0006607804515772,0.7627869824840867,0.7063950542796786,0.423035857164402,0,3.858448151858241,3.7139294703428942
790,790,1.0379463144765462,510,0,0,0.0,1.0121327985573705,1.0032813507727991,1.044679542139714,1.0019873653802,1.038858787206424,1.004544177148741,0.816401699882637,0.7063950542796786,0.0,0,3.9120728277861456,3.716207947581419
791,791,0.9662729529060342,510,0,0,0.0,1.0380732337538687,0.987818703754018,1.052419422652111,1.0019873653802,1.0369184229946713,1.005777194524828,0.8427438869642762,0.6258002855986439,0.0,0,3.970154966364927,3.62138354925769
792,792,1.0332741782140202,415,0,0,0.0,1.046272962986625,1.008158792920829,1.0332039819518073,0.9986063829166985,0.9603876754123088,0.996469488897356,0.7695443153937457,0.6258002855986439,0.0,0,3.8094089357444867,3.629034950333527
793,793,1.020501600316601,408,0,0,0.0,1.0617438077784016,1.022730883502586,1.0514593382656887,1.0126152065263214,1.0127749992492736,1.004544177148741,0.8275744235987819,0.6725029670790563,0.5546183566222742,1,3.953552568892146,3.712393234256705
794,794,1.0235951562943069,415,0,0,0.0,1.0168602655387755,0.9911259244279969,1.0341774338397145,1.0147055277003714,1.0584946232320362,0.9986063829166985,0.7773928950827131,0.6725029670790563,0.423035857164402,0,3.8869252176932396,3.6769408021241228
795,795,0.9979035478286284,408,0,1,3.49650756146648,1.022774459229829,0.996469488897356,1.034074083243674,0.9805436220896986,1.0538780663709273,1.0115369245500676,0.749760341930018,0.6258002855986439,0.5546183566222742,0,3.8604869507744484,3.614350321135766
796,796,0.972187368078744,415,0,1,3.332204510175204,1.044541925139165,1.0032813507727991,1.0251965277140376,0.9949959866312726,1.027780316229122,1.0176873172212282,0.8230911610676044,0.6258002855986439,0.423035857164402,0,3.920609930149929,3.641764940223944
797,797,0.9507170793714552,415,0,0,0.0,1.0414349440266375,0.99719132727709,1.068688544537155,0.9919223562990608,1.0206836824587835,1.0104353962561965,0.7758724080478123,0.6725029670790563,0.5546183566222742,0,3.9066795790703885,3.6720520469114035
798,798,1.038577503156629,408,0,0,0.0,1.0249887866330991,0.996469488897356,1.0429147334695923,0.9650147563028656,1.0502357028914229,0.9993000568565548,0.7325687477104176,0.7536533308455107,0.423035857164402,0,3.8507079707045317,3.7144376329022872
799,799,1.034314885822944,415,0,1,3.7612001156935615,1.0009287777885654,0.9637291374803096,1.045171573673812,1.001328241641345,1.036297319045001,1.016218495895403,0.8143937066027327,0.5546183566222742,0.5546183566222742,0,3.8967913771101115,3.5358942316393316
800,800,1.0296317282856953,415,0,0,0.0,1.038702727001753,1.009309683677839,1.0342118341416129,0.99719132727709,1.0344861431961,1.0152149060491755,0.8133725028259741,0.6258002855986439,0.6258002855986439,0,3.92077320716544,3.6475162026027483
801,801,0.8102372017222292,415,0,0,0.0,1.025030405466707,1.0191143049145188,1.0639548100243752,0.9538597857904456,1.0424843926306362,1.002638340774061,0.795245662433237,0.7325687477104176,0.5546183566222742,0,3.9267152705549555,3.7081811791894435
802,802,1.0388899368905145,415,0,0,0.0,1.0057162317424455,1.009309683677839,1.0437635603848927,1.0141909676964709,1.0580071723432802,0.996469488897356,0.7711646606364143,0.7063950542796786,0.5546183566222742,0,3.878651625107033,3.7263651945513447
803,803,1.003916572429902,415,0,0,0.0,1.011427832862101,1.0167128902475082,0.9894145628571076,1.0172024688229897,1.0665300566765838,1.0032813507727991,0.8202862443392709,0.6725029670790563,0.0,0,3.8876586967350635,3.7096996769223534
804,804,1.0152149060491755,415,0,0,0.0,1.052419422652111,0.999984786274994,1.045685272253405,1.0141909676964709,1.0478383053375802,0.996469488897356,0.819331006683021,0.5546183566222742,0.0,0,3.965274006926117,3.565263599491095
805,805,0.93826565414555,415,0,0,0.0,1.025113537097338,1.0126152065263214,1.0286376865168383,1.007573578755084,1.0425995426257593,1.0087374499934136,0.7803646465744236,0.6258002855986439,0.423035857164402,0,3.8767154128143595,3.6547265208734627
806,806,1.0200434531560645,415,0,0,0.0,1.0372097959063549,1.0200434531560645,1.05502901881936,0.987818703754018,1.037080519485866,1.0141909676964709,0.7874176770111411,0.6725029670790563,0.5546183566222742,0,3.9167370112227218,3.6945560916856097
807,807,0.9842999824276124,415,0,0,0.0,1.0590565494328688,1.026907518550221,1.0519068139438488,0.9775519190240616,1.0351987476318485,1.0032813507727991,0.8143937066027327,0.7063950542796786,0.423035857164402,1,3.960555817611299,3.71413584262676
808,808,1.0115369245500676,415,0,1,3.5263605246161616,1.025691534626503,0.9805436220896986,1.042628285358523,1.030382672860129,1.0546339771253748,1.022730883502586,0.839008674512346,0.6258002855986439,0.5546183566222742,0,3.961962471622747,3.6594574640510573
809,809,1.0292518223263003,510,0,0,0.0,1.0339359319221963,1.0019873653802,1.0295938720473996,1.0006607804515772,1.0411391642197536,0.9949959866312726,0.7574051097683623,0.7063950542796786,0.0,0,3.8620740779577116,3.7040391867427287
810,810,1.002638340774061,510,0,0,0.0,1.024654556181075,0.9934810060205292,1.0429718105027068,0.9942438142135328,1.0152655625786635,1.0126152065263214,0.7678971825427153,0.7711646606364143,0.5546183566222742,0,3.8507891118051605,3.771504687396798
811,811,1.0261002420274623,510,1,0,0.0,1.020501600316601,0.97330117724734,1.0589367421471765,0.9979035478286284,1.047991917804974,1.0181675188505357,0.8123395143700564,0.6258002855986439,0.423035857164402,0,3.939769774638808,3.615172529525148
812,812,0.9754660547759244,415,0,1,3.367295829986474,0.9993000568565548,0.9986063829166985,1.0642742472010065,0.9815065955444632,1.0313416912368776,1.0109891235542634,0.7989278990573876,0.5546183566222742,0.5546183566222742,0,3.8938438943518268,3.5457204586376996
813,813,1.031850253219713,510,1,0,0.0,1.042542003482222,1.0063829237830022,1.056172157784209,1.005777194524828,1.0573279705090914,1.0186431550010258,0.8284438879783939,0.423035857164402,0.423035857164402,1,3.9844860197539163,3.453839130473258
814,814,0.978566837930225,415,0,0,0.0,1.050113928631741,1.0109891235542634,1.0483990275686097,1.0104353962561965,1.050284320621803,1.0152149060491755,0.0,0.0,0.423035857164402,0,3.1487972768221537,3.0366394258596356
815,815,1.0019873653802,415,0,1,3.7612001156935615,1.048424351022507,1.0167128902475082,1.052373063636423,1.005164330916258,1.0482975920994524,1.002638340774061,0.7900996062387244,0.6725029670790563,0.5546183566222742,1,3.939194612997107,3.6970185290168835
816,816,0.9934810060205292,415,0,0,0.0,1.0262221895292996,1.007573578755084,1.0356011880561276,1.003916572429902,1.0341430086116687,0.9743938320833514,0.714907481702041,0.7860478795856021,0.423035857164402,0,3.8108738678991374,3.7719318628539393
817,817,0.9934810060205292,510,0,0,0.0,1.0529491254135428,0.9919223562990608,1.0239791793588722,0.996469488897356,1.0453615021341385,0.9979035478286284,0.7927077628291277,0.7063950542796786,0.423035857164402,0,3.9149975697356814,3.692690447304724
818,818,0.978566837930225,408,0,0,0.0,1.0437915871031265,1.009309683677839,1.0478895672438726,1.0115369245500676,1.0354003956610682,1.005777194524828,0.805879938962908,0.7325687477104176,0.5546183566222742,0,3.932961488970975,3.7591925504631525
819,819,1.0136711282744777,408,0,1,3.49650756146648,1.0246964599331927,0.985200844275134,1.0464054812686945,1.0172024688229897,1.0353332750537292,1.003916572429902,0.8202862443392709,0.5546183566222742,0.6258002855986439,0,3.9267214605948872,3.5609382421503
820,820,0.9934810060205292,510,1,0,0.0,1.021045854340093,0.987818703754018,1.0332741782140202,0.979563883308144,1.0360333346550443,1.003916572429902,0.8069890155045473,0.7063950542796786,0.0,0,3.897342382713705,3.6776942137717428
821,821,1.009875623760096,415,0,0,0.0,1.0098193093436212,0.99719132727709,1.0109891235542634,1.0248637173933617,1.0264247598676317,0.9869597981852865,0.8382411892305852,0.6258002855986439,0.7063950542796786,1,3.885474381996101,3.634815128454382
822,822,0.98338429212101,415,0,0,0.0,1.0156187419675098,0.9949959866312726,1.0472186104633223,1.005164330916258,1.058655910393008,0.996469488897356,0.8069890155045473,0.5546183566222742,0.5546183566222742,0,3.9284822783283873,3.551248163067161
823,823,1.0277016161093295,510,0,0,0.0,1.0411094823348612,0.985200844275134,1.0496481645775166,1.005777194524828,1.0538331985260525,1.0126152065263214,0.7887680926690985,0.7063950542796786,0.6725029670790563,0,3.9333589381075287,3.709988299605962
824,824,1.031850253219713,510,0,1,3.6635616461296463,1.0542131412951734,1.009875623760096,1.044679542139714,1.003916572429902,1.045846302286853,1.009875623760096,0.8523844819950629,0.7325687477104176,0.0,0,3.9971234677168033,3.756236567660512
825,825,0.996469488897356,510,1,1,3.218875824868201,0.9982561243515644,1.009875623760096,1.0393238677571432,1.0181675188505357,1.0542798545035723,1.020501600316601,0.7977165865059108,0.6258002855986439,0.0,0,3.889576433118191,3.674345028525877
826,826,1.016218495895403,415,0,0,0.0,1.030975101170884,1.005164330916258,1.0471926057401506,0.985200844275134,1.0380415361076007,1.005164330916258,0.8013040485562493,0.7711646606364143,0.6258002855986439,0,3.9175132915748847,3.7666941667440637
827,827,1.0307537956581727,510,0,0,0.0,1.0496481645775166,1.0186431550010258,1.0546119269551917,1.007573578755084,1.05260437978849,0.98338429212101,0.741511301806249,0.7063950542796786,0.0,0,3.8983757731274475,3.7159960801567986
828,828,1.003916572429902,415,0,0,0.0,1.025444657871244,0.9934810060205292,1.0596703791946,1.0181675188505357,1.0488276136458068,0.9662729529060342,0.7555463047707869,0.7536533308455107,0.0,0,3.8894889554824372,3.73157480862261
829,829,0.9919223562990608,510,0,0,0.0,1.0474778436650976,1.0069816697157885,1.0514593382656887,1.004544177148741,1.032674190053846,1.0120789147763565,0.7662224715044368,0.6258002855986439,0.0,0,3.897833843489069,3.64940504723953
830,830,0.9869597981852865,510,0,0,0.0,1.0265055527832043,0.9805436220896986,1.0335190538006391,1.003916572429902,1.0548319374768893,1.0069816697157885,0.7773928950827131,0.7860478795856021,0.423035857164402,0,3.892249439143446,3.777489743820991
831,831,1.0231649163770178,510,0,1,3.258096538021482,1.000120677358329,1.009875623760096,1.037914530946045,0.978566837930225,1.038921065848597,0.9911259244279969,0.8284438879783939,0.7989278990573876,0.5546183566222742,0,3.905400162131365,3.778496285175706
832,832,1.004544177148741,415,0,0,0.0,1.0590565494328688,1.013145908971509,1.037978076495735,0.9775519190240616,1.0480940381649428,1.009875623760096,0.8024695798580879,0.5546183566222742,0.0,0,3.947598243951635,3.5551918083779412
833,833,1.001328241641345,415,1,0,0.0,0.8249123211161004,0.9754660547759244,1.0576791725218326,0.9957377918930442,1.0347928575775416,0.9942438142135328,0.7662224715044368,0.7860478795856021,0.423035857164402,0,3.6836068227199115,3.751495540468104
834,834,0.9860873110883348,408,0,0,0.0,1.0323177002702164,1.0120789147763565,1.0420209043718938,0.9927072832290874,1.0542576278856777,1.002638340774061,0.8001236021366125,0.6258002855986439,0.5546183566222742,0,3.928719834664401,3.6332248243781486
835,835,0.9538597857904456,408,0,0,0.0,1.039385530300604,1.0069816697157885,0.96577289654503,1.013145908971509,1.044898874699656,1.0019873653802,0.7818171316562723,0.6258002855986439,0.423035857164402,0,3.831874433201562,3.6479152296661415
836,836,0.9927072832290874,415,0,1,3.6635616461296463,1.015719197900225,1.0307537956581727,1.020910349628534,1.0136711282744777,1.0228179964709982,1.004544177148741,0.8318363985199613,0.6725029670790563,0.423035857164402,0,3.891283942519718,3.7214720681604483
837,837,0.99719132727709,510,0,0,0.0,1.0463525201075878,1.0167128902475082,1.0438755650247635,0.9842999824276124,0.9846620818924852,1.0006607804515772,0.7803646465744236,0.7325687477104176,0.0,0,3.8552548135992604,3.7342424008371156
838,838,1.036330213511384,415,0,0,0.0,1.053945283476273,0.9805436220896986,1.0408713420527342,1.016218495895403,1.0061414784312908,1.0120789147763565,0.7832481321537382,0.6258002855986439,0.423035857164402,0,3.8842062361140357,3.6346413183601016
839,839,1.016218495895403,510,0,0,0.0,1.0421952569460855,1.0006607804515772,0.9955902476498096,1.0019873653802,1.0359339587402778,1.005164330916258,0.8470149867369593,0.6258002855986439,0.423035857164402,0,3.9207344500731325,3.633612762346679
840,840,1.0413168581813366,415,0,1,3.295836866004329,1.0124549107864709,0.979563883308144,1.02605952499873,0.9942438142135328,1.0366905464035732,1.004544177148741,0.7977165865059108,0.6258002855986439,0.423035857164402,0,3.872921568694685,3.6041521602690616
841,841,1.0032813507727991,510,0,0,0.0,0.9984665558560888,1.0176873172212282,1.0277016161093295,1.005164330916258,1.0543686500325535,1.0120789147763565,0.8069890155045473,0.5546183566222742,0.423035857164402,0,3.8875258375025186,3.589548919536117
842,842,1.0398149028265846,415,1,1,3.4339872044851463,1.0292899478010715,1.0109891235542634,1.013514132014465,1.0063829237830022,1.0580480006621973,1.005777194524828,0.8284438879783939,0.6258002855986439,0.5546183566222742,0,3.929295968456128,3.6489495274607373
843,843,0.9765185323813282,415,0,1,3.4011973816621555,1.0540123992393708,0.9894972828240028,1.0452259193354878,1.005777194524828,1.034246209550648,0.978566837930225,0.7977165865059108,0.7325687477104176,0.0,0,3.9312011146314174,3.7064100629894736
844,844,1.0126152065263214,510,0,1,3.258096538021482,1.048424351022507,1.0235951562943069,1.0504298598360993,0.9775519190240616,1.0599447906910346,1.009875623760096,0.8183653079108115,0.6725029670790563,0.0,0,3.9771643094604525,3.6835256661575206
845,845,1.013145908971509,408,0,0,0.0,1.040541894378512,1.0006607804515772,1.037563484630335,0.9949959866312726,1.0526274457400684,1.0006607804515772,0.8221661298163554,0.7325687477104176,0.423035857164402,0,3.9528989545652706,3.7288862952448447
846,846,1.016218495895403,415,0,0,0.0,1.0341085584241267,1.0136711282744777,1.0525813019323045,1.0248637173933617,1.008506765369007,1.0115369245500676,0.8024695798580879,0.7063950542796786,0.0,0,3.8976662055835263,3.7564668244975854
847,847,0.8836050647842439,510,0,0,0.0,1.0316329587935256,1.007573578755084,1.0489529004272775,0.9942438142135328,1.0421662437495445,1.0115369245500676,0.8249123211161004,0.6725029670790563,0.423035857164402,0,3.947664424086448,3.6858572845977404
848,848,0.98338429212101,415,0,0,0.0,1.024947132380076,0.99719132727709,1.0466430487883749,1.0244444982729537,1.0360002325774176,0.999984786274994,0.819331006683021,0.7860478795856021,0.423035857164402,0,3.9269214204288896,3.80766849141064
849,849,1.0329221586751836,408,0,1,3.258096538021482,1.0492024381824958,0.9942438142135328,1.0282887765244817,1.0019873653802,0.9540127610450848,0.967504775196054,0.8397691990112335,0.7325687477104176,0.423035857164402,0,3.871273174763296,3.6963047025002047
850,850,1.0373065206212844,415,0,0,0.0,1.0524888712336584,1.0063829237830022,1.036723167767421,1.0006607804515772,1.047451986713735,0.985200844275134,0.8249123211161004,0.7536533308455107,0.5546183566222742,0,3.961576346830915,3.7458978793552244
851,851,1.0087374499934136,408,0,0,0.0,1.032210232660216,0.9886644097649396,1.0557657396920594,0.9949959866312726,1.029820564851864,1.0019873653802,0.7846582031691327,0.7711646606364143,0.0,0,3.9024547403732717,3.7568124224128265
852,852,1.0307537956581727,408,0,0,0.0,1.0468531860495816,1.009875623760096,1.0497466204510668,0.9894972828240028,1.0468793852262814,0.9979035478286284,0.7743279928495146,0.6258002855986439,0.423035857164402,0,3.917807184576444,3.623076740011371
853,853,1.0109891235542634,415,0,0,0.0,1.041758138540368,0.9942438142135328,1.036723167767421,0.9860873110883348,1.049500077110868,1.013145908971509,0.0,0.0,0.0,0,3.127981383418657,2.9934770342733765
854,854,0.972187368078744,408,0,1,2.995732273553991,1.0642565627836624,1.0277016161093295,1.051055148327961,1.015719197900225,1.0492024381824958,0.9754660547759244,0.7627869824840867,0.5546183566222742,0.423035857164402,0,3.927301131778206,3.573505225407753
855,855,1.009309683677839,415,0,0,0.0,1.0575348993484073,1.0006607804515772,1.0453073171590817,1.0186431550010258,1.0354339202980136,0.9911259244279969,0.8230911610676044,0.7063950542796786,0.6258002855986439,0,3.961367297873107,3.7168249141602785
856,856,0.967504775196054,408,0,0,0.0,1.0568692744760904,1.0006607804515772,1.0496974193523043,1.0147055277003714,1.0086798755135369,1.002638340774061,0.824006498432407,0.6725029670790563,0.5546183566222742,0,3.939253067774339,3.690507616005066
857,857,1.0104353962561965,408,0,0,0.0,1.0200894583817768,0.9805436220896986,1.0557657396920594,1.0069816697157885,1.0554854972096794,1.015719197900225,0.751725067666227,0.7325687477104176,0.6258002855986439,0,3.8830657629497427,3.7358132374161297
858,858,1.008158792920829,408,0,0,0.0,1.0486768104764748,1.0115369245500676,1.0460867889468028,1.0244444982729537,1.0599643256494355,1.0063829237830022,0.7743279928495146,0.6725029670790563,0.423035857164402,0,3.9290559179222275,3.7148673136850805
859,859,1.005777194524828,510,0,1,3.7612001156935615,1.0038533958113678,0.9869597981852865,1.0501870326572913,1.0006607804515772,1.0544793955905645,0.985200844275134,0.8284438879783939,0.5546183566222742,0.0,0,3.9369637120376177,3.527439779534272
860,860,0.9919223562990608,510,0,0,0.0,1.0472705753830924,1.002638340774061,1.0396926275141585,0.9942438142135328,1.0330280376909131,1.019581045851613,0.8318363985199613,0.6725029670790563,0.5546183566222742,0,3.9518276391081253,3.688966167918263
861,861,1.019581045851613,510,0,0,0.0,1.02902243513999,0.9927072832290874,1.0437635603848927,0.9886644097649396,1.033063278524976,0.9903176749711242,0.8036205267754964,0.6258002855986439,0.0,0,3.909469800825355,3.597489653563795
862,862,0.9662729529060342,510,0,0,0.0,1.0337279494312492,0.9993000568565548,1.053967666643577,0.9934810060205292,1.0158194540864764,1.007573578755084,0.7989278990573876,0.6258002855986439,0.5546183566222742,0,3.9024429692186904,3.6261549272308113
863,863,1.026907518550221,408,0,0,0.0,1.0398759204956818,0.9934810060205292,1.0351313403160722,0.999984786274994,1.033309237605451,1.005164330916258,0.7927077628291277,0.8293046663001791,0.423035857164402,0,3.9010242612463326,3.82793478951196
864,864,1.0468793852262814,408,0,0,0.0,1.0055329138194686,1.0147055277003714,1.0275043055641846,0.979563883308144,1.05736943419691,0.9754660547759244,0.7436347908732243,0.7711646606364143,0.5546183566222742,0,3.8340414444537876,3.7409001264208537
865,865,1.0063829237830022,510,0,0,0.0,1.061196688777851,1.0141909676964709,1.0437915871031265,0.9894972828240028,1.0317779312481266,0.9698932078063358,0.7325687477104176,0.6258002855986439,0.423035857164402,0,3.8693349548395215,3.5993817439254534
866,866,0.9637291374803096,415,0,1,3.4011973816621555,1.062228528720951,1.0147055277003714,1.0501870326572913,1.008158792920829,1.0566591875350635,0.9986063829166985,0.8293046663001791,0.5546183566222742,0.423035857164402,0,3.998379415213485,3.5760890601601734
867,867,1.001328241641345,510,0,0,0.0,1.040481743319358,1.0176873172212282,1.042943280806908,0.9942438142135328,1.038827616770826,1.0186431550010258,0.7093036193744068,0.6725029670790563,0.423035857164402,0,3.8315562602714985,3.7030772535148433
868,868,1.030382672860129,415,0,0,0.0,1.061537090859776,0.9993000568565548,1.0335539334655686,1.0136711282744777,1.02832766872792,0.9869597981852865,0.5718638261495728,0.6725029670790563,0.6258002855986439,0,3.6952825192028373,3.6724339503953756
869,869,1.0120789147763565,415,0,1,3.58351893845611,1.0442931706566545,1.005164330916258,1.0608918538335284,0.9949959866312726,1.0480430067002184,1.002638340774061,0.7758724080478123,0.6725029670790563,0.423035857164402,0,3.929100439238214,3.675301625400648
870,870,0.912001235290911,510,0,0,0.0,1.0323177002702164,0.999984786274994,1.0550071640756122,1.0152149060491755,1.0382945194524773,0.9949959866312726,0.7874176770111411,0.6725029670790563,0.5546183566222742,0,3.9130370608094465,3.682698646034498
871,871,1.009309683677839,510,0,0,0.0,1.0372743011459915,1.0181675188505357,1.0044192575164872,0.9624149872572304,1.0478383053375802,0.9911259244279969,0.8047572096727953,0.5546183566222742,0.6725029670790563,1,3.894289073672854,3.5263267871580375
872,872,0.9568484637059635,415,0,0,0.0,1.0334492177230494,0.9860873110883348,1.045685272253405,0.9949959866312726,1.0478126526752236,1.016218495895403,0.8221661298163554,0.7325687477104176,0.0,0,3.9491132724680336,3.729870541325428
873,873,1.0214053992395804,510,0,1,3.367295829986474,1.0445694815558302,1.002638340774061,1.0555503261851054,1.0126152065263214,1.0295559860672423,1.019581045851613,0.8284438879783939,0.6725029670790563,0.5546183566222742,1,3.958119681786572,3.7073375602310517
874,874,0.9927072832290874,510,0,0,0.0,1.0414644185912862,1.0115369245500676,1.0381365648606882,1.0191143049145188,1.05806840059479,0.9949959866312726,0.8001236021366125,0.7063950542796786,0.6258002855986439,0,3.9377929861833767,3.732042270375538
875,875,1.0280938456756414,510,0,0,0.0,1.053200258496668,1.005164330916258,0.988327687510108,0.996469488897356,1.0476069083535615,1.0120789147763565,0.7278042077485497,0.5546183566222742,0.6258002855986439,0,3.8169390621088874,3.5683310912122446
876,876,1.0126152065263214,415,0,0,0.0,1.0255270888130013,1.0115369245500676,1.0581295435829925,0.9743938320833514,1.056973943729655,1.0104353962561965,0.761024447518017,0.7860478795856021,0.5546183566222742,0,3.9016550236436656,3.782414032475218
877,877,0.9894972828240028,408,0,0,0.0,1.0032813507727991,0.9979035478286284,1.0298582435392996,1.005164330916258,1.0665468272066116,0.9979035478286284,0.8318363985199613,0.5546183566222742,0.0,0,3.931522820038671,3.5555897831957894
878,878,1.028482925863037,415,0,0,0.0,1.0458998532090122,1.001328241641345,1.064556212952959,0.9894972828240028,0.9433650512756748,1.0147055277003714,0.805879938962908,0.6725029670790563,0.423035857164402,0,3.859701056400554,3.678034019244776
879,879,1.007573578755084,408,0,1,2.772588722239781,1.033309237605451,0.9919223562990608,1.0597685814372024,0.9979035478286284,1.0564480953089646,1.0109891235542634,0.8091673682554217,0.6725029670790563,0.423035857164402,0,3.95869328260704,3.6733179947610095
880,880,1.001328241641345,408,0,0,0.0,1.0332741782140202,1.0186431550010258,1.044898874699656,1.0104353962561965,1.03576786626219,0.9986063829166985,0.8249123211161004,0.7536533308455107,0.423035857164402,1,3.9388532402919667,3.781338265019431
881,881,0.9490833369538014,415,0,0,0.0,1.0297451189791813,1.0120789147763565,1.040781723904435,0.9919223562990608,1.0556581639838467,0.9815065955444632,0.8230911610676044,0.6725029670790563,0.6258002855986439,0,3.9492761679350674,3.6580108336989365
882,882,1.0410203227048376,415,0,0,0.0,1.046431938822867,1.0063829237830022,1.0533820172165596,1.015719197900225,1.037978076495735,1.0141909676964709,0.8133725028259741,0.7063950542796786,0.6258002855986439,0,3.9511645353611353,3.7426881436593766
883,883,1.0311220734769209,415,0,0,0.0,1.04105006159986,1.005777194524828,1.0554638664447256,1.0265055527832043,1.0545677937489868,1.0063829237830022,0.8036205267754964,0.7063950542796786,0.423035857164402,1,3.9547022485690686,3.745060725370713
884,884,0.8102372017222292,408,0,1,3.218875824868201,1.0198127865721038,1.001328241641345,1.0518833735857838,1.009309683677839,1.0629273443638785,0.9934810060205292,0.7989278990573876,0.6258002855986439,0.5546183566222742,0,3.9335514035791537,3.6299192169383567
885,885,1.009309683677839,408,0,0,0.0,1.0245706410175175,0.98338429212101,1.0156187419675098,1.0063829237830022,1.0517189469961394,0.9986063829166985,0.8275744235987819,0.7860478795856021,0.5546183566222742,0,3.919482753579949,3.7744214784063126
886,886,1.0019873653802,408,0,1,2.995732273553991,0.9940161009967312,1.004544177148741,1.0501626778185116,0.9927072832290874,1.038983261688513,1.009875623760096,0.7592308162427008,0.6725029670790563,0.5546183566222742,0,3.842392856746457,3.6796300512169804
887,887,1.0109891235542634,415,1,1,3.4657359027997265,1.0364943426379365,1.005164330916258,1.0504540707202217,0.99719132727709,1.0122403956147126,0.996469488897356,0.8230911610676044,0.7989278990573876,0.5546183566222742,0,3.922279970040475,3.7977530461480917
888,888,0.979563883308144,415,0,0,0.0,1.0047309982142991,1.004544177148741,1.022948377902844,0.9869597981852865,1.0332039819518073,1.001328241641345,0.7860478795856021,0.5546183566222742,0.5546183566222742,0,3.8469312376545526,3.5474505735976463
889,889,1.002638340774061,408,0,1,3.258096538021482,1.0555719147688745,0.9986063829166985,1.024191235131682,1.009875623760096,1.041257702397473,1.008158792920829,0.8293046663001791,0.7063950542796786,0.423035857164402,0,3.9503255185982087,3.723035853877302
890,890,0.9903176749711242,415,0,1,3.6375861597263857,0.986525276824098,1.008158792920829,1.0470101556288598,1.0032813507727991,1.0381681983745397,1.003916572429902,0.8183653079108115,0.6725029670790563,0.423035857164402,0,3.8900689387383087,3.6878596832025865
891,891,0.972187368078744,408,0,0,0.0,1.0269475331073237,0.9815065955444632,1.0332390930078363,1.0032813507727991,1.048424351022507,1.0167128902475082,0.8230911610676044,0.5546183566222742,0.7063950542796786,1,3.9317021382052717,3.556119193187045
892,892,1.005777194524828,408,0,0,0.0,1.0458730855877978,0.9911259244279969,1.0576379998931953,1.022730883502586,1.012668526514652,0.996469488897356,0.7860478795856021,0.6258002855986439,0.423035857164402,0,3.902227491581247,3.636126582426582
893,893,1.0252793777568705,415,0,1,3.5263605246161616,1.0566381236970237,0.9934810060205292,1.0435105494199806,1.013145908971509,1.046669368970486,1.0006607804515772,0.8221661298163554,0.6258002855986439,0.5546183566222742,0,3.9689841719038457,3.633087981042259
894,894,1.0063829237830022,415,1,1,3.295836866004329,1.0604112312529104,1.009309683677839,1.0482213663503168,0.9957377918930442,1.057140899111359,1.020501600316601,0.8405228745078467,0.7536533308455107,0.423035857164402,1,4.006296371222433,3.7792024067329955
895,895,0.8692942392849475,510,0,1,3.555348061489413,1.0302334180368578,1.0006607804515772,1.0504540707202217,1.0006607804515772,1.058555175484597,1.0214053992395804,0.8133725028259741,0.423035857164402,0.423035857164402,0,3.95261516706765,3.445762817307137
896,896,0.9474052700602774,408,0,0,0.0,1.023337464073253,0.9886644097649396,1.0503328859531504,1.0104353962561965,1.0360333346550443,0.985200844275134,0.8342952500710278,0.7325687477104176,0.423035857164402,0,3.9439989347524755,3.716869398006688
897,897,1.0176873172212282,510,0,0,0.0,1.0494753485983768,1.007573578755084,1.0408414885284938,1.016218495895403,1.035900786920554,1.0104353962561965,0.8173889426906868,0.6258002855986439,0.5546183566222742,0,3.9436065667381115,3.660027756505327
898,898,0.7860478795856021,415,0,1,3.688879454113936,1.047940771359537,1.007573578755084,1.0347248700131249,1.0115369245500676,1.0412280962126754,1.0126152065263214,0.8001236021366125,0.6258002855986439,0.423035857164402,0,3.92401733972195,3.657525995430117
899,899,1.030382672860129,415,0,0,0.0,1.043057293942215,0.9824533207775524,1.047761303856438,0.999984786274994,1.0432844785521025,0.9886644097649396,0.7695443153937457,0.7325687477104176,0.423035857164402,0,3.903647391744501,3.703671264527904
900,900,1.005777194524828,415,0,0,0.0,1.006623251854081,0.979563883308144,1.054146327867965,0.9903176749711242,1.0267872770162343,1.0109891235542634,0.714907481702041,0.6725029670790563,0.7325687477104176,1,3.8024643384403216,3.653373648912588
901,901,0.9148633202485028,415,0,0,0.0,1.0374030468039463,1.0186431550010258,1.0287919536082624,1.005777194524828,1.0325319132326305,0.99719132727709,0.7093036193744068,0.5546183566222742,0.0,0,3.8080305330192457,3.576230033425218
902,902,0.9993000568565548,408,0,1,3.49650756146648,1.0588166060985782,1.015719197900225,1.0333442712171497,0.9894972828240028,1.0425707820071854,0.9637291374803096,0.805879938962908,0.7063950542796786,0.0,0,3.940611598285821,3.675340672484216
903,903,1.0200434531560645,415,0,0,0.0,1.0422821875572914,1.0063829237830022,1.0183106854264543,0.9986063829166985,1.0322460820457615,1.0136711282744777,0.816401699882637,0.6725029670790563,0.7063950542796786,1,3.909240654912144,3.6911634020532347
904,904,1.0136711282744777,408,0,1,3.218875824868201,1.0487271340111737,0.9986063829166985,1.023035107569892,0.9568484637059635,1.0232943838278248,0.9919223562990608,0.8133725028259741,0.6725029670790563,0.0,0,3.9084291282348644,3.619880170000779
905,905,0.851732346927839,408,0,0,0.0,1.046748238488591,0.9949959866312726,1.0359339587402778,0.9919223562990608,0.9986761589289068,1.003916572429902,0.7832481321537382,0.6725029670790563,0.423035857164402,0,3.864606488311514,3.6633378824392917
906,906,1.0019873653802,408,0,0,0.0,0.9995750100858204,1.005777194524828,1.0461400590025884,1.0032813507727991,1.0218511892271116,1.0126152065263214,0.7228234639800664,0.7063950542796786,0.423035857164402,0,3.7903897222955867,3.7280688061036273
907,907,0.9842999824276124,408,0,1,3.295836866004329,1.0480685296039305,1.0087374499934136,1.045604544177902,0.9934810060205292,1.0212259529674177,1.0235951562943069,0.7727589769680201,0.5546183566222742,0.423035857164402,0,3.88765800371727,3.580431968930524
908,908,1.033970507409735,415,0,0,0.0,1.0198590055260726,1.0141909676964709,1.0472186104633223,0.999984786274994,1.0344177143633213,1.0006607804515772,0.8112944976246211,0.6725029670790563,0.6725029670790563,1,3.9127898279773374,3.687339501502098
909,909,1.0186431550010258,415,0,0,0.0,1.0344519411105462,1.0126152065263214,1.04870197923222,1.0186431550010258,0.9891656507067036,1.002638340774061,0.8183653079108115,0.7536533308455107,0.423035857164402,0,3.8906848789602813,3.7875500331469185
910,910,1.0120789147763565,408,0,0,0.0,1.026262771008648,1.015719197900225,1.037177510086016,1.0104353962561965,1.047555326430231,1.003916572429902,0.7678971825427153,0.7063950542796786,0.423035857164402,0,3.8788927900676105,3.736466220866002
911,911,0.967504775196054,415,1,0,0.0,1.039200297986071,1.0087374499934136,1.046006767235475,0.9979035478286284,1.0452259193354878,1.0136711282744777,0.8112944976246211,0.7325687477104176,0.423035857164402,0,3.9417274821816553,3.7528808738069372
912,912,0.9490833369538014,408,0,1,3.367295829986474,1.0099880676984248,0.978566837930225,1.0295559860672423,1.0063829237830022,1.033866705430432,1.005777194524828,0.805879938962908,0.5546183566222742,0.0,0,3.8792906981590067,3.54534531286033
913,913,0.9362682541349638,510,1,0,0.0,1.035232415341425,0.9610711304112431,1.037978076495735,1.007573578755084,1.062597733596982,0.9949959866312726,0.7743279928495146,0.7860478795856021,0.6258002855986439,0,3.9101362182836565,3.749688575383202
914,914,1.0360002325774176,510,0,0,0.0,1.0358343733278466,0.9860873110883348,1.0246964599331927,0.996469488897356,1.003916572429902,0.97105164486998,0.8091673682554217,0.5546183566222742,0.0,0,3.873614773946363,3.508226801477945
915,915,1.030382672860129,510,0,1,3.4339872044851463,1.0425707820071854,1.0069816697157885,1.0548319374768893,1.007573578755084,1.069431337017939,1.0109891235542634,0.7555463047707869,0.7063950542796786,0.423035857164402,0,3.9223803612728005,3.7319394263048147
916,916,0.9743938320833514,408,0,1,3.49650756146648,1.0406619637145555,1.0126152065263214,1.0190204300942685,0.9957377918930442,1.020181341323095,1.0104353962561965,0.8202862443392709,0.6258002855986439,0.5546183566222742,0,3.9001499794711902,3.644588680274206
917,917,0.9538597857904456,415,1,1,3.295836866004329,1.0669971568041654,0.9986063829166985,1.0639548100243752,0.9860873110883348,1.0366252358514565,1.008158792920829,0.7711646606364143,0.6258002855986439,0.0,0,3.938741863316411,3.618652772524506
918,918,0.9805436220896986,415,0,0,0.0,1.0132513881380072,1.0063829237830022,1.0340395830368314,1.0218511892271116,1.0479663517835232,1.0063829237830022,0.8221661298163554,0.6258002855986439,0.6258002855986439,0,3.9174234527747167,3.6604173223917598
919,919,1.0191143049145188,510,0,0,0.0,1.0292518223263003,0.9993000568565548,1.0457926885777766,1.0063829237830022,1.052696572280719,0.98338429212101,0.8284438879783939,0.423035857164402,0.423035857164402,0,3.95618497116319,3.412103129924969
920,920,1.0248637173933617,408,0,0,0.0,1.029820564851864,1.0032813507727991,1.047761303856438,0.9949959866312726,1.053653273785326,0.9687112141532412,0.7645193580620365,0.8102372017222292,0.423035857164402,0,3.895754500555664,3.7772257532795424
921,921,0.917610260115658,408,0,0,0.0,1.0307168120689734,0.9942438142135328,1.0385147654391056,1.0200434531560645,1.020273054732099,1.003916572429902,0.8275744235987819,0.6258002855986439,0.423035857164402,0,3.9170790558389603,3.644004125398143
922,922,1.033623616220411,415,0,0,0.0,1.0451171634905694,0.9886644097649396,1.0342118341416129,1.0087374499934136,1.0200434531560645,1.016218495895403,0.7887680926690985,0.7063950542796786,0.5546183566222742,0,3.8881405434573457,3.7200154099334353
923,923,0.9805436220896986,408,0,1,3.688879454113936,0.9977618618728002,1.001328241641345,1.060584867305374,1.0115369245500676,1.0340050577700552,0.9903176749711242,0.7278042077485497,0.7536533308455107,0.423035857164402,0,3.820155994696779,3.7568361720080476
924,924,1.0209555590262906,415,0,1,3.49650756146648,1.0486264309770927,0.9860873110883348,1.0040426973405918,1.009309683677839,1.036330213511384,0.9903176749711242,0.7803646465744236,0.5546183566222742,0.0,0,3.8693639884034923,3.5403330263595727
925,925,0.8293046663001791,415,0,0,0.0,1.0422532288289434,0.9949959866312726,1.0425995426257593,0.9957377918930442,1.0402706003870503,1.005164330916258,0.795245662433237,0.5546183566222742,0.6725029670790563,0,3.92036903427499,3.5505164660628488
926,926,0.9957377918930442,415,0,0,0.0,1.0105466214775352,1.007573578755084,1.0411094823348612,0.97105164486998,1.060700241178382,1.016218495895403,0.8382411892305852,0.6725029670790563,0.6258002855986439,0,3.9505975342213633,3.6673466865995232
927,927,1.009309683677839,415,0,1,3.610917912644224,1.0336931971047283,0.9596963204464736,1.053855638099641,1.008158792920829,1.0080422790044032,0.99719132727709,0.8123395143700564,0.5546183566222742,0.6258002855986439,0,3.907930628578829,3.5196647972666675
928,928,1.0032813507727991,408,0,1,3.1780538303479458,1.0588166060985782,1.0032813507727991,1.030382672860129,0.987818703754018,1.0186904705829285,1.002638340774061,0.7592308162427008,0.8374666287558015,0.423035857164402,0,3.8671205657843366,3.83120502405668
929,929,0.9805436220896986,415,0,0,0.0,1.046299497432887,0.99719132727709,1.0429718105027068,1.0087374499934136,1.0397538052306117,1.016218495895403,0.8301569118312014,0.6725029670790563,0.0,0,3.9591820249974066,3.6946502402449637
930,930,0.9754660547759244,510,0,1,3.58351893845611,1.0553121546168802,0.9949959866312726,1.0269875147705876,1.003916572429902,1.0611206802238689,1.0218511892271116,0.7627869824840867,0.7325687477104176,0.423035857164402,0,3.906207332095424,3.7533324959987038
931,931,1.03566792986984,408,0,0,0.0,1.0635431605445715,1.007573578755084,1.0377552896800246,1.0167128902475082,1.02894573003138,1.001328241641345,0.8405228745078467,0.5546183566222742,0.6258002855986439,1,3.9707670547638227,3.580233067266212
932,932,1.0292518223263003,510,0,1,3.49650756146648,1.0419917816691444,0.9894972828240028,1.033379279084071,1.0209555590262906,1.0455506462352555,0.9824533207775524,0.7860478795856021,0.423035857164402,0.5546183566222742,0,3.906969586574073,3.415942019792248
933,933,0.9775519190240616,510,0,0,0.0,1.042542003482222,1.0152149060491755,1.054589865833088,0.9886644097649396,1.0483736899640017,0.987818703754018,0.795245662433237,0.6258002855986439,0.5546183566222742,0,3.9407512217125484,3.617498305166777
934,934,1.015719197900225,415,0,0,0.0,1.0471405516887569,0.99719132727709,1.0486768104764748,1.003916572429902,1.0481195323981587,1.005164330916258,0.7964892999116688,0.7536533308455107,0.6258002855986439,0,3.9404261944750587,3.7599255614687603
935,935,1.0191143049145188,415,0,1,2.5649493574615367,1.024402378463813,0.99719132727709,1.051577528484576,1.003916572429902,1.0428003673012178,1.0032813507727991,0.7818171316562723,0.7063950542796786,0.0,0,3.9005974059058794,3.7107843047594695
936,936,1.0244444982729537,415,0,1,3.295836866004329,1.049549493565732,0.9986063829166985,1.0540123992393708,1.0172024688229897,1.0572033445955151,1.008158792920829,0.7302124673395967,0.7860478795856021,0.5546183566222742,0,3.8909777047402145,3.81001552424612
937,937,0.9934810060205292,408,0,1,3.367295829986474,1.0250719889363462,1.0063829237830022,1.050284320621803,1.0265055527832043,1.0367883428150193,0.9775519190240616,0.8123395143700564,0.7063950542796786,0.0,0,3.924484166743225,3.7168354498699467
938,938,1.0273061898515887,415,0,0,0.0,1.030008664286585,0.9624149872572304,0.9624149872572304,1.0120789147763565,1.032674190053846,1.005164330916258,0.7846582031691327,0.7711646606364143,0.0,0,3.809756044766794,3.750822893586259
939,939,1.0261002420274623,408,1,0,0.0,1.0315239407985322,0.97105164486998,1.0464583810480494,1.009875623760096,1.037499375205421,1.001328241641345,0.7887680926690985,0.6258002855986439,0.5546183566222742,0,3.904249789721101,3.6080557958700648
940,940,0.9942438142135328,415,1,0,0.0,1.0530177564626917,1.001328241641345,1.0566802413203475,0.9869597981852865,1.0633268158388505,0.9842999824276124,0.7574051097683623,0.5546183566222742,0.6725029670790563,1,3.930429923390252,3.5272063788765182
941,941,0.9507170793714552,510,0,0,0.0,1.0408414885284938,0.97105164486998,1.0335887875940006,0.9949959866312726,1.045739011945524,0.979563883308144,0.8310007739998975,0.5546183566222742,0.423035857164402,0,3.9511700620679155,3.500229871431671
942,942,1.0214053992395804,415,0,0,0.0,1.042714406447232,1.0006607804515772,1.0530634519646838,1.013145908971509,1.0364615624754068,1.0172024688229897,0.8102372017222292,0.6258002855986439,0.423035857164402,0,3.9424766226095516,3.6568094438447196
943,943,1.002638340774061,510,0,0,0.0,1.0558301598036814,1.0126152065263214,1.0191143049145188,0.9993000568565548,1.0210909403940018,1.0167128902475082,0.751725067666227,0.5546183566222742,0.423035857164402,0,3.847760472778429,3.5832465102526587
944,944,1.001328241641345,415,0,0,0.0,1.0497220266044227,0.987818703754018,1.0478126526752236,1.005164330916258,1.0643802012350847,0.9949959866312726,0.819331006683021,0.6258002855986439,0.6725029670790563,0,3.9812458871977516,3.6137793069001924
945,945,0.98338429212101,510,0,1,3.295836866004329,1.013409197495172,0.9927072832290874,1.0478895672438726,1.013145908971509,1.020318848041752,1.0019873653802,0.8326639275093545,0.6258002855986439,0.5546183566222742,0,3.9142815402901507,3.6336408431794402
946,946,1.0382629710766498,415,0,1,3.5263605246161616,1.052256955560381,0.9860873110883348,1.052511996822228,0.9869597981852865,1.04606013061016,1.0147055277003714,0.7645193580620365,0.6725029670790563,0.423035857164402,0,3.9153484410548054,3.6602556040530487
947,947,1.002638340774061,415,0,1,3.258096538021482,1.0483990275686097,0.9957377918930442,1.057945858607872,0.99719132727709,1.0383260466098834,1.030382672860129,0.816401699882637,0.6725029670790563,0.423035857164402,0,3.9610726326690022,3.69581475910932
948,948,1.0136711282744777,415,0,1,3.58351893845611,1.04870197923222,0.99719132727709,1.0496235170277342,1.0209555590262906,1.0561934450541082,0.9979035478286284,0.7711646606364143,0.7063950542796786,0.5546183566222742,0,3.9256836019504764,3.722445488411688
949,949,1.0296317282856953,408,0,1,3.688879454113936,1.0392930059372187,1.0063829237830022,1.0455776031406427,1.0032813507727991,1.059116330309975,0.9957377918930442,0.7093036193744068,0.7536533308455107,0.423035857164402,0,3.8532905587622435,3.7590553972943557
950,950,0.9860873110883348,415,1,0,0.0,1.0534046850711534,1.0240216638573814,1.0594337890753114,1.0032813507727991,1.0286376865168383,0.985200844275134,0.7927077628291277,0.5546183566222742,0.423035857164402,1,3.934183923492431,3.567122215527589
951,951,1.028868902973444,415,0,0,0.0,1.0424267099056757,0.9957377918930442,1.042857585789689,1.0147055277003714,1.0391074057732193,1.007573578755084,0.778890100585339,0.6258002855986439,0.423035857164402,0,3.9032818020539226,3.6438171839471436
952,952,1.0292518223263003,415,0,0,0.0,1.041728850139232,0.9979035478286284,1.0456583787170612,1.0136711282744777,1.045739011945524,1.0147055277003714,0.8013040485562493,0.6258002855986439,0.6258002855986439,0,3.9344302893580667,3.6520804894021217
953,953,0.9507170793714552,408,0,0,0.0,1.06134830811169,0.9754660547759244,1.0383260466098834,1.007573578755084,1.0311220734769209,1.0087374499934136,0.7695443153937457,0.5546183566222742,0.423035857164402,0,3.9003407435922397,3.5463954401466964
954,954,0.9986063829166985,408,0,0,0.0,1.036330213511384,0.9919223562990608,1.0543686500325535,1.0109891235542634,1.046299497432887,0.9986063829166985,0.7695443153937457,0.423035857164402,0.423035857164402,0,3.90654267637057,3.424553719934425
955,955,1.0231649163770178,415,0,0,0.0,1.0332741782140202,1.0200434531560645,1.0562359888495925,0.9927072832290874,1.0350976006468584,1.0181675188505357,0.825808803625318,0.7711646606364143,0.423035857164402,0,3.950416571335789,3.8020829158721017
956,956,1.0172024688229897,415,0,0,0.0,1.0515302897439265,1.003916572429902,1.0345544735132215,1.0019873653802,1.050284320621803,1.002638340774061,0.8183653079108115,0.6725029670790563,0.423035857164402,0,3.9547343917897626,3.6810452456632197
957,957,1.0152149060491755,415,0,0,0.0,1.0075146914300117,0.9942438142135328,1.053177486507637,1.008158792920829,1.0515066517122882,1.0136711282744777,0.7927077628291277,0.6258002855986439,0.5546183566222742,0,3.9049065924790654,3.6418740210074834
958,958,1.019581045851613,415,0,1,3.367295829986474,1.0562147220728555,0.9934810060205292,1.0511744057236203,1.022730883502586,1.0541017297682356,0.99719132727709,0.7645193580620365,0.6258002855986439,0.6258002855986439,0,3.926010215626748,3.6392035023988485
959,959,0.9275973506953992,510,0,0,0.0,1.0378190510172471,0.9903176749711242,1.047684171665435,1.004544177148741,1.043623170346448,1.0136711282744777,0.8091673682554217,0.7063950542796786,0.423035857164402,0,3.938293761284552,3.7149280346740214
960,960,1.0382629710766498,510,0,0,0.0,1.0231649163770178,0.999984786274994,1.0506231833876123,0.972187368078744,1.0352660591273697,1.013145908971509,0.8497439208434823,0.7063950542796786,0.5546183566222742,0,3.958798079735482,3.6917131176049254
961,961,0.8956071899398591,415,0,0,0.0,1.0210909403940018,1.001328241641345,1.0448167478013748,1.008158792920829,1.043028817050272,1.002638340774061,0.825808803625318,0.7063950542796786,0.5546183566222742,0,3.9347453088709665,3.718520429615914
962,962,1.0141909676964709,415,0,0,0.0,1.0377552896800246,1.0006607804515772,1.0344177143633213,1.0104353962561965,1.014448901453341,0.9979035478286284,0.7900996062387244,0.7860478795856021,0.423035857164402,0,3.8767215117354112,3.7950476041220047
963,963,1.008158792920829,510,0,0,0.0,1.035232415341425,1.0032813507727991,1.0541686101629997,0.9894972828240028,1.0136711282744777,1.009875623760096,0.8143937066027327,0.6725029670790563,0.5546183566222742,0,3.9174658603816352,3.6751572244359547
964,964,1.032210232660216,510,0,1,3.5263605246161616,1.0396620085500643,1.0231649163770178,1.0392621237186837,0.9860873110883348,1.017879950886294,1.0063829237830022,0.8230911610676044,0.7325687477104176,0.0,0,3.919895244222646,3.7482038989587725
965,965,1.016218495895403,510,0,1,3.6375861597263857,1.031922466093783,1.008158792920829,1.0453344176589752,0.9869597981852865,1.0521871458836192,0.9934810060205292,0.7846582031691327,0.6725029670790563,0.423035857164402,0,3.9141022328055097,3.6611025642057013
966,966,1.0373065206212844,408,0,0,0.0,0.9918432358981548,0.985200844275134,1.0578639736028814,1.008158792920829,1.0470101556288598,0.9743938320833514,0.7627869824840867,0.7063950542796786,0.5546183566222742,0,3.8595043476139828,3.674148523558993
967,967,0.996469488897356,510,0,0,0.0,1.0489028273166183,0.979563883308144,1.051859920962844,1.0120789147763565,1.0523266565442388,1.0087374499934136,0.805879938962908,0.5546183566222742,0.423035857164402,0,3.958969343786609,3.554998604700188
968,968,1.005777194524828,408,0,0,0.0,1.0605270655091126,1.001328241641345,1.0509355736560304,1.0087374499934136,1.037882725877314,0.967504775196054,0.7832481321537382,0.7063950542796786,0.0,1,3.932593497196195,3.683965521110491
969,969,0.8918212615283342,510,0,0,0.0,1.054788022506652,0.996469488897356,1.039477871746589,0.985200844275134,1.0396007102883906,1.008158792920829,0.8470149867369593,0.7325687477104176,0.0,1,3.9808815912785906,3.722397873803737
970,970,0.9927072832290874,408,0,0,0.0,1.017348416174284,1.0115369245500676,1.034588601810145,1.009875623760096,1.029480124708802,0.9993000568565548,0.7964892999116688,0.7536533308455107,0.5546183566222742,0,3.8779064426048997,3.774365936012229
971,971,0.996469488897356,510,0,0,0.0,1.0311220734769209,1.008158792920829,1.05736943419691,1.0244444982729537,0.9898269181500884,0.9815065955444632,0.8001236021366125,0.6725029670790563,0.0,0,3.8784420279605314,3.6866128538173024
972,972,1.0265055527832043,415,1,1,3.218875824868201,1.0494010817561192,1.013145908971509,1.0464848079606592,1.0120789147763565,1.0739288018632238,1.009309683677839,0.7727589769680201,0.6725029670790563,0.6258002855986439,0,3.9425736685480226,3.7070374745047605
973,973,1.007573578755084,510,0,1,3.555348061489413,1.0322460820457615,0.9903176749711242,1.0356011880561276,1.0126152065263214,1.0583327405685998,0.9842999824276124,0.7939852844174682,0.6258002855986439,0.6725029670790563,1,3.9201652950879566,3.613033149523702
974,974,1.0311220734769209,510,0,0,0.0,1.0438475894039112,1.0069816697157885,1.0429147334695923,0.996469488897356,1.0477356076696798,1.0141909676964709,0.8549416565973462,0.7536533308455107,0.7063950542796786,0,3.989439587140529,3.7712954571551265
975,975,1.0218511892271116,510,1,0,0.0,1.057720306628471,0.9957377918930442,1.051859920962844,1.005164330916258,1.025113537097338,0.9894972828240028,0.7874176770111411,0.7989278990573876,0.6258002855986439,0,3.922111441699794,3.789327304690693
976,976,0.9456806436315238,408,0,1,3.6635616461296463,1.0432844785521025,0.99719132727709,1.057182539271024,1.007573578755084,1.0587363319263423,0.9919223562990608,0.7662224715044368,0.5546183566222742,0.423035857164402,0,3.925425821253905,3.551305618953509
977,977,1.0152149060491755,415,0,0,0.0,1.0236379740188406,1.0141909676964709,1.0521638517831204,1.0181675188505357,1.040751812759001,1.0176873172212282,0.8123395143700564,0.7063950542796786,0.5546183566222742,0,3.9288931529310185,3.7564408580479136
978,978,1.022730883502586,415,0,0,0.0,1.0425707820071854,0.9903176749711242,1.0412872897129573,1.0006607804515772,1.0523498661056607,1.003916572429902,0.7860478795856021,0.6258002855986439,0.7063950542796786,0,3.9222558174114055,3.620695313451247
979,979,1.0200434531560645,415,0,0,0.0,1.0129342918494788,0.9743938320833514,1.047915176518,1.007573578755084,1.0540123992393708,0.9986063829166985,0.7832481321537382,0.7063950542796786,0.423035857164402,0,3.898109999760588,3.6869688480348124
980,980,0.9650147563028656,510,0,0,0.0,1.0548099854226805,1.005777194524828,1.0521638517831204,1.007573578755084,1.038546144802386,1.0141909676964709,0.7678971825427153,0.6725029670790563,0.5546183566222742,0,3.913417164550902,3.7000447080554393
981,981,0.9886644097649396,415,0,0,0.0,1.025855428538475,1.0200434531560645,1.0187849674768723,0.996469488897356,1.040240358802432,1.008158792920829,0.7121400728706546,0.6725029670790563,0.423035857164402,0,3.7970208276884336,3.6971747020533066
982,982,0.9934810060205292,415,0,0,0.0,1.0346908396451708,1.005777194524828,1.0349624011565233,1.003916572429902,1.0552034701251256,1.0063829237830022,0.7977165865059108,0.7989278990573876,0.6258002855986439,0,3.9225732974327303,3.8150045897951195
983,983,1.0120789147763565,510,0,0,0.0,1.0516718570141854,0.9979035478286284,1.0396620085500643,1.009309683677839,1.0343834629215896,0.996469488897356,0.7832481321537382,0.6258002855986439,0.5546183566222742,0,3.9089654606395774,3.629483006002467
984,984,0.9698932078063358,510,0,1,3.5263605246161616,1.040240358802432,0.9911259244279969,1.0444591565461188,1.0218511892271116,1.063471166177129,1.004544177148741,0.8112944976246211,0.6258002855986439,0.5546183566222742,1,3.959465179150301,3.6433215764024935
985,985,1.001328241641345,415,0,0,0.0,1.0324962777023,0.97330117724734,1.0398149028265846,1.008158792920829,1.0493018690747988,1.005164330916258,0.7325687477104176,0.6258002855986439,0.5546183566222742,0,3.8541817973141006,3.6124245866830704
986,986,1.0069816697157885,510,1,0,0.0,1.0425995426257593,0.9903176749711242,1.0558301598036814,0.9911259244279969,1.0553121546168802,0.9979035478286284,0.8123395143700564,0.7536533308455107,0.5546183566222742,0,3.9660813714163776,3.7330004780732606
987,987,0.912001235290911,510,0,0,0.0,1.025691534626503,0.9842999824276124,1.0542798545035723,1.009875623760096,1.0433693851015111,1.0209555590262906,0.7555463047707869,0.6725029670790563,0.6258002855986439,0,3.8788870790023733,3.6876341322930557
988,988,0.9362682541349638,408,0,1,3.4657359027997265,1.0505749302683174,0.9775519190240616,1.021180989639234,0.9886644097649396,1.01434588553697,1.005164330916258,0.7627869824840867,0.7063950542796786,0.423035857164402,1,3.8488887879286082,3.677775713984938
989,989,0.9805436220896986,408,0,0,0.0,1.0265055527832043,0.9869597981852865,1.0323177002702164,1.004544177148741,1.0325319132326305,0.987818703754018,0.8047572096727953,0.6725029670790563,0.423035857164402,0,3.8961123759588467,3.6518256461671017
990,990,0.9993000568565548,415,0,1,3.688879454113936,1.0585350006918597,1.0191143049145188,1.047761303856438,1.009309683677839,1.042943280806908,1.0006607804515772,0.8001236021366125,0.7063950542796786,0.423035857164402,0,3.9493631874918185,3.735479823323614
991,991,0.9402024588178788,415,0,0,0.0,1.029782856679349,1.0176873172212282,1.0329574778016335,0.9456806436315238,1.030642759381509,1.0181675188505357,0.7860478795856021,0.6258002855986439,0.0,0,3.8794309734480934,3.6073357653019316
992,992,0.9927072832290874,415,0,0,0.0,1.0336931971047283,1.009875623760096,1.057410858856826,0.9886644097649396,1.051388274454874,1.0006607804515772,0.7176087310418087,0.7536533308455107,0.423035857164402,0,3.860101061458237,3.752854144822124
993,993,0.9610711304112431,510,0,1,3.828641396489095,1.0193482217519416,1.0109891235542634,1.0464583810480494,0.9986063829166985,1.0242758015520137,1.0109891235542634,0.8102372017222292,0.7063950542796786,0.6725029670790563,1,3.900319606074234,3.726979684304904
994,994,0.9824533207775524,415,0,0,0.0,1.032460615568895,1.003916572429902,1.0644154612952397,1.005777194524828,1.0392930059372187,0.987818703754018,0.7818171316562723,0.7325687477104176,0.0,0,3.9179862144576254,3.7300812184191656
995,995,0.9886644097649396,408,1,1,3.6375861597263857,1.0534726195817574,0.9842999824276124,1.059215783945064,1.0167128902475082,1.060604117531291,1.0141909676964709,0.7695443153937457,0.6258002855986439,0.423035857164402,0,3.942836836451858,3.6410041259702353
996,996,0.9886644097649396,408,0,0,0.0,1.0336931971047283,1.003916572429902,1.0488276136458068,1.009875623760096,1.0494753485983768,0.9765185323813282,0.8310007739998975,0.5546183566222742,0.6725029670790563,0,3.9629969333488093,3.5449290851936004
997,997,0.9058944834171676,415,0,0,0.0,1.0150626309070283,0.9507170793714552,1.017104934229229,1.009875623760096,1.0586961396111372,1.0152149060491755,0.7758724080478123,0.5546183566222742,0.7325687477104176,1,3.8667361127952065,3.5304259658030013
998,998,1.009309683677839,510,0,0,0.0,1.0371128719039242,0.9698932078063358,1.0444591565461188,1.016218495895403,1.027858888866354,1.022730883502586,0.8123395143700564,0.5546183566222742,0.0,0,3.9217704316864532,3.563460943826599
999,999,0.6258002855986439,510,0,1,3.332204510175204,0.9758893778825116,1.0120789147763565,1.0550071640756122,0.9860873110883348,1.0624504294613584,0.9979035478286284,0.8143937066027327,0.5546183566222742,0.5546183566222742,0,3.907740678022215,3.550688130315594
1000,1000,0.9765185323813282,415,0,1,3.218875824868201,1.0369833285847223,1.013145908971509,1.061856148588589,1.0120789147763565,1.0365598346737197,0.979563883308144,0.8427438869642762,0.7536533308455107,0.423035857164402,0,3.9781431988113076,3.7584420379015198
1001,1001,1.0325675221964723,408,0,0,0.0,1.055808696854009,0.985200844275134,1.0602563049297262,1.007573578755084,1.034074083243674,0.9894972828240028,0.7939852844174682,0.7536533308455107,0.0,1,3.9441243694448778,3.735925036699731
1002,1002,0.9934810060205292,510,0,0,0.0,1.011754411573233,0.9957377918930442,1.0588967334093626,0.9765185323813282,1.0553772375975827,0.9775519190240616,0.8301569118312014,0.7063950542796786,0.5546183566222742,0,3.9561852944113793,3.6562032975781125
1003,1003,0.9650147563028656,510,0,0,0.0,1.0099880676984248,0.9993000568565548,1.0467744980390934,1.007573578755084,1.058555175484597,0.9860873110883348,0.8366848759673883,0.423035857164402,0.0,1,3.9520026171895033,3.4159968038643758
1004,1004,1.008158792920829,408,0,0,0.0,1.0324249267957548,1.022730883502586,1.0292518223263003,1.008158792920829,1.0468007424720378,1.013145908971509,0.815403362323621,0.6725029670790563,0.0,0,3.923880853917714,3.7165385524739802
1005,1005,1.009309683677839,415,0,0,0.0,1.051695408185373,1.0069816697157885,1.047940771359537,1.0019873653802,1.063990420371884,0.9993000568565548,0.8036205267754964,0.7325687477104176,0.6725029670790563,0,3.9672471266922904,3.7408378396629614
1006,1006,1.0252793777568705,415,0,0,0.0,1.0234235115719263,0.999984786274994,1.0163177642122685,0.9979035478286284,0.9997119542955608,0.98338429212101,0.8449070458972404,0.6725029670790563,0.5546183566222742,0,3.884360275976996,3.6537755933036884
1007,1007,1.0214053992395804,415,0,0,0.0,1.0591362391326336,0.9743938320833514,1.0565748717773469,1.0120789147763565,1.0442099523591977,1.009875623760096,0.7773928950827131,0.5546183566222742,0.7063950542796786,1,3.9373139583518912,3.550966727242078
1008,1008,1.008158792920829,415,0,1,3.8501476017100575,1.0488025146307065,1.015719197900225,1.052696572280719,0.9911259244279969,1.032886813379921,1.0019873653802,0.7860478795856021,0.6258002855986439,0.6725029670790563,0,3.9204337798769484,3.6346327733070654
1009,1009,1.0069816697157885,415,0,1,2.70805020110221,1.0111540807940909,1.0200434531560645,1.0441265831551647,0.996469488897356,1.0426857172487656,0.9824533207775524,0.7627869824840867,0.7711646606364143,0.423035857164402,0,3.860753363682108,3.7701309234673874
1010,1010,1.0273061898515887,408,0,0,0.0,1.0431426193310451,1.007573578755084,1.0222049498898569,0.999984786274994,1.0295180703021112,0.9934810060205292,0.7662224715044368,0.6258002855986439,0.5546183566222742,0,3.86108811102745,3.6268396566492505
1011,1011,0.9624149872572304,510,0,0,0.0,1.056973943729655,0.9993000568565548,1.0407218823608209,1.0120789147763565,1.0244444982729537,1.020501600316601,0.6872305205026541,0.6725029670790563,0.423035857164402,0,3.8093708448660832,3.7043835390285684
1012,1012,1.0186431550010258,408,0,0,0.0,1.001328241641345,1.0019873653802,1.0542798545035723,0.9698932078063358,1.0573072240084185,1.015719197900225,0.8047572096727953,0.6725029670790563,0.0,0,3.917672529826131,3.6601027381658175
1013,1013,0.99719132727709,408,0,0,0.0,1.056172157784209,1.013145908971509,1.0472705753830924,0.9993000568565548,1.03465678484363,1.0120789147763565,0.7874176770111411,0.6258002855986439,0.0,0,3.9255171950220724,3.650325166203064
1014,1014,0.9754660547759244,415,0,1,3.4339872044851463,1.0189263783092657,1.0069816697157885,1.0525351104605771,1.005164330916258,1.0652876823518378,0.9979035478286284,0.8412698102311928,0.7063950542796786,0.423035857164402,0,3.9780189813528732,3.7164446027403533
1015,1015,1.0141909676964709,415,0,0,0.0,1.0497466204510668,1.0063829237830022,1.0598861332861893,1.001328241641345,1.0095934324565772,0.987818703754018,0.7900996062387244,0.7536533308455107,0.0,0,3.9093257924325577,3.749183200023876
1016,1016,0.9842999824276124,408,0,0,0.0,1.045171573673812,0.9687112141532412,1.0321025229639411,1.0176873172212282,1.0369508869742348,1.0006607804515772,0.7773928950827131,0.6258002855986439,0.0,0,3.8916178786947007,3.6128595974246904
1017,1017,0.9869597981852865,415,0,0,0.0,1.0478126526752236,1.0087374499934136,1.052972014150885,1.0147055277003714,1.051742473458487,1.030382672860129,0.7832481321537382,0.6258002855986439,0.5546183566222742,0,3.9357752724383337,3.6796259361525574
1018,1018,1.001328241641345,415,0,1,3.4657359027997265,1.0387652135428778,1.009875623760096,1.0495988560182503,1.002638340774061,1.0532912304203077,1.0147055277003714,0.8284438879783939,0.6725029670790563,0.5546183566222742,0,3.9700991879598293,3.699722459313585
1019,1019,1.0240216638573814,510,0,1,3.1354942159291497,1.0482721977454297,1.015719197900225,1.0704375463236575,1.001328241641345,1.0316692430666674,0.9949959866312726,0.7678971825427153,0.7325687477104176,0.423035857164402,0,3.9182761696784696,3.7446121738832603
1020,1020,0.9474052700602774,510,0,0,0.0,1.0439593899983166,1.009309683677839,1.0366905464035732,0.9903176749711242,1.0470362647247664,0.9911259244279969,0.8013040485562493,0.5546183566222742,0.6258002855986439,0,3.9289902496829052,3.5453716396992343
1021,1021,1.022292995628416,415,0,0,0.0,1.0115369245500676,1.0191143049145188,1.0226436163389343,0.9903176749711242,1.0504056359303071,0.9687112141532412,0.7592308162427008,0.6725029670790563,0.6258002855986439,0,3.84381699306201,3.6506461611179404
1022,1022,1.0353332750537292,408,0,0,0.0,1.060449876909571,0.9775519190240616,1.051836456063146,1.009875623760096,1.0218511892271116,1.009309683677839,0.7939852844174682,0.7063950542796786,0.423035857164402,1,3.9281228066172966,3.7031322807416753
1023,1023,0.7989278990573876,415,0,0,0.0,1.0499673640466722,1.0176873172212282,1.028907331768412,1.0167128902475082,1.051222020193135,0.987818703754018,0.8284438879783939,0.6725029670790563,0.423035857164402,0,3.958540603986614,3.6947218783018103
1024,1024,0.9942438142135328,510,0,0,0.0,0.969776082780455,0.9860873110883348,1.0588967334093626,1.0109891235542634,1.047529513507924,1.0087374499934136,0.7832481321537382,0.5546183566222742,0.6258002855986439,0,3.8594504618514796,3.560432241258286
1025,1025,0.9894972828240028,415,0,0,0.0,1.041079781469043,0.9886644097649396,1.039631369482939,1.0126152065263214,1.0575142502054409,0.9903176749711242,0.805879938962908,0.7063950542796786,0.6258002855986439,1,3.944105340120331,3.697992345542064
1026,1026,1.0231649163770178,510,0,0,0.0,1.043057293942215,1.0214053992395804,1.04011919575166,1.0261002420274623,1.028868902973444,0.99719132727709,0.7964892999116688,0.423035857164402,0.6258002855986439,0,3.9085346925789874,3.467732825708535
1027,1027,0.9934810060205292,415,0,0,0.0,1.0355343519144948,1.0136711282744777,1.0455506462352555,1.0069816697157885,1.0351987476318485,1.0109891235542634,0.8358958109502946,0.6725029670790563,0.0,0,3.952179556731893,3.7041448886235857
1028,1028,1.022292995628416,415,1,0,0.0,1.036330213511384,1.015719197900225,1.031958531714041,1.0115369245500676,1.0585148166103155,1.001328241641345,0.8143937066027327,0.6258002855986439,0.5546183566222742,0,3.9411972684384735,3.654384649690281
1029,1029,0.9456806436315238,510,0,0,0.0,0.9866124550556236,1.0063829237830022,1.0405118285674926,1.0087374499934136,1.039570030941982,1.009309683677839,0.761024447518017,0.7063950542796786,0.423035857164402,1,3.8277187620831157,3.730825111733933
1030,1030,1.004544177148741,415,0,0,0.0,1.0241488972044337,1.015719197900225,1.0570575005076726,0.9934810060205292,1.0483736899640017,0.999984786274994,0.741511301806249,0.5546183566222742,0.423035857164402,0,3.871091389482357,3.5638033468180224
1031,1031,1.002638340774061,415,0,0,0.0,1.053177486507637,1.0191143049145188,1.0369833285847223,0.9775519190240616,0.9717357523421344,1.0152149060491755,0.7592308162427008,0.423035857164402,0.5546183566222742,0,3.8211273836771946,3.434916987152158
1032,1032,1.0087374499934136,510,0,0,0.0,1.0398454216399189,1.002638340774061,1.033309237605451,0.9942438142135328,1.009649994811668,1.005164330916258,0.7393445645824166,0.6725029670790563,0.6258002855986439,0,3.8221492186394546,3.674549452982908
1033,1033,1.016218495895403,415,0,0,0.0,1.0572033445955151,1.0104353962561965,0.9868731670844524,1.005164330916258,1.02894573003138,0.9775519190240616,0.8183653079108115,0.5546183566222742,0.5546183566222742,0,3.891387549622159,3.5477700028187904
1034,1034,0.7989278990573876,510,0,0,0.0,1.039200297986071,1.004544177148741,1.0481195323981587,0.985200844275134,1.0459266051674618,0.9815065955444632,0.7818171316562723,0.7325687477104176,0.5546183566222742,0,3.9150635672079637,3.7038203646787555
1035,1035,0.9949959866312726,415,0,1,3.4011973816621555,1.0327451697938033,0.987818703754018,1.0612725645974137,1.0218511892271116,1.0778724643859623,1.0265055527832043,0.7627869824840867,0.7063950542796786,0.5546183566222742,0,3.934677181261266,3.7425705000440126
1036,1036,1.0147055277003714,408,0,0,0.0,1.0463260164676929,1.001328241641345,1.0470101556288598,0.999984786274994,1.008506765369007,1.0109891235542634,0.7662224715044368,0.5546183566222742,0.5546183566222742,0,3.8680654089699966,3.5669205080928768
1037,1037,1.0032813507727991,415,0,0,0.0,1.056001489482676,1.003916572429902,1.0366252358514565,0.9979035478286284,1.0461400590025884,0.9927072832290874,0.7348749836529411,0.6258002855986439,0.6258002855986439,0,3.873641767989662,3.620327689086262
1038,1038,1.004544177148741,415,0,1,3.4657359027997265,1.0399368584308264,1.005777194524828,1.0435105494199806,1.0172024688229897,1.0265458990419931,1.0087374499934136,0.8412698102311928,0.6725029670790563,0.5546183566222742,0,3.951263117123993,3.7042200804202876
1039,1039,0.9553725127999176,408,0,0,0.0,1.043566894295399,0.967504775196054,1.0496727986811845,0.972187368078744,1.0345203206527556,1.0209555590262906,0.7846582031691327,0.7063950542796786,0.423035857164402,0,3.9124182167984713,3.6670427565807673
1040,1040,0.5546183566222742,415,1,0,0.0,1.0200894583817768,0.9402024588178788,1.0231216847849196,0.9942438142135328,1.0420790948865386,1.0136711282744777,0.7874176770111411,0.423035857164402,0.5546183566222742,1,3.8727079150643764,3.3711532584702915
1041,1041,1.009309683677839,510,0,0,0.0,1.0433693851015111,1.0126152065263214,1.0513170979818531,1.0181675188505357,1.047915176518,1.0032813507727991,0.7900996062387244,0.8102372017222292,0.0,0,3.9327012658400884,3.8443012778718852
1042,1042,1.013145908971509,415,0,0,0.0,1.029480124708802,1.009875623760096,1.039570030941982,1.005777194524828,1.0487774016960965,1.003916572429902,0.825808803625318,0.7063950542796786,0.5546183566222742,0,3.943636360972198,3.7259644449945046
1043,1043,0.8580278252863395,510,0,1,3.4657359027997265,1.028907331768412,1.0115369245500676,1.040088855692616,0.9662729529060342,1.0504782685956224,1.003916572429902,0.7989278990573876,0.423035857164402,0.7325687477104176,1,3.918402355114038,3.404762307050406
1044,1044,1.0191143049145188,408,0,0,0.0,1.0471926057401506,1.0136711282744777,1.0520938966935192,1.0141909676964709,1.0496481645775166,0.987818703754018,0.7393445645824166,0.7860478795856021,0.5546183566222742,0,3.888279231593603,3.8017286793105685
1045,1045,1.022292995628416,415,0,0,0.0,1.024064111625533,0.996469488897356,1.0265862119028544,1.002638340774061,1.0572864677251868,0.98338429212101,0.7711646606364143,0.7536533308455107,0.5546183566222742,0,3.8791014518899885,3.7361454526379374
1046,1046,1.0398149028265846,408,0,1,3.4011973816621555,1.0281328946446238,1.0147055277003714,1.055159921602505,0.9942438142135328,1.02940414386438,0.996469488897356,0.8358958109502946,0.5546183566222742,0.5546183566222742,0,3.9485927710618034,3.560037187433535
1047,1047,1.0032813507727991,408,0,0,0.0,1.0467744980390934,1.0069816697157885,1.051553915330648,0.999984786274994,1.0358011314943103,0.9919223562990608,0.7645193580620365,0.5546183566222742,0.6258002855986439,0,3.8986489029260882,3.553507168912117
1048,1048,0.9993000568565548,415,0,1,3.49650756146648,1.0556581639838467,1.008158792920829,1.0170072097577492,0.996469488897356,1.051007356619774,0.9957377918930442,0.8047572096727953,0.6725029670790563,0.6258002855986439,0,3.9284299400341647,3.6728690407902853
1049,1049,1.0172024688229897,408,0,0,0.0,1.0692901061987634,1.0019873653802,1.03428056010004,0.9979035478286284,1.0423689551414588,1.0063829237830022,0.7711646606364143,0.6725029670790563,0.423035857164402,1,3.9171042820766764,3.6787768040708873
1050,1050,1.016218495895403,415,0,0,0.0,1.056617049797331,0.9919223562990608,1.0479663517835232,1.001328241641345,1.040149516068467,0.979563883308144,0.8112944976246211,0.7325687477104176,0.6258002855986439,0,3.9560274152739425,3.7053832289589677
1051,1051,1.0006607804515772,510,1,0,0.0,1.0534273414096682,1.0069816697157885,1.030605690202162,1.005777194524828,1.054346467771187,1.0141909676964709,0.7592308162427008,0.5546183566222742,0.0,1,3.897610315625718,3.5815681885593618
1052,1052,0.9058944834171676,415,0,0,0.0,1.031378196620574,0.9869597981852865,1.0486012202046426,1.019581045851613,1.046006767235475,1.0120789147763565,0.7900996062387244,0.6258002855986439,0.5546183566222742,0,3.916085790299416,3.6444200444118997
1053,1053,0.9957377918930442,415,1,0,0.0,1.0269875147705876,0.999984786274994,1.049524792095424,1.009309683677839,1.021045854340093,1.0006607804515772,0.7887680926690985,0.423035857164402,0.6725029670790563,1,3.886326253875203,3.432991107568812
1054,1054,1.0413168581813366,408,0,0,0.0,1.028054765213703,0.9927072832290874,1.0600813520537815,1.0186431550010258,1.0382314014560148,0.9815065955444632,0.8427438869642762,0.423035857164402,0.423035857164402,0,3.9691114056877757,3.4158928909389785
1055,1055,0.9568484637059635,415,0,1,3.218875824868201,1.0352996790210385,0.979563883308144,1.0445694815558302,0.987818703754018,1.0311220734769209,1.016218495895403,0.6763544873893824,0.7063950542796786,0.5546183566222742,0,3.787345721443172,3.689996137237244
1056,1056,0.9815065955444632,510,0,0,0.0,1.0572864677251868,0.987818703754018,0.9958849318356195,0.9869597981852865,1.02902243513999,0.967504775196054,0.805879938962908,0.7711646606364143,0.0,0,3.8880737736637045,3.7134479377717726
1057,1057,1.001328241641345,415,0,0,0.0,0.0,0.0,1.0313416912368776,1.0191143049145188,1.0340050577700552,0.9942438142135328,0.749760341930018,0.423035857164402,0.6725029670790563,1,2.8151070909369507,2.436393976292454
1058,1058,1.0063829237830022,408,1,0,0.0,1.0208198070053935,0.9456806436315238,1.0406619637145555,1.0069816697157885,1.038858787206424,0.9949959866312726,0.8069890155045473,0.5546183566222742,0.423035857164402,1,3.90732957343092,3.502276656600859
1059,1059,1.009309683677839,408,0,0,0.0,1.0506231833876123,1.0126152065263214,1.0418751073916055,1.0176873172212282,1.0518129788747874,1.0006607804515772,0.8024695798580879,0.6258002855986439,0.0,0,3.946780849512093,3.656763589797771
1060,1060,0.9662729529060342,408,0,0,0.0,1.028405359539056,1.001328241641345,1.0468531860495816,0.99719132727709,1.0597489586497466,0.9927072832290874,0.819331006683021,0.7063950542796786,0.423035857164402,0,3.954338510921405,3.697621906427201
1061,1061,0.979563883308144,510,0,1,3.1354942159291497,1.024191235131682,1.0069816697157885,1.0325675221964723,1.005777194524828,1.0494258509347398,1.0019873653802,0.7228234639800664,0.6258002855986439,0.5546183566222742,0,3.8290080722429605,3.6405465152194605
1062,1062,0.9610711304112431,408,0,0,0.0,1.0632906526470205,1.016218495895403,1.052047199193303,1.0063829237830022,1.05200045296447,1.0235951562943069,0.8434712343369151,0.7536533308455107,0.0,1,4.010809539141708,3.799849906818223
1063,1063,0.8293046663001791,415,0,0,0.0,0.9655212656037552,1.0147055277003714,1.0588166060985782,0.972187368078744,1.0311220734769209,1.0115369245500676,0.819331006683021,0.7063950542796786,0.423035857164402,0,3.874790951862275,3.7048248746088617
1064,1064,1.0218511892271116,415,0,1,2.833213344056216,0.9960316695034038,1.005777194524828,1.044541925139165,1.008158792920829,1.0511505795518088,1.0115369245500676,0.8301569118312014,0.6725029670790563,0.0,0,3.9218810860255786,3.6979758790747805
1065,1065,1.015719197900225,408,0,0,0.0,1.0112089485650453,0.996469488897356,1.0485759953977756,1.015719197900225,1.056426930452172,1.003916572429902,0.8102372017222292,0.6258002855986439,0.0,0,3.9264490761372217,3.6419055448261264
1066,1066,1.005777194524828,408,0,0,0.0,1.0267872770162343,1.004544177148741,1.0500895342573795,0.9860873110883348,1.0327451697938033,1.003916572429902,0.8275744235987819,0.6258002855986439,0.5546183566222742,0,3.9371964046661994,3.6203483462656214
1067,1067,0.9538597857904456,408,0,1,3.4657359027997265,1.0662608282631256,0.9979035478286284,1.0542353901529768,1.0136711282744777,1.0424555602626822,1.004544177148741,0.8342952500710278,0.8374666287558015,0.6258002855986439,0,3.997247028749812,3.8535854820076487
1068,1068,1.013145908971509,415,0,0,0.0,1.021895548042924,1.0141909676964709,1.0453344176589752,1.004544177148741,1.0514119748935282,0.9957377918930442,0.8133725028259741,0.6725029670790563,0.423035857164402,0,3.9320144434214015,3.686975903817312
1069,1069,0.9815065955444632,415,0,0,0.0,1.0488777699745275,0.996469488897356,1.0495741815354585,1.0006607804515772,1.0617438077784016,0.9949959866312726,0.8024695798580879,0.7325687477104176,0.423035857164402,1,3.9626653391464757,3.7246950036906235
1070,1070,0.925237402907562,415,0,0,0.0,1.0163177642122685,1.003916572429902,1.0161687882296784,1.0115369245500676,1.0217178735085002,1.002638340774061,0.8301569118312014,0.7711646606364143,0.5546183566222742,0,3.884361337781648,3.789256498390445
1071,1071,0.972187368078744,415,0,0,0.0,1.0458730855877978,0.9842999824276124,1.0523962491480654,0.9842999824276124,1.0566381236970237,0.999984786274994,0.8342952500710278,0.5546183566222742,0.423035857164402,0,3.989202708503915,3.523203107752493
1072,1072,0.97105164486998,510,0,0,0.0,1.0204559752499605,1.0152149060491755,0.9754660547759244,0.9698932078063358,1.0316329587935256,1.0147055277003714,0.7977165865059108,0.5546183566222742,0.6258002855986439,0,3.8252715753253215,3.554431998178157
1073,1073,1.0126152065263214,415,0,1,3.4657359027997265,1.0057162317424455,1.0115369245500676,1.0535856142367488,1.0167128902475082,1.0590565494328688,1.005164330916258,0.7662224715044368,0.7325687477104176,0.6258002855986439,0,3.8845808669164996,3.765982893424251
1074,1074,1.0115369245500676,415,0,0,0.0,1.0552252283543333,1.0006607804515772,1.0564480953089646,0.98338429212101,1.0603918955607108,1.016218495895403,0.8350993109078182,0.7711646606364143,0.423035857164402,1,4.007164530131827,3.7714282291044046
1075,1075,1.032210232660216,408,0,0,0.0,1.0396620085500643,1.013145908971509,1.0504056359303071,0.9993000568565548,1.0384205010347205,0.9894972828240028,0.816401699882637,0.6258002855986439,0.423035857164402,0,3.9448898453977295,3.6277435342507105
1076,1076,0.9949959866312726,415,0,0,0.0,0.9953681687531324,0.9743938320833514,1.0380415361076007,1.005164330916258,1.05067138483246,1.0120789147763565,0.8230911610676044,0.423035857164402,0.6258002855986439,0,3.9071722507607975,3.414672934940368
1077,1077,0.9986063829166985,415,1,0,0.0,1.05313190764304,1.019581045851613,1.042714406447232,1.0069816697157885,1.0351987476318485,0.9979035478286284,0.7803646465744236,0.6725029670790563,0.423035857164402,0,3.911409708296544,3.6969692304750863
1078,1078,1.0186431550010258,408,0,0,0.0,1.04011919575166,1.0176873172212282,1.058836651675072,0.999984786274994,1.0019218227529605,0.97105164486998,0.815403362323621,0.7325687477104176,0.6725029670790563,0,3.9162810325033135,3.72129249607662
1079,1079,0.999984786274994,510,0,0,0.0,1.038104909996007,1.0167128902475082,1.0323177002702164,1.0231649163770178,1.0592753477654189,1.020501600316601,0.7457165247157388,0.5546183566222742,0.423035857164402,0,3.8754144827473804,3.6149977635634016
1080,1080,1.007573578755084,415,0,0,0.0,1.009875623760096,1.005777194524828,1.0423978415388635,1.0087374499934136,1.046590362812797,0.9979035478286284,0.6763544873893824,0.6725029670790563,0.6725029670790563,1,3.775218315501139,3.684921159425927
1081,1081,1.0006607804515772,408,0,1,3.49650756146648,1.0344519411105462,1.0186431550010258,1.0508636759093637,1.0006607804515772,1.0418458928487182,0.9993000568565548,0.778890100585339,0.7536533308455107,0.0,0,3.906051610453967,3.772257323154669
1082,1082,0.9911259244279969,415,0,1,3.7612001156935615,1.047991917804974,1.009875623760096,1.040781723904435,1.0069816697157885,1.0711654645522857,1.0126152065263214,0.8133725028259741,0.7989278990573876,0.0,0,3.9733116090876686,3.8284003990595936
1083,1083,0.97330117724734,415,0,0,0.0,1.0553772375975827,1.0231649163770178,1.054545710692796,1.0104353962561965,1.06321823520511,1.0126152065263214,0.6800889582869747,0.7063950542796786,0.6725029670790563,1,3.8532301417824635,3.7526105734392146
1084,1084,1.019581045851613,415,0,1,3.555348061489413,1.0302334180368578,1.0209555590262906,0.979563883308144,0.9993000568565548,1.0587162403776835,1.0141909676964709,0.8326639275093545,0.7989278990573876,0.423035857164402,0,3.9011774692320396,3.833374482636704
1085,1085,0.9650147563028656,415,1,1,3.784189633918261,1.024780160060451,0.999984786274994,1.0607961529911736,1.002638340774061,1.0423111281715476,1.005777194524828,0.7846582031691327,0.6725029670790563,0.423035857164402,0,3.9125456443923046,3.6809032886529396
1086,1086,0.9596963204464736,415,0,0,0.0,1.012508398770172,1.0136711282744777,1.0157693509159855,1.015719197900225,1.0488025146307065,1.0032813507727991,0.8202862443392709,0.5546183566222742,0.423035857164402,0,3.897366508656135,3.5872900335697757
1087,1087,1.0167128902475082,415,0,1,3.688879454113936,1.0532457676430818,1.0069816697157885,1.0639191701947883,1.0087374499934136,1.0367883428150193,1.0069816697157885,0.7874176770111411,0.6725029670790563,0.5546183566222742,0,3.941370957664031,3.695203756504047
1088,1088,0.9805436220896986,415,0,1,3.091042453358316,1.022774459229829,1.0104353962561965,1.0583935166114065,0.9903176749711242,1.0215841974938875,1.013145908971509,0.7743279928495146,0.5546183566222742,0.5546183566222742,0,3.8770801661846375,3.5685173368211034
1089,1089,1.0240216638573814,408,0,0,0.0,0.956702477277502,1.007573578755084,1.032210232660216,0.9903176749711242,1.050284320621803,1.0115369245500676,0.8001236021366125,0.6258002855986439,0.6258002855986439,0,3.8393206326961336,3.6352284638749195
1090,1090,1.0104353962561965,510,0,0,0.0,0.9889156028499638,1.0120789147763565,1.0495741815354585,1.016218495895403,1.0531547028934258,1.0104353962561965,0.7846582031691327,0.6258002855986439,0.0,0,3.8763026904479805,3.6645330925265998
1091,1091,0.8743695839948721,415,0,1,3.58351893845611,1.0355008983937557,1.001328241641345,1.028907331768412,1.0176873172212282,1.0334841485646695,1.0167128902475082,0.7555463047707869,0.6258002855986439,0.0,0,3.8534386834976244,3.661528734708725
1092,1092,1.0474002286738289,415,0,0,0.0,1.0172024688229897,0.999984786274994,1.02540339020286,0.987818703754018,1.0662777048615364,1.003916572429902,0.7645193580620365,0.6258002855986439,0.423035857164402,0,3.8734029219494226,3.6175203480575577
1093,1093,1.0019873653802,415,1,0,0.0,1.0433976525725623,1.0176873172212282,1.030008664286585,0.99719132727709,1.0453073171590817,1.0019873653802,0.7977165865059108,0.7325687477104176,0.6725029670790563,0,3.9164302205241395,3.749434757588936
1094,1094,0.9986063829166985,510,0,0,0.0,1.0425132070302552,0.9698932078063358,1.0511744057236203,0.9596963204464736,1.0414349440266375,1.0115369245500676,0.8470149867369593,0.6725029670790563,0.423035857164402,0,3.982137543517472,3.613629419881933
1095,1095,0.9362682541349638,510,0,0,0.0,1.011916921096432,1.005777194524828,1.0180718463343332,1.0104353962561965,1.0072784698695327,0.996469488897356,0.7900996062387244,0.7325687477104176,0.423035857164402,0,3.827366843539023,3.745250827388798
1096,1096,0.9927072832290874,510,0,1,3.4011973816621555,1.0304571269641254,1.013145908971509,1.0431426193310451,1.0218511892271116,1.051055148327961,1.008158792920829,0.7773928950827131,0.7063950542796786,0.6258002855986439,0,3.9020477897058448,3.7495509453991285
1097,1097,1.0032813507727991,415,0,0,0.0,1.06029508817832,0.9919223562990608,1.046246413112336,0.9927072832290874,1.0479663517835232,1.0069816697157885,0.6906484519601133,0.8449070458972404,0.6258002855986439,1,3.8451563050342923,3.8365183551411772
1098,1098,1.005777194524828,510,0,0,0.0,1.051222020193135,1.0147055277003714,1.0600618694438042,0.9949959866312726,1.0249887866330991,0.9894972828240028,0.8293046663001791,0.6725029670790563,0.423035857164402,0,3.9655773425702177,3.6717017642347036
1099,1099,1.0235951562943069,415,1,1,3.332204510175204,1.0409905647614597,1.016218495895403,1.0318141058901062,1.003916572429902,1.0435387304704578,1.002638340774061,0.815403362323621,0.7063950542796786,0.6725029670790563,0,3.931746763445645,3.729168463379045
1100,1100,1.0032813507727991,510,0,0,0.0,0.0,0.0,1.041933481266376,1.0136711282744777,1.034588601810145,0.9993000568565548,0.7574051097683623,0.6725029670790563,0.423035857164402,0,2.8339271928448833,2.685474152210089
1101,1101,1.001328241641345,408,0,1,2.995732273553991,1.0090243615574512,0.9934810060205292,1.0513170979818531,1.0006607804515772,1.0549196372742196,0.9911259244279969,0.8102372017222292,0.6725029670790563,0.423035857164402,0,3.9254982985357536,3.65777067797916
1102,1102,1.005164330916258,408,0,0,0.0,1.0341774338397145,1.0120789147763565,1.0492273164114143,1.009875623760096,1.0483990275686097,0.9986063829166985,0.8173889426906868,0.5546183566222742,0.6725029670790563,0,3.9491927205104247,3.5751792780754252
1103,1103,1.0115369245500676,415,0,0,0.0,1.0200434531560645,0.9957377918930442,1.043482351124484,0.98338429212101,1.0369184229946713,1.0109891235542634,0.0,0.0,0.6258002855986439,0,3.1004442272752195,2.990111207568318
1104,1104,0.978566837930225,415,0,0,0.0,1.047761303856438,0.9927072832290874,1.0454696801372896,0.985200844275134,1.0576791725218326,1.0032813507727991,0.7253419261773606,0.6725029670790563,0.423035857164402,0,3.876252082692921,3.653692445356077
1105,1105,1.0172024688229897,510,0,0,0.0,1.0367883428150193,1.0141909676964709,1.001526845469184,0.979563883308144,1.0447070161063412,0.9979035478286284,0.805879938962908,0.423035857164402,0.0,0,3.888902143353452,3.414694255997645
1106,1106,0.9934810060205292,510,0,1,3.688879454113936,0.9899909938743668,1.0104353962561965,1.0505024534752312,0.97105164486998,1.032780620122965,0.9942438142135328,0.7927077628291277,0.423035857164402,0.6258002855986439,0,3.865981830301691,3.3987667125041114
1107,1107,0.9927072832290874,415,0,0,0.0,1.0169582761051374,1.0231649163770178,1.0603144668679243,0.9979035478286284,1.053177486507637,1.0087374499934136,0.7846582031691327,0.7711646606364143,0.423035857164402,0,3.9151084326498315,3.800970574835474
1108,1108,0.423035857164402,415,0,1,3.4339872044851463,1.0392312210766217,0.9993000568565548,1.052442584160067,1.0087374499934136,1.0559373186129843,1.0087374499934136,0.7773928950827131,0.5546183566222742,0.0,0,3.9250040189323863,3.5713933134656566
1109,1109,1.020501600316601,408,0,0,0.0,1.0322460820457615,0.996469488897356,1.047426115055139,0.9986063829166985,1.0584542085535062,0.9860873110883348,0.8221661298163554,0.7063950542796786,0.423035857164402,0,3.960292535470762,3.687558237182068
1110,1110,1.004544177148741,510,0,0,0.0,1.0338320543585269,0.9911259244279969,1.0420209043718938,0.996469488897356,1.03428056010004,1.0115369245500676,0.7662224715044368,0.7325687477104176,0.423035857164402,0,3.8763559903348974,3.731701085585838
1111,1111,1.019581045851613,415,0,1,3.218875824868201,1.0218067905767407,0.967504775196054,1.0525813019323045,0.9860873110883348,1.0470362647247664,1.0147055277003714,0.7914126806490488,0.6725029670790563,0.423035857164402,0,3.9128370378828605,3.640800581063817
1112,1112,1.0019873653802,510,0,0,0.0,1.0245706410175175,0.9949959866312726,1.0454156230802891,0.9993000568565548,1.0450354269275155,1.0109891235542634,0.7874176770111411,0.423035857164402,0.0,0,3.9024393680364633,3.428321024206493
1113,1113,0.9026284412459752,510,0,0,0.0,1.037499375205421,1.0147055277003714,1.0652531318899878,0.99719132727709,1.0421662437495445,1.0063829237830022,0.7645193580620365,0.6258002855986439,0.6258002855986439,0,3.90943810890699,3.6440800643591076
1114,1114,1.0240216638573814,408,0,0,0.0,0.9904802856897784,0.9824533207775524,1.0414938744412832,1.005164330916258,1.0278981274978605,0.9869597981852865,0.8069890155045473,0.7536533308455107,0.423035857164402,0,3.866861303133469,3.7282307807246076
1115,1115,0.9090149821220628,415,1,1,3.6375861597263857,1.052994891163563,1.0032813507727991,1.0392930059372187,0.9869597981852865,1.023509408818104,1.0063829237830022,0.7253419261773606,0.7536533308455107,0.5546183566222742,0,3.8411392320962463,3.7502774035865984
1116,1116,0.97330117724734,415,0,0,0.0,1.0062019450358786,0.9993000568565548,1.0243602224455537,1.002638340774061,1.0384205010347205,1.005777194524828,0.7457165247157388,0.8202862443392709,0.5546183566222742,0,3.8146991932318914,3.828001836494715
1117,1117,0.9886644097649396,415,1,0,0.0,1.027464747028562,0.9765185323813282,1.0356345707386123,1.001328241641345,1.0480430067002184,1.0006607804515772,0.8632983065907022,0.6258002855986439,0.6258002855986439,1,3.974440631058095,3.604307840072894
1118,1118,0.92987564040383,415,0,1,3.044522437723423,1.0593150119552202,0.9886644097649396,1.048550756542031,1.0087374499934136,1.0470623588628805,1.003916572429902,0.8036205267754964,0.7536533308455107,0.0,0,3.958548654135628,3.7549717630337662
1119,1119,1.0069816697157885,510,0,1,3.4657359027997265,1.0315966470167877,0.9456806436315238,1.0497957679819407,0.978566837930225,1.0586961396111372,1.008158792920829,0.7228234639800664,0.423035857164402,0.423035857164402,0,3.862912018589932,3.3554421316469805
1120,1120,1.0176873172212282,415,1,1,3.367295829986474,0.9999167098160576,1.0126152065263214,1.0313051580395565,1.019581045851613,1.0287919536082624,1.0200434531560645,0.8036205267754964,0.6258002855986439,0.423035857164402,0,3.8636343482393727,3.6780399911326427
1121,1121,0.9860873110883348,408,0,0,0.0,1.0238940999362958,0.985200844275134,1.042828985406656,1.0109891235542634,1.0569111720094466,1.0069816697157885,0.8173889426906868,0.7063950542796786,0.0,0,3.9410232000430856,3.709566691824864
1122,1122,1.0369833285847223,415,0,0,0.0,1.0564903946048394,1.007573578755084,1.0354674211985757,1.002638340774061,1.0271471134796155,0.9919223562990608,0.7939852844174682,0.7325687477104176,0.5546183566222742,0,3.9130902137004986,3.7347030235386236
1123,1123,0.999984786274994,415,1,0,0.0,1.0443485659337182,1.0126152065263214,1.0639726188805614,1.0141909676964709,1.001526845469184,0.9993000568565548,0.8123395143700564,0.7063950542796786,0.5546183566222742,0,3.9221875446535197,3.732501285359026
1124,1124,0.8102372017222292,510,0,1,3.6635616461296463,1.046826971803513,1.0191143049145188,1.0432277872084412,0.9911259244279969,1.0525351104605771,0.9869597981852865,0.7536533308455107,0.7536533308455107,0.423035857164402,0,3.8962432003180423,3.7508533583733126
1125,1125,0.9507170793714552,415,0,1,3.555348061489413,1.043623170346448,0.978566837930225,1.0610635864421232,1.0147055277003714,1.0489028273166183,0.979563883308144,0.7645193580620365,0.6725029670790563,0.423035857164402,0,3.918108942167226,3.6453392160177964
1126,1126,0.9490833369538014,408,0,1,3.6375861597263857,1.010323929238109,1.0277016161093295,1.0549852985590702,1.0006607804515772,1.0378508992433866,1.009875623760096,0.8310007739998975,0.7325687477104176,0.5546183566222742,0,3.9341609010404635,3.7708067680314206
1127,1127,0.9949959866312726,415,1,1,2.995732273553991,1.0102122194555987,1.0109891235542634,1.0587162403776835,1.0200434531560645,1.015969465435553,1.0120789147763565,0.8112944976246211,0.5546183566222742,0.0,1,3.896192422893457,3.5977298481089592
1128,1128,0.9903176749711242,510,0,1,3.295836866004329,1.050983441697914,1.0126152065263214,1.0529262249404068,1.0006607804515772,1.020774473641135,0.9894972828240028,0.8080847309801162,0.7536533308455107,0.423035857164402,0,3.9327688712595723,3.756426600647412
1129,1129,1.0172024688229897,415,1,1,3.555348061489413,1.0552034701251256,1.013145908971509,1.0493266926677718,1.005777194524828,1.0470884380590428,1.0218511892271116,0.795245662433237,0.7325687477104176,0.6725029670790563,0,3.9468642632851774,3.773343040433866
1130,1130,0.967504775196054,510,0,0,0.0,1.045062688643987,1.0019873653802,1.053177486507637,1.019581045851613,1.0506231833876123,1.009875623760096,0.8456157030373974,0.7325687477104176,0.5546183566222742,0,3.9944790615766346,3.764012782702327
1131,1131,1.0152149060491755,415,0,0,0.0,1.022160868083517,1.0115369245500676,1.0548099854226805,1.022292995628416,1.0409905647614597,1.0087374499934136,0.7803646465744236,0.6725029670790563,0.0,0,3.898326064842081,3.7150703372509533
1132,1132,1.0218511892271116,408,0,0,0.0,1.028714881576389,1.0006607804515772,1.046590362812797,0.9919223562990608,1.013723352632082,1.0019873653802,0.7063950542796786,0.7989278990573876,0.423035857164402,0,3.7954236513009465,3.793498401188226
1133,1133,1.03566792986984,408,0,1,3.871201010907891,1.0612915128628846,1.003916572429902,1.040300822347605,1.013145908971509,1.0552252283543333,1.015719197900225,0.7832481321537382,0.5546183566222742,0.423035857164402,0,3.940065695718561,3.5874000359239098
1134,1134,1.003916572429902,510,0,0,0.0,1.0429718105027068,1.0120789147763565,1.0466430487883749,0.9934810060205292,1.0444867626526977,0.9815065955444632,0.7758724080478123,0.6258002855986439,0.423035857164402,1,3.9099740299915915,3.6128668019399925
1135,1135,1.0104353962561965,415,1,0,0.0,1.0453615021341385,0.9894972828240028,1.0409607877471725,1.0115369245500676,1.023337464073253,1.0006607804515772,0.7887680926690985,0.7536533308455107,0.423035857164402,0,3.8984278466236626,3.7553483186711585
1136,1136,0.9869597981852865,415,0,0,0.0,1.0499918245782085,1.0019873653802,1.0261815742406322,0.9894972828240028,1.0614239197477977,0.9894972828240028,0.7846582031691327,0.6725029670790563,0.6258002855986439,0,3.922255521735771,3.653484898107262
1137,1137,0.9610711304112431,510,0,1,2.19722457733622,1.0500407058806351,1.005164330916258,1.0355008983937557,0.9986063829166985,1.0773057040602287,1.0109891235542634,0.795245662433237,0.5546183566222742,0.423035857164402,0,3.9580929707678565,3.569378194009494
1138,1138,1.0314875462798236,415,0,0,0.0,1.036428759510812,1.005777194524828,1.0354339202980136,1.0069816697157885,1.0496235170277342,1.019581045851613,0.7758724080478123,0.5546183566222742,0.0,0,3.8973586048843716,3.586958266714504
1139,1139,1.0087374499934136,415,0,0,0.0,1.054678044650228,1.0087374499934136,1.0323177002702164,1.0235951562943069,1.0395393314192345,0.9927072832290874,0.7678971825427153,0.6258002855986439,0.6725029670790563,0,3.8944322588823943,3.650840175115452
1140,1140,1.0419043035236824,415,0,0,0.0,1.0498203216931254,1.0032813507727991,1.063200111839691,0.9538597857904456,1.0341085584241267,0.9903176749711242,0.8266961159266517,0.7325687477104176,0.6725029670790563,0,3.973825107883595,3.6800275592447864
1141,1141,0.9979035478286284,408,0,0,0.0,1.0111540807940909,1.002638340774061,1.0496974193523043,1.004544177148741,1.017348416174284,0.9942438142135328,0.8091673682554217,0.7860478795856021,0.0,0,3.8873672845761007,3.787474211721937
1142,1142,1.0032813507727991,415,0,1,3.5263605246161616,1.0493515026364335,1.022292995628416,1.0403612074905264,0.9986063829166985,1.0396620085500643,1.0104353962561965,0.7927077628291277,0.5546183566222742,0.5546183566222742,0,3.922082481506152,3.585953131423585
1143,1143,0.985200844275134,510,0,0,0.0,1.0256504750475106,1.0218511892271116,1.0282108982906202,1.0115369245500676,1.0568063534209156,0.9815065955444632,0.8230911610676044,0.6258002855986439,0.5546183566222742,0,3.9337588878266505,3.640694994920286
1144,1144,1.005777194524828,415,0,1,3.713572066704308,1.0533366469157466,1.009309683677839,1.0126152065263214,1.0087374499934136,1.0496974193523043,1.0115369245500676,0.7727589769680201,0.6258002855986439,0.5546183566222742,0,3.888408249762392,3.6553843438199642
1145,1145,1.020501600316601,408,0,1,3.80666248977032,1.036330213511384,0.987818703754018,1.0467219638044187,1.0104353962561965,1.0504298598360993,0.9934810060205292,0.8382411892305852,0.7536533308455107,0.5546183566222742,1,3.971723226382487,3.7453884368762544
1146,1146,1.019581045851613,408,0,0,0.0,1.0084489326435564,0.9993000568565548,1.070954453410786,0.9507170793714552,1.0580887910536887,1.007573578755084,0.7457165247157388,0.7536533308455107,0.423035857164402,0,3.88320870182377,3.7112440458286047
1147,1147,1.0063829237830022,510,0,1,3.5263605246161616,0.9891656507067036,1.0141909676964709,1.05313190764304,0.9919223562990608,1.028054765213703,1.0104353962561965,0.7977165865059108,0.6725029670790563,0.423035857164402,0,3.8680689100693577,3.6890516873307844
1148,1148,1.013145908971509,415,0,0,0.0,1.0206836824587835,1.0104353962561965,1.0147055277003714,0.99719132727709,1.0572864677251868,1.0186431550010258,0.7302124673395967,0.6725029670790563,0.423035857164402,0,3.822888145223938,3.6987728456133686
1149,1149,1.0167128902475082,408,0,0,0.0,1.0223369596895044,0.9986063829166985,1.046826971803513,0.9903176749711242,1.0537658118858932,1.0109891235542634,0.7803646465744236,0.6725029670790563,0.423035857164402,0,3.9032943899533343,3.672416148521142
1150,1150,0.9993000568565548,415,0,0,0.0,1.043341100287541,0.9942438142135328,1.0414349440266375,0.9765185323813282,1.0473743275543008,1.005164330916258,0.8523844819950629,0.7711646606364143,0.0,0,3.984534853863542,3.747091338147533
1151,1151,0.987818703754018,415,0,0,0.0,1.0436512826113629,1.0314875462798236,1.030270775172899,0.9934810060205292,1.038921065848597,0.9842999824276124,0.7900996062387244,0.6258002855986439,0.6258002855986439,0,3.902942729871583,3.6350688203266093
1152,1152,1.025691534626503,408,0,0,0.0,0.9352457396984428,0.9860873110883348,1.0592356475667055,1.0063829237830022,1.0400584958675765,0.9957377918930442,0.7989278990573876,0.7325687477104176,0.0,0,3.8334677821901124,3.720776774474799
1153,1153,0.92987564040383,408,0,0,0.0,1.0440430625379118,1.0069816697157885,1.0462198477934237,1.0087374499934136,0.991045636538143,1.015719197900225,0.7727589769680201,0.6725029670790563,0.5546183566222742,0,3.8540675238374984,3.703941284688484
1154,1154,0.9934810060205292,415,0,0,0.0,1.0303081033278505,0.9979035478286284,1.0483736899640017,0.9765185323813282,1.0502357028914229,0.985200844275134,0.7645193580620365,0.7325687477104176,0.423035857164402,0,3.8934368542453117,3.6921916721955084
1155,1155,0.9775519190240616,415,0,0,0.0,1.0393238677571432,0.9919223562990608,1.0535856142367488,1.002638340774061,1.0513645614982086,0.9986063829166985,0.7860478795856021,0.7063950542796786,0.6258002855986439,0,3.930321923077703,3.699562134269499
1156,1156,0.9903176749711242,510,0,0,0.0,1.0202272191831383,1.0141909676964709,1.0150117703608976,1.0032813507727991,1.0435387304704578,0.9911259244279969,0.7803646465744236,0.5546183566222742,0.423035857164402,0,3.859142366588917,3.5632165995195413
1157,1157,1.042771731453067,415,0,0,0.0,0.971280580426526,1.007573578755084,1.0494753485983768,0.9942438142135328,1.039508611695625,1.0019873653802,0.7093036193744068,0.6258002855986439,0.0,0,3.7695681600949342,3.6296050439474605
1158,1158,0.9754660547759244,415,1,1,3.58351893845611,1.0386088405277951,0.9662729529060342,1.0483990275686097,1.0120789147763565,1.048500236625958,1.0063829237830022,0.8574200375514633,0.6725029670790563,0.0,1,3.9929281422738265,3.6572377585444498
1159,1159,0.98338429212101,510,0,1,3.332204510175204,1.0128812497076147,1.003916572429902,1.046033456711986,1.0176873172212282,1.0425995426257593,1.0109891235542634,0.6800889582869747,0.7536533308455107,0.6258002855986439,0,3.781603207332335,3.7862463440509044
1160,1160,1.015719197900225,415,0,1,3.332204510175204,1.0491027881895507,0.9869597981852865,1.0327096931161477,0.9860873110883348,1.0362644016295142,1.0120789147763565,0.8449070458972404,0.423035857164402,0.0,0,3.962983928832453,3.40816188121438
1161,1161,0.93826565414555,415,0,1,3.737669618283368,1.0461666707552115,0.9993000568565548,1.0224247705163243,1.0141909676964709,1.011916921096432,0.9824533207775524,0.7302124673395967,0.6258002855986439,0.423035857164402,0,3.8107208297075643,3.621744630929222
1162,1162,0.98338429212101,415,0,0,0.0,1.027937334401142,1.0019873653802,1.0660577873708723,0.9903176749711242,1.031011886460428,1.005164330916258,0.7727589769680201,0.7063950542796786,0.0,0,3.8977659852004622,3.703864425547261
1163,1163,0.9842999824276124,415,1,0,0.0,1.0609873445641878,0.9743938320833514,1.0590964124242297,1.0147055277003714,1.0333442712171497,0.9911259244279969,0.8202862443392709,0.7536533308455107,0.423035857164402,1,3.973714272544838,3.7338786150572307
1164,1164,0.9927072832290874,415,1,0,0.0,1.059591658096852,1.0141909676964709,1.0388899368905145,0.99719132727709,1.0459533414800852,1.004544177148741,0.8024695798580879,0.6725029670790563,0.423035857164402,0,3.9469045163255396,3.688429439201358
1165,1165,1.0235951562943069,408,0,0,0.0,1.010323929238109,0.9949959866312726,1.030270775172899,0.97330117724734,1.0562147220728555,0.9919223562990608,0.8536731968227838,0.7325687477104176,0.0,0,3.9504826233066472,3.692788267888091
1166,1166,0.978566837930225,415,0,0,0.0,1.0055940915440948,1.009875623760096,0.9896623487088808,1.005164330916258,1.0347928575775416,1.0087374499934136,0.8504121441880276,0.7536533308455107,0.6258002855986439,0,3.8804614420185453,3.777430735515278
1167,1167,1.013145908971509,415,0,0,0.0,1.056973943729655,1.0152149060491755,1.0444591565461188,0.9860873110883348,1.042857585789689,1.007573578755084,0.795245662433237,0.7536533308455107,0.5546183566222742,0,3.9395363484986996,3.762529126738105
1168,1168,0.9743938320833514,415,0,1,2.833213344056216,1.0365598346737197,0.99719132727709,1.0523266565442388,1.005777194524828,1.0667141709465031,1.001328241641345,0.7846582031691327,0.5546183566222742,0.423035857164402,0,3.940258865333594,3.558915120065538
1169,1169,0.9860873110883348,408,0,0,0.0,0.9934810060205292,1.003916572429902,1.0423689551414588,0.972187368078744,1.0457658581355802,1.0141909676964709,0.8102372017222292,0.7063950542796786,0.0,0,3.8918530210197977,3.6966899624847955
1170,1170,1.0186431550010258,415,0,1,3.555348061489413,1.0454156230802891,0.9869597981852865,1.0204103082293488,1.0104353962561965,1.0413464078247812,1.0126152065263214,0.8434712343369151,0.7860478795856021,0.5546183566222742,0,3.950643573471334,3.796058280553406
1171,1171,0.7325687477104176,408,0,0,0.0,1.051007356619774,0.9979035478286284,1.0285216624571625,1.0152149060491755,1.033063278524976,1.001328241641345,0.7914126806490488,0.6725029670790563,0.6258002855986439,0,3.904004978250961,3.686949662598206
1172,1172,1.0069816697157885,510,1,0,0.0,1.0527885750246886,0.996469488897356,1.0326031046303406,1.005777194524828,1.0627078833669463,1.002638340774061,0.7989278990573876,0.6258002855986439,0.423035857164402,0,3.947027462079363,3.630685309794889
1173,1173,1.0069816697157885,415,1,0,0.0,1.0206382245007952,1.0063829237830022,1.0391693544220275,0.9949959866312726,1.0543686500325535,1.015719197900225,0.8284438879783939,0.5546183566222742,0.6258002855986439,1,3.94262011693377,3.571716464936774
1174,1174,1.022730883502586,415,0,0,0.0,1.020910349628534,0.9934810060205292,1.033762676392974,1.0087374499934136,1.0423400506926392,1.0231649163770178,0.8477057939488672,0.6258002855986439,0.423035857164402,0,3.9447188706630145,3.6511836579896046
1175,1175,1.004544177148741,510,0,0,0.0,1.0315603076979751,1.005164330916258,1.0231216847849196,0.978566837930225,1.0678837772261314,1.0006607804515772,0.795245662433237,0.5546183566222742,0.0,0,3.9178114321422632,3.5390103059203346
1176,1176,1.0120789147763565,415,0,1,3.80666248977032,1.051977061547392,0.9986063829166985,1.0504298598360993,1.004544177148741,1.0550071640756122,0.9842999824276124,0.8112944976246211,0.5546183566222742,0.0,0,3.968708583083725,3.5420688991153257
1177,1177,1.0410203227048376,408,0,0,0.0,1.051222020193135,0.9911259244279969,1.0369833285847223,0.9886644097649396,1.045846302286853,1.0141909676964709,0.7393445645824166,0.6725029670790563,0.5546183566222742,0,3.8733962156471273,3.666484268968464
1178,1178,1.031850253219713,415,0,0,0.0,0.9813153169221598,1.0141909676964709,1.0597881954088348,1.0141909676964709,1.0500407058806351,0.996469488897356,0.8183653079108115,0.5546183566222742,0.5546183566222742,0,3.9095095261224415,3.5794697809125724
1179,1179,0.423035857164402,415,0,0,0.0,1.0430857532729936,1.0069816697157885,1.0652012539197355,0.9894972828240028,1.0472705753830924,0.996469488897356,0.7536533308455107,0.5546183566222742,0.423035857164402,0,3.909210913421332,3.547566798059422
1180,1180,0.9949959866312726,408,0,0,0.0,1.0433693851015111,1.0087374499934136,1.0335887875940006,1.0115369245500676,1.0511982192666012,1.0063829237830022,0.8275744235987819,0.6258002855986439,0.423035857164402,0,3.9557308155608943,3.6524575839251274
1181,1181,0.972187368078744,408,0,0,0.0,1.0493266926677718,1.0172024688229897,1.066361987965352,1.002638340774061,1.0294421492440202,0.97330117724734,0.795245662433237,0.7063950542796786,0.423035857164402,0,3.940376492310381,3.69953704112407
1182,1182,1.0172024688229897,415,0,1,3.4339872044851463,1.02902243513999,0.9957377918930442,1.0282498530608313,1.0006607804515772,1.0291754809333138,1.0006607804515772,0.8275744235987819,0.6725029670790563,0.6725029670790563,1,3.914022192732917,3.669562319875255
1183,1183,1.0186431550010258,415,0,0,0.0,1.048424351022507,0.9919223562990608,1.040391370719793,1.0109891235542634,1.0470623588628805,1.008158792920829,0.7034111138230227,0.7989278990573876,0.5546183566222742,0,3.839289194428203,3.809998171831541
1184,1184,1.0181675188505357,510,0,1,3.49650756146648,1.0501383098143864,1.0218511892271116,1.058776487401312,0.987818703754018,1.041728850139232,1.0032813507727991,0.8080847309801162,0.6725029670790563,0.0,0,3.9587283783350466,3.685454210832985
1185,1185,1.0109891235542634,510,0,0,0.0,1.041257702397473,1.0032813507727991,1.0267872770162343,0.987818703754018,1.035900786920554,1.0147055277003714,0.805879938962908,0.7063950542796786,0.423035857164402,0,3.909825705297169,3.7122006365068674
1186,1186,0.9538597857904456,408,0,0,0.0,1.0295180703021112,1.003916572429902,1.0654600180006528,1.007573578755084,1.0469317384356054,0.9993000568565548,0.8112944976246211,0.6258002855986439,0.0,0,3.9532043243629906,3.6365904936401843
1187,1187,0.9927072832290874,415,0,0,0.0,1.0220283861398023,1.005164330916258,1.0448715153996355,1.0087374499934136,1.05200045296447,0.9927072832290874,0.815403362323621,0.423035857164402,0.6258002855986439,0,3.9343037168275288,3.4296449213031615
1188,1188,0.999984786274994,408,0,0,0.0,1.0351650559672234,0.9927072832290874,1.061781287063036,0.9942438142135328,1.0323892113461453,1.0126152065263214,0.8221661298163554,0.7325687477104176,0.423035857164402,0,3.9515016841927597,3.732135051679359
1189,1189,0.9637291374803096,415,1,1,2.8903717578961645,1.0533366469157466,0.9986063829166985,1.0326031046303406,0.9986063829166985,1.0533820172165596,1.0126152065263214,0.8221661298163554,0.6258002855986439,0.5546183566222742,0,3.9614878985790023,3.6356282579583623
1190,1190,0.97330117724734,510,0,0,0.0,1.0292136667183611,1.0126152065263214,1.049450606544243,1.0152149060491755,1.0623396212953615,1.0265055527832043,0.778890100585339,0.6258002855986439,0.5546183566222742,0,3.9198939951433047,3.6801359509573452
1191,1191,1.0218511892271116,415,0,0,0.0,1.0568063534209156,0.9824533207775524,1.03428056010004,0.9886644097649396,1.0559373186129843,1.0087374499934136,0.8069890155045473,0.6258002855986439,0.5546183566222742,0,3.954013247638487,3.6056554661345497
1192,1192,1.0120789147763565,408,0,0,0.0,1.043595040914256,0.9911259244279969,1.0343491867524517,1.0104353962561965,1.0540794139427927,1.025691534626503,0.8202862443392709,0.7325687477104176,0.423035857164402,0,3.9523098859487713,3.7598216030211145
1193,1193,0.9979035478286284,408,0,0,0.0,1.0286376865168383,0.9824533207775524,1.0612346432525663,0.9942438142135328,1.0567643561114437,1.0141909676964709,0.7457165247157388,0.7063950542796786,0.6258002855986439,0,3.892353210596587,3.697283156967235
1194,1194,1.0244444982729537,510,0,1,3.713572066704308,1.053540450739518,1.005777194524828,1.0369508869742348,0.9979035478286284,1.0469578925001817,1.0087374499934136,0.7887680926690985,0.6258002855986439,0.6258002855986439,0,3.9262173228830335,3.6382184779455136
1195,1195,0.99719132727709,408,0,0,0.0,1.0594930568174572,0.9894972828240028,1.038483365040779,0.98338429212101,1.0471665861538688,1.0104353962561965,0.7803646465744236,0.5546183566222742,0.423035857164402,0,3.9255076545865286,3.537935327823484
1196,1196,0.978566837930225,415,0,0,0.0,1.0434259027203387,0.996469488897356,1.066780925043836,0.9886644097649396,1.0353332750537292,1.005777194524828,0.747757924070225,0.7325687477104176,0.423035857164402,0,3.8932980268881288,3.723479840897541
1197,1197,0.8836050647842439,408,0,1,2.70805020110221,1.0439314653029093,1.002638340774061,1.0498693890742288,1.004544177148741,0.9740682131673848,0.996469488897356,0.6800889582869747,0.423035857164402,0.423035857164402,0,3.7479580258314975,3.4266878639845597
1198,1198,0.92987564040383,415,0,0,0.0,1.052696572280719,1.0109891235542634,1.0463260164676929,1.008158792920829,1.0475811247069893,1.0032813507727991,0.8202862443392709,0.5546183566222742,0.5546183566222742,0,3.9668899577946717,3.5770476238701656
1199,1199,0.9553725127999176,415,0,0,0.0,1.0392312210766217,1.0019873653802,1.0315239407985322,1.0069816697157885,1.067769882323254,1.0147055277003714,0.7536533308455107,0.6258002855986439,0.423035857164402,0,3.892178375043919,3.649474848395004
1200,1200,1.036330213511384,408,0,0,0.0,1.023337464073253,0.999984786274994,1.025030405466707,1.007573578755084,1.0506954662089525,1.0069816697157885,0.7989278990573876,0.7063950542796786,0.5546183566222742,0,3.8979912348063,3.7209350890255446
1201,1201,0.9765185323813282,415,0,0,0.0,1.0478895672438726,1.009875623760096,1.0584744205490826,1.002638340774061,1.0527195907273483,1.0006607804515772,0.7773928950827131,0.6258002855986439,0.423035857164402,1,3.9364764736030167,3.6389750305843784
1202,1202,1.0191143049145188,415,0,0,0.0,1.0461134317386946,0.978566837930225,1.0442099523591977,1.0115369245500676,1.042542003482222,1.002638340774061,0.824006498432407,0.5546183566222742,0.423035857164402,0,3.9568718860125216,3.5473604598766277
1203,1203,1.0209555590262906,408,0,0,0.0,1.0373708934224184,0.996469488897356,1.0515302897439265,1.005777194524828,1.0425707820071854,1.0104353962561965,0.7846582031691327,0.6258002855986439,0.5546183566222742,0,3.9161301683426633,3.6384823652770244
1204,1204,1.007573578755084,415,0,1,3.58351893845611,1.0349285409218254,1.0218511892271116,1.03623146123535,1.0032813507727991,1.0480685296039305,1.005777194524828,0.7927077628291277,0.7536533308455107,0.5546183566222742,0,3.911936294590234,3.784563065370249
1205,1205,1.004544177148741,415,0,0,0.0,1.03616551139242,0.9903176749711242,1.0550726960277623,0.97330117724734,1.0498203216931254,0.9743938320833514,0.795245662433237,0.5546183566222742,0.6258002855986439,0,3.9363041915465447,3.49263104092409
1206,1206,0.9698932078063358,510,0,0,0.0,1.031451124103136,1.002638340774061,1.0357345776010654,1.0019873653802,1.05901665009724,1.008158792920829,0.7228234639800664,0.6725029670790563,0.423035857164402,0,3.849025815781508,3.685287466154147
1207,1207,1.032210232660216,415,0,0,0.0,1.0115913831794938,0.9949959866312726,1.0432844785521025,1.009309683677839,1.047503685924683,1.001328241641345,0.8143937066027327,0.6258002855986439,0.5546183566222742,0,3.916773254259012,3.6314341975491007
1208,1208,0.9402024588178788,415,0,0,0.0,0.9973345332590527,1.007573578755084,1.0471926057401506,1.0141909676964709,1.0186904705829285,0.9815065955444632,0.8301569118312014,0.7325687477104176,0.423035857164402,0,3.893374521413333,3.7358398897064355
1209,1209,1.0296317282856953,415,0,1,3.1780538303479458,1.0549852985590702,1.009875623760096,1.020501600316601,1.0063829237830022,1.0478383053375802,1.015719197900225,0.8326639275093545,0.8102372017222292,0.5546183566222742,0,3.955989131722606,3.8422149471655525
1210,1210,0.9275973506953992,510,0,0,0.0,1.012668526514652,0.9986063829166985,1.0530862821897,1.0126152065263214,1.0497466204510668,1.007573578755084,0.7860478795856021,0.5546183566222742,0.0,0,3.901549308741021,3.5734135248203778
1211,1211,1.0248637173933617,415,0,0,0.0,1.0502357028914229,1.0019873653802,1.0340050577700552,1.0181675188505357,1.0450081489918388,0.9911259244279969,0.6906484519601133,0.6725029670790563,0.0,1,3.81989736161343,3.6837837757377887
1212,1212,0.9886644097649396,510,0,0,0.0,1.058655910393008,1.0240216638573814,1.0483483381940475,1.003916572429902,1.060700241178382,0.999984786274994,0.7711646606364143,0.7325687477104176,0.423035857164402,1,3.938869150401852,3.760491770272695
1213,1213,1.022730883502586,510,1,0,0.0,0.9482499800382216,1.005164330916258,1.04011919575166,1.0109891235542634,1.0341430086116687,0.9993000568565548,0.7939852844174682,0.6725029670790563,0.6725029670790563,1,3.8164974688190183,3.6879564784061323
1214,1214,1.004544177148741,415,0,1,2.9444389791664403,1.027662218124235,0.9911259244279969,1.0352996790210385,0.9911259244279969,1.0355008983937557,1.009875623760096,0.815403362323621,0.7536533308455107,0.0,1,3.9138661578626497,3.7457808034616003
1215,1215,1.0176873172212282,510,1,0,0.0,1.0546119269551917,1.003916572429902,1.0509116205109006,0.987818703754018,1.056722318768174,0.999984786274994,0.8366848759673883,0.7063950542796786,0.5546183566222742,1,3.9989307422016545,3.6981151167385926
1216,1216,1.0218511892271116,510,0,0,0.0,1.058251574647703,1.0019873653802,1.035900786920554,1.0167128902475082,1.0647140092990095,0.9860873110883348,0.8069890155045473,0.7325687477104176,0.423035857164402,1,3.965855386371814,3.737356314426461
1217,1217,1.0019873653802,415,0,0,0.0,1.0500162718517656,1.003916572429902,1.0400584958675765,0.9949959866312726,1.0536081788352,0.9886644097649396,0.8202862443392709,0.7711646606364143,0.5546183566222742,0,3.963969190893813,3.7587416294625284
1218,1218,0.9993000568565548,415,0,0,0.0,0.977960068808594,0.9869597981852865,1.0415527300850602,1.008158792920829,1.0494010817561192,1.003916572429902,0.7846582031691327,0.7063950542796786,0.0,0,3.8535720838189063,3.7054302178156964
1219,1219,1.013145908971509,408,1,1,3.091042453358316,1.0301960318782073,1.0152149060491755,1.046669368970486,1.0167128902475082,1.031011886460428,0.9886644097649396,0.8112944976246211,0.6258002855986439,0.6725029670790563,1,3.919171784933743,3.6463924916602672
1220,1220,1.0104353962561965,415,0,0,0.0,0.9689495393811752,1.009309683677839,0.9974059925823574,0.9942438142135328,1.0434541355644529,1.0109891235542634,0.8350993109078182,0.6258002855986439,0.7063950542796786,1,3.8449089784358037,3.6403429070442788
1221,1221,1.0181675188505357,408,1,0,0.0,1.0552687127970892,1.009875623760096,1.0035999243017175,1.0032813507727991,1.0285990427384548,1.0120789147763565,0.8069890155045473,0.7063950542796786,0.0,0,3.894456695341809,3.73163094358893
1222,1222,1.0126152065263214,408,0,0,0.0,1.0041056459689446,1.002638340774061,1.021494879099521,1.005164330916258,1.0440987597981954,0.9979035478286284,0.8497439208434823,0.7989278990573876,0.6258002855986439,0,3.9194432057101434,3.8046341185763355
1223,1223,0.9507170793714552,415,0,1,3.610917912644224,1.052047199193303,0.99719132727709,1.0341774338397145,1.0147055277003714,1.0603531984132666,0.9934810060205292,0.7645193580620365,0.6725029670790563,0.6258002855986439,0,3.9110971895083204,3.677880828077047
1224,1224,0.9886644097649396,510,1,0,0.0,1.051222020193135,1.005777194524828,1.0472705753830924,1.0141909676964709,1.0580071723432802,1.0104353962561965,0.819331006683021,0.6258002855986439,0.0,0,3.9758307746025285,3.6562038440761393
1225,1225,1.0235951562943069,408,0,0,0.0,1.0324249267957548,1.001328241641345,1.0458730855877978,1.008158792920829,1.0242758015520137,0.9743938320833514,0.7743279928495146,0.5546183566222742,0.423035857164402,0,3.876901806785081,3.5384992232677996
1226,1226,1.0069816697157885,510,0,1,3.6635616461296463,1.049277031843665,0.99719132727709,1.0384205010347205,0.9815065955444632,1.0052259427250412,0.996469488897356,0.8102372017222292,0.423035857164402,0.5546183566222742,0,3.9031606773256557,3.3982032688833117
1227,1227,0.9624149872572304,415,0,0,0.0,1.0223808846307898,1.009309683677839,1.0335887875940006,1.0136711282744777,1.038983261688513,0.9805436220896986,0.8397691990112335,0.6725029670790563,0.423035857164402,0,3.934722132924537,3.676027401121072
1228,1228,1.0311220734769209,415,0,0,0.0,0.9940161009967312,1.004544177148741,1.0619122100231178,1.0006607804515772,1.0351987476318485,0.9979035478286284,0.8047572096727953,0.7989278990573876,0.423035857164402,0,3.895884268324492,3.8020364044863344
1229,1229,1.003916572429902,415,0,0,0.0,1.0605656085643635,0.987818703754018,1.03566792986984,1.020501600316601,1.0347248700131249,1.005777194524828,0.8024695798580879,0.7063950542796786,0.423035857164402,0,3.933427988305416,3.7204925528751254
1230,1230,1.0063829237830022,408,0,0,0.0,0.9571393829216084,1.0063829237830022,1.049450606544243,1.0104353962561965,1.01004419746789,0.9993000568565548,0.8143937066027327,0.5546183566222742,0.5546183566222742,0,3.831027893536474,3.570736733518028
1231,1231,1.0506472905629405,415,0,0,0.0,1.033414261241099,1.0063829237830022,1.0610635864421232,1.008158792920829,1.0468793852262814,0.9979035478286284,0.7818171316562723,0.6258002855986439,0.0,1,3.9231743645657757,3.6382455501311033
1232,1232,0.9927072832290874,415,0,0,0.0,1.0488777699745275,0.9979035478286284,1.0480940381649428,0.9993000568565548,1.0515302897439265,0.978566837930225,0.8133725028259741,0.7536533308455107,0.0,0,3.961874600709371,3.729423773460919
1233,1233,1.03465678484363,415,0,0,0.0,1.0531547028934258,0.9869597981852865,1.0222489923833191,0.9919223562990608,1.0496481645775166,1.0006607804515772,0.8318363985199613,0.7989278990573876,0.423035857164402,0,3.9568882583742226,3.778470833993312
1234,1234,1.0152149060491755,510,0,1,3.1354942159291497,1.0454156230802891,0.99719132727709,1.0234235115719263,1.0147055277003714,1.0455506462352555,1.004544177148741,0.7803646465744236,0.7063950542796786,0.5546183566222742,0,3.894754427461894,3.722836086405881
1235,1235,0.9568484637059635,415,0,1,3.49650756146648,1.0191611761541786,0.9765185323813282,1.055701225651884,0.985200844275134,1.0639548100243752,0.9934810060205292,0.8334834996046646,0.7063950542796786,0.5546183566222742,0,3.9723007114351025,3.66159543695667
1236,1236,0.9869597981852865,415,0,1,3.555348061489413,1.0049790574705388,1.002638340774061,1.0532912304203077,0.9860873110883348,1.0576791725218326,1.003916572429902,0.8434712343369151,0.6725029670790563,0.5546183566222742,0,3.9594206947495945,3.665145191371354
1237,1237,1.0214053992395804,415,0,0,0.0,1.0541017297682356,0.996469488897356,1.0373387180374702,1.005164330916258,1.0487271340111737,1.013145908971509,0.7302124673395967,0.6258002855986439,0.5546183566222742,0,3.870380049156476,3.6405800143837665
1238,1238,0.92987564040383,415,0,0,0.0,1.0416408737382217,0.9775519190240616,1.018737741382231,1.0104353962561965,1.0462198477934237,1.0126152065263214,0.8284438879783939,0.423035857164402,0.0,0,3.93504235089227,3.4236383789709817
1239,1239,1.031850253219713,415,0,1,3.688879454113936,1.0490528807508746,0.9842999824276124,1.010268104753106,0.9986063829166985,1.0455776031406427,1.0147055277003714,0.7592308162427008,0.6725029670790563,0.423035857164402,0,3.864129404887324,3.6701148601237383
1240,1240,1.015719197900225,415,0,0,0.0,1.0185009387773685,1.0172024688229897,1.0129342918494788,0.9986063829166985,1.0437355165958448,1.0200434531560645,0.8080847309801162,0.7063950542796786,0.0,0,3.883255478202809,3.7422473591754315
1241,1241,0.987818703754018,415,0,1,3.6635616461296463,1.053359337835043,0.9775519190240616,1.043482351124484,0.9765185323813282,1.046748238488591,1.003916572429902,0.7927077628291277,0.7989278990573876,0.5546183566222742,0,3.9362976902772457,3.7569149228926793
1242,1242,0.9986063829166985,415,0,0,0.0,0.992629299595441,1.0104353962561965,1.051055148327961,0.996469488897356,1.0621728753569912,1.0087374499934136,0.8490701763260848,0.851732346927839,0.0,0,3.9549274996064785,3.8673746820748054
1243,1243,1.005777194524828,415,0,1,3.332204510175204,1.024106522721778,0.999984786274994,1.0342118341416129,0.9986063829166985,1.061196688777851,1.0032813507727991,0.8143937066027327,0.5546183566222742,0.423035857164402,0,3.933908752243975,3.556490876586766
1244,1244,0.9815065955444632,415,0,1,3.4657359027997265,1.0425995426257593,1.005164330916258,1.0369833285847223,0.9911259244279969,1.051859920962844,1.0087374499934136,0.815403362323621,0.6258002855986439,0.0,0,3.9468461544969466,3.630827990936312
1245,1245,1.009875623760096,415,0,0,0.0,1.0341774338397145,1.002638340774061,1.0294421492440202,0.9957377918930442,1.0625057273126055,1.0069816697157885,0.8598238636810767,0.6258002855986439,0.5546183566222742,0,3.985949174077417,3.6311580879815373
1246,1246,1.0379463144765462,408,0,0,0.0,1.0528803887421552,1.0209555590262906,1.0329927707949926,0.9986063829166985,1.041728850139232,0.9805436220896986,0.7348749836529411,0.6725029670790563,0.423035857164402,0,3.862476993329321,3.6726085311117442
1247,1247,0.9637291374803096,510,0,0,0.0,1.0293280431865213,0.9860873110883348,1.043256141591183,0.9919223562990608,1.0570366261637096,1.0006607804515772,0.8001236021366125,0.7860478795856021,0.423035857164402,0,3.9297444130780264,3.7647183274245752
1248,1248,1.0176873172212282,415,0,1,2.70805020110221,1.024947132380076,1.0019873653802,1.0349624011565233,0.996469488897356,1.0498203216931254,0.985200844275134,0.816401699882637,0.423035857164402,0.423035857164402,0,3.9261315551123617,3.406693555717092
1249,1249,1.0152149060491755,415,1,1,3.713572066704308,1.0485255036229264,0.987818703754018,1.0562359888495925,0.9957377918930442,1.040088855692616,1.0019873653802,0.8266961159266517,0.6725029670790563,0.423035857164402,0,3.9715464640917864,3.6580468281063183
1250,1250,0.9202501631240612,510,0,1,3.58351893845611,1.032174356376246,0.9919223562990608,1.028171912167401,0.9894972828240028,1.0416115111330717,1.019581045851613,0.778890100585339,0.5546183566222742,0.423035857164402,0,3.880847880262057,3.555619041596951
1251,1251,0.9986063829166985,408,0,0,0.0,1.013514132014465,0.9957377918930442,1.0455776031406427,0.9637291374803096,1.0357345776010654,1.002638340774061,0.8036205267754964,0.7325687477104176,0.6258002855986439,0,3.89844683953167,3.6946740178578326
1252,1252,1.002638340774061,408,0,0,0.0,1.037978076495735,1.015719197900225,1.0432277872084412,1.0200434531560645,1.0403310247076063,1.0120789147763565,0.8013040485562493,0.7989278990573876,0.423035857164402,0,3.922840936968032,3.8467694648900332
1253,1253,1.0063829237830022,415,0,0,0.0,1.0268674710493702,1.0006607804515772,1.046695673970438,1.0019873653802,1.0322460820457615,0.987818703754018,0.7832481321537382,0.7063950542796786,0.5546183566222742,0,3.889057359219308,3.696861903865474
1254,1254,1.026907518550221,415,0,1,3.6635616461296463,1.046669368970486,1.0087374499934136,1.0124013665879266,0.9815065955444632,1.008506765369007,1.005777194524828,0.8549416565973462,0.6725029670790563,0.5546183566222742,0,3.922519157524766,3.668524207141761
1255,1255,1.0141909676964709,415,0,1,3.4011973816621555,1.0550726960277623,1.0235951562943069,1.0694470002391223,0.9949959866312726,1.033901331273697,0.9903176749711242,0.805879938962908,0.7325687477104176,0.0,0,3.9643009665034894,3.7414775656071217
1256,1256,0.996469488897356,415,0,1,3.555348061489413,1.0367557665616325,0.999984786274994,1.058836651675072,1.0152149060491755,1.0252379702797614,0.9842999824276124,0.7228234639800664,0.8102372017222292,0.423035857164402,0,3.8436538524965322,3.8097368764740107
1257,1257,0.9927072832290874,510,0,0,0.0,1.0278981274978605,0.99719132727709,1.01434588553697,0.9993000568565548,1.060584867305374,0.999984786274994,0.7860478795856021,0.5546183566222742,0.423035857164402,0,3.888876759925806,3.551094527030913
1258,1258,0.9860873110883348,415,0,1,3.258096538021482,1.0434541355644529,0.9815065955444632,1.065062604973889,1.0104353962561965,1.0473224810384547,0.9815065955444632,0.8310007739998975,0.5546183566222742,0.0,0,3.9868399955766938,3.5280669439673966
1259,1259,0.9986063829166985,510,0,0,0.0,1.0327451697938033,1.0218511892271116,1.0251550500048785,1.009309683677839,1.0570157419251829,0.9894972828240028,0.825808803625318,0.7063950542796786,0.423035857164402,0,3.9407247653491826,3.7270532100086324
1260,1260,0.9919223562990608,415,0,0,0.0,1.0534273414096682,0.9979035478286284,1.0435387304704578,1.0104353962561965,1.0673276926965056,0.9860873110883348,0.8143937066027327,0.7536533308455107,0.5546183566222742,1,3.9786874711793643,3.7480795860186706
1261,1261,0.9949959866312726,415,0,0,0.0,0.9897446953140122,0.985200844275134,1.0340395830368314,0.987818703754018,1.0426857172487656,0.978566837930225,0.7574051097683623,0.6725029670790563,0.423035857164402,0,3.823875105367972,3.6240893530384337
1262,1262,1.0181675188505357,415,0,0,0.0,1.048424351022507,1.009309683677839,1.029137264927126,1.0115369245500676,1.0511267407387648,0.9824533207775524,0.8266961159266517,0.6725029670790563,0.423035857164402,0,3.955384472615049,3.675802896084516
1263,1263,1.0115369245500676,415,1,0,0.0,1.0382629710766498,1.0136711282744777,1.0438475894039112,1.0172024688229897,1.04870197923222,0.978566837930225,0.824006498432407,0.6258002855986439,0.423035857164402,0,3.954819038145188,3.635240720626336
1264,1264,0.9842999824276124,415,0,0,0.0,1.0251550500048785,0.9610711304112431,1.0360333346550443,1.007573578755084,1.053922889048728,0.9993000568565548,0.7278042077485497,0.7325687477104176,0.423035857164402,0,3.842915481457201,3.7005135137332994
1265,1265,0.98338429212101,415,0,1,3.688879454113936,1.0436793777283564,1.0069816697157885,1.0623211256534004,1.0200434531560645,1.0189263783092657,0.9815065955444632,0.8133725028259741,0.7536533308455107,0.423035857164402,0,3.9382993845169962,3.762185049261827
1266,1266,0.9894972828240028,415,0,1,3.4011973816621555,1.032851441880052,0.985200844275134,1.021360598591922,1.009875623760096,0.9872188782309248,0.9993000568565548,0.7832481321537382,0.5546183566222742,0.5546183566222742,0,3.824679050856637,3.5489948815140595
1267,1267,0.9934810060205292,510,0,0,0.0,1.0411688271461192,1.0104353962561965,1.0455236734444504,1.002638340774061,1.0498448620527454,0.9979035478286284,0.8326639275093545,0.6258002855986439,0.423035857164402,0,3.9692012901526694,3.63677757045753
1268,1268,1.0115369245500676,415,0,1,3.295836866004329,1.0297073517086992,1.0087374499934136,1.052047199193303,1.020501600316601,1.0586961396111372,1.002638340774061,0.6906484519601133,0.6725029670790563,0.0,0,3.831099142473253,3.7043803581631316
1269,1269,1.0019873653802,510,1,0,0.0,1.0546339771253748,1.003916572429902,1.073703022889544,1.003916572429902,1.0326031046303406,0.9979035478286284,0.8133725028259741,0.6258002855986439,0.0,1,3.9743126074712336,3.6315369782870763
1270,1270,1.0147055277003714,415,1,1,3.80666248977032,1.0571617241125104,1.0176873172212282,1.0383260466098834,1.007573578755084,1.043114195062613,1.0186431550010258,0.7818171316562723,0.6725029670790563,0.6258002855986439,0,3.9204190974412794,3.716407018056394
1271,1271,0.9596963204464736,510,0,1,3.5263605246161616,1.009875623760096,0.9957377918930442,1.0463525201075878,1.009875623760096,1.0278196184592618,0.9903176749711242,0.8133725028259741,0.6725029670790563,0.5546183566222742,0,3.8974202651529195,3.6684340577033208
1272,1272,0.9993000568565548,415,0,0,0.0,1.0437355165958448,1.0104353962561965,1.053200258496668,1.0252793777568705,1.0699606543468536,1.0019873653802,0.8001236021366125,0.6258002855986439,0.0,0,3.967020031575979,3.663502424991911
1273,1273,1.0325675221964723,408,0,1,3.258096538021482,1.0493266926677718,1.0019873653802,1.0469840315592949,1.0019873653802,1.0547220684880043,0.9942438142135328,0.8358958109502946,0.7711646606364143,0.5546183566222742,0,3.986928603665366,3.7693832056103473
1274,1274,0.9637291374803096,415,0,0,0.0,1.0348607477947986,0.999984786274994,1.0529262249404068,1.009875623760096,1.0632363509626346,0.9903176749711242,0.8123395143700564,0.6725029670790563,0.0,0,3.963362838067897,3.672681052085271
1275,1275,1.005164330916258,408,1,0,0.0,1.0316329587935256,0.9815065955444632,1.0647489965521058,1.004544177148741,1.0669141205114134,0.9957377918930442,0.825808803625318,0.7063950542796786,0.6725029670790563,0,3.9891048794823627,3.688183618865927
1276,1276,0.9903176749711242,415,0,1,3.044522437723423,0.9993000568565548,0.9949959866312726,1.03428056010004,0.99719132727709,1.0443485659337182,0.9869597981852865,0.8123395143700564,0.5546183566222742,0.0,0,3.8902686972603693,3.5337654687159237
1277,1277,1.0240216638573814,415,0,0,0.0,1.0315239407985322,0.9934810060205292,1.057699744386227,1.0141909676964709,1.0603531984132666,1.0069816697157885,0.7536533308455107,0.423035857164402,0.5546183566222742,0,3.9032302144435365,3.437689500597191
1278,1278,0.9993000568565548,415,0,0,0.0,1.0426570102260215,1.0109891235542634,1.0524888712336584,1.0063829237830022,1.0361325018842302,0.99719132727709,0.6644221388979804,0.5546183566222742,0.6258002855986439,0,3.7957005222418907,3.56918173123663
1279,1279,1.039508611695625,415,0,0,0.0,1.0533139444477977,0.9815065955444632,1.0635791126910614,1.0141909676964709,1.0419043035236824,0.9986063829166985,0.8358958109502946,0.6725029670790563,0.423035857164402,1,3.994693171612836,3.666806913236689
1280,1280,0.9824533207775524,408,0,0,0.0,1.030419914320064,0.9993000568565548,1.047684171665435,0.9275973506953992,1.0623211256534004,0.985200844275134,0.7645193580620365,0.6258002855986439,0.5546183566222742,0,3.904944569700936,3.5378985374257317
1281,1281,0.9754660547759244,415,0,0,0.0,1.0381998105641388,1.0167128902475082,1.0360664135454225,0.9927072832290874,1.0608918538335284,1.0006607804515772,0.8091673682554217,0.6725029670790563,0.0,0,3.9443254461985116,3.6825839210072298
1282,1282,1.005164330916258,415,1,0,0.0,1.0269875147705876,1.007573578755084,1.0321384531565971,1.0104353962561965,1.0582312596858272,1.004544177148741,0.8102372017222292,0.6725029670790563,0.0,0,3.927594429335241,3.6950561192390783
1283,1283,1.0273061898515887,415,0,0,0.0,1.0137755232948822,0.9942438142135328,1.0344177143633213,1.0087374499934136,1.0454696801372896,1.0136711282744777,0.8221661298163554,0.7325687477104176,0.6725029670790563,1,3.9158290476118482,3.7492211401918416
1284,1284,1.0292518223263003,408,0,1,3.58351893845611,1.0504056359303071,1.003916572429902,1.0419043035236824,1.0019873653802,1.0326031046303406,1.002638340774061,0.7939852844174682,0.5546183566222742,0.0,0,3.9188983285017986,3.5631606352064376
1285,1285,1.022730883502586,510,0,1,3.091042453358316,0.8718737791098273,1.0273061898515887,1.0239791793588722,1.008158792920829,1.0381681983745397,1.009309683677839,0.7695443153937457,0.423035857164402,0.0,0,3.703565472236985,3.4678105236146592
1286,1286,1.0126152065263214,415,0,0,0.0,1.0397538052306117,0.9903176749711242,1.056001489482676,1.0032813507727991,1.0205471835001672,1.0104353962561965,0.7939852844174682,0.7711646606364143,0.423035857164402,0,3.910287762630923,3.7751990826365343
1287,1287,1.0191143049145188,408,0,0,0.0,1.037080519485866,1.0235951562943069,1.0444591565461188,1.005164330916258,1.032174356376246,1.015719197900225,0.8133725028259741,0.7063950542796786,0.423035857164402,0,3.9270865352342046,3.7508737393904683
1288,1288,0.9815065955444632,415,0,0,0.0,1.0545015116237104,1.0115369245500676,1.0344861431961,1.020501600316601,1.0349285409218254,1.0152149060491755,0.8112944976246211,0.5546183566222742,0.5546183566222742,0,3.935210693366257,3.6018717875381183
1289,1289,1.002638340774061,510,0,1,3.6635616461296463,1.0505749302683174,1.0147055277003714,1.0647664794926537,1.019581045851613,1.0640615528013997,0.9687112141532412,0.7964892999116688,0.7325687477104176,0.0,0,3.97589226247404,3.7355665354156433
1290,1290,1.0273061898515887,510,0,0,0.0,1.0461666707552115,1.0115369245500676,1.0437355165958448,0.9894972828240028,1.0110441684052134,0.9903176749711242,0.7803646465744236,0.6725029670790563,0.423035857164402,0,3.881311002330693,3.6638548494242515
1291,1291,0.9090149821220628,408,0,0,0.0,1.0432844785521025,0.9886644097649396,1.034314885822944,1.0087374499934136,1.020318848041752,1.001328241641345,0.8266961159266517,0.7536533308455107,0.5546183566222742,0,3.9246143283434503,3.7523834322452094
1292,1292,1.019581045851613,510,0,0,0.0,1.0092527456329368,0.9824533207775524,1.011862808720251,0.9957377918930442,1.0414644185912862,1.0109891235542634,0.8504121441880276,0.7860478795856021,0.423035857164402,0,3.9129921171325015,3.7752281158104624
1293,1293,1.028868902973444,510,0,0,0.0,1.0154676819388762,1.025691534626503,1.0609873445641878,1.004544177148741,1.043566894295399,0.979563883308144,0.7711646606364143,0.6258002855986439,0.5546183566222742,0,3.891186581434877,3.6355998806820318
1294,1294,0.9911259244279969,510,0,0,0.0,1.0511028892720695,1.0252793777568705,1.0446245448277434,1.0152149060491755,1.0192080033818458,1.0147055277003714,0.8310007739998975,0.7063950542796786,0.5546183566222742,0,3.9459362114815564,3.7615948657860963
1295,1295,1.020501600316601,510,0,0,0.0,1.0404215144187952,0.97330117724734,1.024191235131682,1.0181675188505357,1.053720830753791,1.007573578755084,0.7989278990573876,0.7711646606364143,0.5546183566222742,0,3.917261479361656,3.7702069354893735
1296,1296,0.9934810060205292,415,0,0,0.0,1.0454966847509102,1.0032813507727991,1.031850253219713,0.987818703754018,1.0632906526470205,0.9949959866312726,0.7927077628291277,0.6258002855986439,0.0,0,3.9333453534467715,3.6118963267567334
1297,1297,0.9805436220896986,415,0,0,0.0,1.0335887875940006,1.0109891235542634,1.053200258496668,1.0006607804515772,1.0469055693496268,1.0141909676964709,0.8202862443392709,0.7063950542796786,0.5546183566222742,0,3.9539808597795663,3.7322359259819904
1298,1298,0.97330117724734,510,0,1,3.4011973816621555,1.030790750798266,1.005164330916258,1.069431337017939,0.9886644097649396,1.0468793852262814,0.999984786274994,0.7846582031691327,0.7325687477104176,0.423035857164402,0,3.9317596762116187,3.726382274666609
1299,1299,0.9824533207775524,415,0,0,0.0,1.0506954662089525,0.9979035478286284,1.048195929279713,1.0141909676964709,1.05452361665441,0.9993000568565548,0.7874176770111411,0.5546183566222742,0.5546183566222742,0,3.9408326891542167,3.5660129290039286
1300,1300,1.0120789147763565,408,0,0,0.0,1.0312685969895006,0.9869597981852865,1.038104909996007,0.9942438142135328,1.034246209550648,0.979563883308144,0.795245662433237,0.5546183566222742,0.7325687477104176,1,3.8988653789693926,3.5153858523292376
1301,1301,0.9765185323813282,510,0,0,0.0,1.035900786920554,0.9993000568565548,1.023208110040732,0.9957377918930442,1.036428759510812,1.0019873653802,0.8173889426906868,0.423035857164402,0.5546183566222742,0,3.912926599162785,3.4200610712942012
1302,1302,0.9765185323813282,415,0,0,0.0,1.050113928631741,1.0019873653802,1.0369184229946713,0.9919223562990608,1.044734473637668,1.009309683677839,0.8102372017222292,0.6258002855986439,0.6258002855986439,0,3.942004026986309,3.6290196909557433
1303,1303,0.9596963204464736,415,1,0,0.0,1.047940771359537,0.985200844275134,1.0542353901529768,0.9986063829166985,1.0409905647614597,0.98338429212101,0.8001236021366125,0.6258002855986439,0.423035857164402,0,3.943290328410586,3.5929918049114864
1304,1304,1.0069816697157885,408,0,0,0.0,1.0209555590262906,1.005164330916258,1.0364943426379365,0.9986063829166985,1.0676556813552869,0.9869597981852865,0.7592308162427008,0.6258002855986439,0.6258002855986439,0,3.8843363992622146,3.616530797616887
1305,1305,1.0360002325774176,510,0,0,0.0,1.0643802012350847,1.0248637173933617,1.047991917804974,1.0209555590262906,1.028171912167401,1.0136711282744777,0.7977165865059108,0.5546183566222742,0.0,1,3.93826061771337,3.6141087613164045
1306,1306,1.0087374499934136,408,0,0,0.0,1.0500895342573795,0.9986063829166985,1.0062623413628795,1.001328241641345,1.0481195323981587,0.9860873110883348,0.8334834996046646,0.6725029670790563,0.423035857164402,0,3.9379549076230824,3.6585249027254347
1307,1307,1.003916572429902,510,0,0,0.0,1.0364943426379365,0.9869597981852865,1.0534046850711534,1.0218511892271116,1.0604305583668463,1.0087374499934136,0.778890100585339,0.7063950542796786,0.0,0,3.929219686661275,3.7239434916854903
1308,1308,0.996469488897356,408,0,1,3.4657359027997265,1.0609300752912774,0.9860873110883348,1.0482975920994524,1.001328241641345,1.0055940915440948,1.0109891235542634,0.7939852844174682,0.5546183566222742,0.423035857164402,0,3.908807043352293,3.553023032906218
1309,1309,0.972187368078744,415,1,0,0.0,1.0507195347051796,1.0209555590262906,1.007691152709159,0.9934810060205292,1.0234235115719263,1.0200434531560645,0.8598238636810767,0.7860478795856021,0.423035857164402,1,3.941658062667342,3.8205278977884864
1310,1310,1.0369833285847223,415,0,1,3.1780538303479458,1.0628360376947,1.0191143049145188,1.0324249267957548,0.9824533207775524,1.0375314408504253,1.005164330916258,0.7574051097683623,0.7325687477104176,0.423035857164402,0,3.8901975151092425,3.7393007043187465
1311,1311,0.9911259244279969,510,0,1,2.5649493574615367,0.9955163232783132,0.9934810060205292,1.0229917618237616,0.9815065955444632,1.0335539334655686,1.0109891235542634,0.8069890155045473,0.5546183566222742,0.423035857164402,0,3.859051034072191,3.5405950817415306
1312,1312,1.022730883502586,510,0,0,0.0,1.0177355451311074,1.003916572429902,1.055808696854009,1.0063829237830022,1.046272962986625,0.98338429212101,0.7063950542796786,0.6258002855986439,0.6258002855986439,0,3.82621225925142,3.619484073932558
1313,1313,1.0032813507727991,415,0,1,3.367295829986474,1.0063226675621295,1.0200434531560645,1.0522336977606048,1.0069816697157885,1.0624873025479606,1.0141909676964709,0.8069890155045473,0.7063950542796786,0.423035857164402,0,3.928032683375242,3.7476111448480025
1314,1314,1.0218511892271116,408,0,0,0.0,1.0245706410175175,0.9869597981852865,1.0307537956581727,1.0104353962561965,1.037467287667757,0.98338429212101,0.7325687477104176,0.8102372017222292,0.5546183566222742,0,3.8253604720538648,3.7910166882847225
1315,1315,1.009309683677839,510,0,0,0.0,1.0416995432195997,0.987818703754018,1.022948377902844,0.9986063829166985,1.0554422251106146,1.0069816697157885,0.741511301806249,0.6258002855986439,0.5546183566222742,0,3.8616014480393077,3.6192070419851485
1316,1316,1.0200434531560645,408,0,1,3.610917912644224,1.0447070161063412,0.9979035478286284,1.0301211723265706,0.98338429212101,1.019720219695305,0.99719132727709,0.8350993109078182,0.7063950542796786,0.0,0,3.9296477190360353,3.684874221506407
1317,1317,1.0181675188505357,415,0,0,0.0,1.055722740784107,0.996469488897356,1.0391074057732193,0.967504775196054,1.024947132380076,1.009875623760096,0.8427438869642762,0.5546183566222742,0.6258002855986439,0,3.9625211659016784,3.5284682444757802
1318,1318,0.99719132727709,408,0,1,3.6635616461296463,1.0546119269551917,0.999984786274994,1.031378196620574,1.0252793777568705,1.0468793852262814,1.007573578755084,0.7846582031691327,0.423035857164402,0.423035857164402,0,3.9175277119711795,3.4558735999513504
1319,1319,1.043341100287541,415,1,0,0.0,1.0178318618817308,0.987818703754018,1.0499918245782085,1.0115369245500676,1.036297319045001,0.9993000568565548,0.8350993109078182,0.7063950542796786,0.7063950542796786,1,3.939220316412759,3.705050739440319
1320,1320,1.0019873653802,415,0,1,3.5263605246161616,1.037978076495735,0.9979035478286284,1.0537433269974426,1.003916572429902,1.0335190538006391,0.999984786274994,0.805879938962908,0.423035857164402,0.5546183566222742,0,3.9311203962567243,3.424840763697927
1321,1321,1.0063829237830022,415,0,1,3.4657359027997265,1.0434541355644529,1.0167128902475082,1.0159195112555786,1.0087374499934136,1.011862808720251,1.0032813507727991,0.8230911610676044,0.6725029670790563,0.6258002855986439,0,3.8943276166078866,3.701234658092777
1322,1322,0.9860873110883348,415,0,0,0.0,1.0422242519655407,0.9919223562990608,1.0357012654804605,1.005777194524828,1.0189263783092657,1.0136711282744777,0.8013040485562493,0.423035857164402,0.0,0,3.898155944311516,3.4344065362627685
1323,1323,1.001328241641345,408,0,0,0.0,1.0355677817916773,1.0019873653802,1.036592546605297,0.9934810060205292,1.0411984711363191,1.0191143049145188,0.7678971825427153,0.7325687477104176,0.423035857164402,0,3.881255982076009,3.747151424025666
1324,1324,0.8580278252863395,408,0,1,3.58351893845611,1.0437635603848927,1.015719197900225,1.0604691868881282,0.9824533207775524,1.0468531860495816,1.0191143049145188,0.7727589769680201,0.7989278990573876,0.423035857164402,0,3.9238449102906223,3.8162147226496836
1325,1325,0.9624149872572304,415,0,1,3.218875824868201,1.0150626309070283,0.9934810060205292,1.039508611695625,0.9842999824276124,1.0596900373189164,1.001328241641345,0.8266961159266517,0.6258002855986439,0.423035857164402,0,3.940957395848221,3.60490951568813
1326,1326,0.9911259244279969,415,0,0,0.0,1.0192080033818458,1.005777194524828,1.0618748437902648,0.967504775196054,1.0667141709465031,0.9824533207775524,0.8374666287558015,0.7325687477104176,0.5546183566222742,0,3.985263646874415,3.688304038208852
1327,1327,0.9993000568565548,510,0,0,0.0,1.0451171634905694,0.999984786274994,1.0345203206527556,0.9687112141532412,1.0360002325774176,1.005777194524828,0.8350993109078182,0.6258002855986439,0.5546183566222742,0,3.950737027628561,3.600273480551707
1328,1328,0.9842999824276124,510,1,0,0.0,1.054346467771187,1.0141909676964709,1.052256955560381,0.999984786274994,1.0494753485983768,0.9754660547759244,0.7977165865059108,0.423035857164402,0.423035857164402,1,3.9537953584358556,3.412677665911791
1329,1329,0.9979035478286284,415,0,0,0.0,1.024318030160792,0.9993000568565548,1.0496727986811845,1.002638340774061,1.0511505795518088,0.979563883308144,0.8013040485562493,0.6258002855986439,0.0,0,3.926445456950035,3.607302566537404
1330,1330,0.9903176749711242,408,0,0,0.0,1.0213157573758278,0.999984786274994,1.0340395830368314,0.9860873110883348,1.0320305815099184,1.015719197900225,0.7662224715044368,0.7063950542796786,0.5546183566222742,0,3.8536083934270144,3.7081863495432326
1331,1331,1.015719197900225,415,0,0,0.0,1.0326031046303406,1.0136711282744777,1.056172157784209,0.9553725127999176,1.0343834629215896,0.985200844275134,0.7860478795856021,0.7989278990573876,0.423035857164402,0,3.9092066049217413,3.753172384406917
1332,1332,0.972187368078744,408,0,0,0.0,1.0258963161813488,1.0120789147763565,1.0514593382656887,1.0087374499934136,1.0610064175721272,0.996469488897356,0.7846582031691327,0.7711646606364143,0.423035857164402,0,3.923020275188297,3.78845051430354
1333,1333,0.9894972828240028,510,0,0,0.0,1.070605476770253,0.9815065955444632,1.046431938822867,1.0141909676964709,1.0597881954088348,1.003916572429902,0.805879938962908,0.7325687477104176,0.0,1,3.9827055499648627,3.732182883381254
1334,1334,1.0087374499934136,510,0,0,0.0,1.0199974053303946,0.9979035478286284,1.0608727305013994,1.0063829237830022,1.0421372123548482,1.005777194524828,0.7555463047707869,0.6725029670790563,0.423035857164402,0,3.8785536529574287,3.682566633215515
1335,1335,0.9490833369538014,415,0,1,3.4339872044851463,1.0432277872084412,0.9979035478286284,1.0544351304763362,1.0235951562943069,1.0508876545995445,1.013145908971509,0.8284438879783939,0.6725029670790563,0.5546183566222742,0,3.9769944602627163,3.7071475801735003
1336,1336,1.0115369245500676,510,0,0,0.0,1.002443892730334,1.0069816697157885,1.0257325597118,0.999984786274994,1.027464747028562,1.0019873653802,0.8382411892305852,0.6725029670790563,0.5546183566222742,0,3.8938823887012814,3.6814567884500384
1337,1337,0.9775519190240616,415,0,0,0.0,1.025113537097338,0.9942438142135328,1.0243602224455537,0.9927072832290874,1.0424843926306362,0.9903176749711242,0.8080847309801162,0.7063950542796786,0.6258002855986439,0,3.9000428831536444,3.6836638266934227
1338,1338,0.9957377918930442,415,0,0,0.0,0.9316428380391328,0.987818703754018,1.0297451189791813,1.005777194524828,1.0366579024412244,1.009309683677839,0.839008674512346,0.7063950542796786,0.6258002855986439,0,3.8370545339718847,3.7093006362363634
1339,1339,1.001328241641345,415,0,0,0.0,0.9813153169221598,1.0069816697157885,1.040240358802432,1.004544177148741,1.0367557665616325,1.0087374499934136,0.8047572096727953,0.6725029670790563,0.6258002855986439,0,3.8630686519590194,3.692766263936999
1340,1340,0.9957377918930442,408,0,1,3.688879454113936,0.9991620444544486,0.9949959866312726,1.0492024381824958,0.996469488897356,1.0434541355644529,0.97330117724734,0.8143937066027327,0.7063950542796786,0.423035857164402,0,3.9062123248041303,3.6711617070556475
1341,1341,1.036330213511384,415,0,1,2.772588722239781,1.0498693890742288,1.0248637173933617,1.0470362647247664,1.0115369245500676,1.0498693890742288,1.008158792920829,0.824006498432407,0.7860478795856021,0.423035857164402,0,3.970781541305631,3.830607314449861
1342,1342,0.9869597981852865,415,0,0,0.0,1.060022878096626,1.0109891235542634,1.0399672975582703,1.009309683677839,1.0592951843576492,0.9942438142135328,0.7393445645824166,0.7536533308455107,0.423035857164402,1,3.898629924594962,3.768195952291146
1343,1343,1.0019873653802,415,0,0,0.0,1.011808638916558,0.98338429212101,1.0489529004272775,1.009309683677839,1.0573279705090914,1.001328241641345,0.815403362323621,0.7536533308455107,0.7536533308455107,1,3.933492872176548,3.747675548285705
1344,1344,1.0109891235542634,415,0,0,0.0,1.044761914751862,1.002638340774061,1.0429718105027068,1.003916572429902,1.0643802012350847,1.0141909676964709,0.8318363985199613,0.7063950542796786,0.5546183566222742,0,3.983950325009615,3.727140935180113
1345,1345,1.0240216638573814,510,0,0,0.0,1.048322972244091,1.0104353962561965,1.0443485659337182,0.9886644097649396,1.0291754809333138,1.0069816697157885,0.824006498432407,0.7325687477104176,0.423035857164402,0,3.9458535175435303,3.738650223447342
1346,1346,1.0200434531560645,408,0,0,0.0,1.0349624011565233,1.0069816697157885,1.0467219638044187,1.0147055277003714,1.045846302286853,0.9869597981852865,0.815403362323621,0.5546183566222742,0.423035857164402,0,3.9429340295714157,3.5632653522237208
1347,1347,1.020501600316601,510,0,0,0.0,1.04465205171959,0.9919223562990608,1.0347928575775416,1.0120789147763565,1.063399051399911,0.987818703754018,0.7325687477104176,0.6725029670790563,0.0,0,3.87541270840746,3.664322941908492
1348,1348,1.020501600316601,408,0,0,0.0,1.0496974193523043,1.020501600316601,1.0315603076979751,1.0235951562943069,1.0321384531565971,0.9911259244279969,0.7773928950827131,0.6258002855986439,0.6725029670790563,0,3.89078907528959,3.6610229666375482
1349,1349,0.9979035478286284,510,0,1,3.49650756146648,1.0491027881895507,1.0126152065263214,1.0115369245500676,0.9687112141532412,1.042108162740893,0.9919223562990608,0.7914126806490488,0.7063950542796786,0.5546183566222742,0,3.8941605561295605,3.679643831258302
1350,1350,1.0235951562943069,415,0,0,0.0,1.01434588553697,1.007573578755084,1.0542131412951734,0.9911259244279969,1.0485255036229264,0.9824533207775524,0.7662224715044368,0.6258002855986439,0.6725029670790563,1,3.883307001959506,3.606953109559277
1351,1351,1.0252793777568705,510,0,0,0.0,1.0619681990426302,0.9993000568565548,1.0542798545035723,0.9957377918930442,1.0141909676964709,0.9957377918930442,0.816401699882637,0.7063950542796786,0.423035857164402,1,3.9468407211253105,3.6971706949223218
1352,1352,0.8918212615283342,408,0,1,3.4011973816621555,1.0532912304203077,1.005777194524828,1.0415527300850602,1.0109891235542634,1.0186431550010258,1.005777194524828,0.7574051097683623,0.5546183566222742,0.6258002855986439,0,3.8708922252747557,3.5771618692261935
1353,1353,0.9596963204464736,415,0,0,0.0,1.061082626036811,1.0104353962561965,1.01398367102225,1.030008664286585,1.0598861332861893,1.0126152065263214,0.8173889426906868,0.6258002855986439,0.423035857164402,0,3.952341373035937,3.678859552667747
1354,1354,0.9538597857904456,408,0,0,0.0,1.0196274803686236,1.0186431550010258,1.0316692430666674,0.9986063829166985,1.04606013061016,0.9942438142135328,0.7228234639800664,0.7860478795856021,0.7063950542796786,1,3.820180318025517,3.7975412317168593
1355,1355,0.99719132727709,415,0,1,3.1780538303479458,1.0341085584241267,0.9903176749711242,1.0580887910536887,1.0186431550010258,1.0122941091112052,1.0087374499934136,0.8123395143700564,0.6258002855986439,0.6725029670790563,0,3.916830972959077,3.643498565564207
1356,1356,0.999984786274994,408,0,0,0.0,1.0435387304704578,0.9765185323813282,1.0564057554441313,0.958289233840266,1.0386401569418002,0.9754660547759244,0.8047572096727953,0.6258002855986439,0.6258002855986439,0,3.9433418525291843,3.5360741065961627
1357,1357,1.003916572429902,408,0,0,0.0,1.0364943426379365,0.9815065955444632,1.0478383053375802,1.0109891235542634,1.033168845010772,1.0120789147763565,0.8024695798580879,0.7063950542796786,0.6725029670790563,0,3.919971072844377,3.7109696881547616
1358,1358,1.0019873653802,415,0,0,0.0,1.044182179416886,0.9743938320833514,1.0075146914300117,1.005164330916258,1.052696572280719,0.9894972828240028,0.8143937066027327,0.5546183566222742,0.6258002855986439,0,3.918787149730349,3.5236738024458862
1359,1359,0.9275973506953992,510,0,1,3.258096538021482,1.0287919536082624,1.0087374499934136,1.0547440640492916,0.9754660547759244,1.0266667376343306,0.9824533207775524,0.7874176770111411,0.5546183566222742,0.423035857164402,0,3.8976204323030257,3.5212751821691644
1360,1360,0.978566837930225,510,0,0,0.0,1.0190673895866764,1.003916572429902,1.046537615913696,1.020501600316601,1.0521638517831204,0.9979035478286284,0.8397691990112335,0.6258002855986439,0.423035857164402,0,3.9575380562947267,3.6481220061737756
1361,1361,1.008158792920829,415,1,0,0.0,1.0600423781271575,0.9919223562990608,1.027937334401142,1.019581045851613,1.065442815599864,0.9911259244279969,0.795245662433237,0.7711646606364143,0.5546183566222742,1,3.9486681905614005,3.7737939872150847
1362,1362,1.002638340774061,415,0,0,0.0,1.0408713420527342,1.028482925863037,1.0270274635898131,1.0115369245500676,1.0381998105641388,0.9942438142135328,0.8463183195479455,0.7063950542796786,0.5546183566222742,0,3.9524169357546315,3.740658718906316
1363,1363,0.987818703754018,510,0,0,0.0,1.027622788125207,1.015719197900225,1.0615559240566703,0.98338429212101,1.0544351304763362,0.98338429212101,0.8091673682554217,0.7536533308455107,0.5546183566222742,0,3.9527812109136353,3.736141112987756
1364,1364,1.002638340774061,510,0,0,0.0,1.0120249740131546,0.9934810060205292,1.0094801207254045,0.9624149872572304,1.0350638369279843,0.985200844275134,0.7555463047707869,0.6725029670790563,0.423035857164402,0,3.8121152364373305,3.61359980463195
1365,1365,0.9538597857904456,510,0,0,0.0,1.019905181588335,1.007573578755084,1.048550756542031,1.004544177148741,1.0430857532729936,1.0172024688229897,0.8102372017222292,0.7063950542796786,0.423035857164402,0,3.9217788931255884,3.735715279006493
1366,1366,1.005777194524828,415,0,0,0.0,1.003536364314055,0.9507170793714552,1.0311587463306209,1.0136711282744777,1.0582109353151692,0.958289233840266,0.8221661298163554,0.5546183566222742,0.423035857164402,0,3.9150721757762,3.4772957981084733
1367,1367,1.0104353962561965,415,0,1,3.1780538303479458,1.0273061898515887,1.005164330916258,1.053177486507637,0.9754660547759244,1.044679542139714,0.9842999824276124,0.7927077628291277,0.7063950542796786,0.6725029670790563,0,3.9178709813280674,3.6713254223994736
1368,1368,1.009309683677839,415,0,1,3.610917912644224,1.0005262706287263,1.015719197900225,1.0351987476318485,1.005777194524828,1.033623616220411,0.9919223562990608,0.8326639275093545,0.6725029670790563,0.5546183566222742,0,3.90201256199034,3.68592171580317
1369,1369,1.031850253219713,408,0,0,0.0,1.0072784698695327,1.0147055277003714,1.0576379998931953,0.9474052700602774,1.055701225651884,1.019581045851613,0.825808803625318,0.6258002855986439,0.5546183566222742,0,3.9464264990399305,3.6074921292109052
1370,1370,0.978566837930225,415,0,0,0.0,1.0524888712336584,0.9993000568565548,1.066378824642583,1.009309683677839,1.05747292281811,1.005164330916258,0.8284438879783939,0.7536533308455107,0.0,1,4.004784506672745,3.7674274022961622
1371,1371,1.0006607804515772,415,0,1,3.784189633918261,1.014756697119516,1.005777194524828,1.0584137565926417,1.0115369245500676,1.0500162718517656,1.002638340774061,0.7758724080478123,0.7063950542796786,0.6258002855986439,0,3.8990591336117353,3.7263475141286353
1372,1372,1.0191143049145188,510,0,0,0.0,1.01636732504098,0.978566837930225,1.0604884883095542,1.0019873653802,1.0540123992393708,0.9903176749711242,0.6512414542310517,0.7325687477104176,0.0,0,3.782109666820957,3.703440625991967
1373,1373,0.99719132727709,415,0,0,0.0,1.030642759381509,1.0032813507727991,1.0655630875500803,1.002638340774061,1.0486516277295643,1.0019873653802,0.8358958109502946,0.6258002855986439,0.423035857164402,0,3.9807532856114483,3.633707342525704
1374,1374,1.0136711282744777,408,0,0,0.0,1.01636732504098,0.9765185323813282,1.0461134317386946,0.9942438142135328,1.0305314659689024,0.9979035478286284,0.8434712343369151,0.423035857164402,0.0,0,3.936483457085492,3.3917017515878918
1375,1375,1.0115369245500676,415,0,0,0.0,1.0634170914030598,1.0167128902475082,1.045739011945524,0.9824533207775524,1.041728850139232,1.0240216638573814,0.751725067666227,0.7325687477104176,0.423035857164402,1,3.902610021154043,3.75575662259286
1376,1376,1.0176873172212282,408,0,1,3.258096538021482,1.0360002325774176,0.996469488897356,1.0553989106966315,0.972187368078744,1.0658026224723502,1.0019873653802,0.7003483207827342,0.6258002855986439,0.0,0,3.8575500865291334,3.596444507954944
1377,1377,1.028868902973444,415,0,1,3.4657359027997265,1.0490528807508746,1.0191143049145188,1.021045854340093,1.004544177148741,1.0136188501203711,1.005777194524828,0.7914126806490488,0.7325687477104176,0.0,0,3.8751302658603874,3.7620044242985053
1378,1378,0.9869597981852865,415,0,0,0.0,0.9400114103552304,1.016218495895403,1.0471405516887569,0.9993000568565548,1.053653273785326,0.9610711304112431,0.8143937066027327,0.7063950542796786,0.423035857164402,0,3.855198942432046,3.6829847374428795
1379,1379,0.925237402907562,415,0,0,0.0,1.0585350006918597,0.9934810060205292,1.0579867439406057,0.9860873110883348,1.019720219695305,1.015719197900225,0.7278042077485497,0.5546183566222742,0.423035857164402,0,3.8640461720763204,3.5499058716313634
1380,1380,0.9765185323813282,510,0,0,0.0,1.051055148327961,0.9986063829166985,1.0344519411105462,1.0186431550010258,1.0409309916393834,1.0126152065263214,0.8013040485562493,0.423035857164402,0.0,0,3.9277421296341397,3.452900601608448
1381,1381,0.967504775196054,408,0,0,0.0,1.0380415361076007,1.0265055527832043,1.046590362812797,0.9949959866312726,1.0559159076119062,1.001328241641345,0.8334834996046646,0.7325687477104176,0.423035857164402,1,3.9740313061369683,3.7553985287662393
1382,1382,0.979563883308144,510,0,1,3.1780538303479458,1.0368859366175398,0.9894972828240028,1.0581499056696655,1.0218511892271116,1.0600423781271575,1.0292518223263003,0.8382411892305852,0.7536533308455107,0.423035857164402,0,3.993319409644948,3.7942536252229253
1383,1383,1.016218495895403,415,0,0,0.0,1.0305314659689024,1.0069816697157885,1.034246209550648,1.009875623760096,1.0409607877471725,1.003916572429902,0.7832481321537382,0.6258002855986439,0.6258002855986439,0,3.888986595420461,3.64657415150443
1384,1384,0.8878276945462743,510,0,0,0.0,1.0104910390311983,0.9824533207775524,1.034588601810145,0.9993000568565548,1.0589567328138032,1.0172024688229897,0.751725067666227,0.5546183566222742,0.423035857164402,1,3.8557614413213734,3.5535742030793713
1385,1385,1.0506472905629405,415,0,0,0.0,1.0391074057732193,1.0244444982729537,1.0555503261851054,0.97105164486998,1.0489278707961407,1.004544177148741,0.7832481321537382,0.5546183566222742,0.423035857164402,0,3.926833734908204,3.5546586769139488
1386,1386,1.038577503156629,415,1,0,0.0,1.031958531714041,0.9903176749711242,1.0164168371012026,0.9903176749711242,1.058776487401312,1.001328241641345,0.8382411892305852,0.6258002855986439,0.0,1,3.9453930454471404,3.607763877182237
1387,1387,0.97105164486998,415,0,0,0.0,1.024654556181075,0.99719132727709,1.046431938822867,1.003916572429902,1.051577528484576,1.0141909676964709,0.7627869824840867,0.5546183566222742,0.5546183566222742,0,3.885451005972605,3.569917224025737
1388,1388,0.9596963204464736,415,1,0,0.0,1.0414644185912862,1.007573578755084,1.05831246316127,1.007573578755084,1.024233536561571,1.009309683677839,0.795245662433237,0.5546183566222742,0.5546183566222742,1,3.919256080747364,3.5790751978102815
1389,1389,0.987818703754018,408,1,1,2.772588722239781,1.0312320080475197,1.0087374499934136,1.0351987476318485,1.0141909676964709,1.024106522721778,0.9894972828240028,0.819331006683021,0.7063950542796786,0.423035857164402,0,3.9098682850841673,3.7188207547935663
1390,1390,1.013145908971509,408,1,1,3.688879454113936,1.0291754809333138,1.0063829237830022,1.0158695075027404,1.009309683677839,1.0130402104886038,1.004544177148741,0.7887680926690985,0.7325687477104176,0.423035857164402,0,3.8468532915937566,3.75280553232
1391,1391,0.9402024588178788,408,1,0,0.0,1.038483365040779,1.0176873172212282,1.0365271000276444,0.9986063829166985,1.033379279084071,1.0109891235542634,0.8202862443392709,0.7325687477104176,0.5546183566222742,0,3.9286759884917655,3.7598515714026073
1392,1392,1.0209555590262906,408,0,0,0.0,1.0449262176909364,1.005777194524828,1.0506231833876123,0.9957377918930442,1.0571200642589424,1.007573578755084,0.8212312206090928,0.7536533308455107,0.0,0,3.973900685946584,3.7627418960184666
1393,1393,0.9743938320833514,415,0,1,3.58351893845611,1.0415527300850602,1.002638340774061,1.0586357819257142,0.9979035478286284,1.046748238488591,1.007573578755084,0.7846582031691327,0.7325687477104176,0.0,0,3.9315949536684984,3.7406842150681907
1394,1394,0.9743938320833514,415,0,0,0.0,1.0455776031406427,1.003916572429902,1.0524657336834242,1.008158792920829,1.058353008607389,0.9993000568565548,0.7887680926690985,0.7325687477104176,0.5546183566222742,0,3.945164438100554,3.743944169917704
1395,1395,1.0176873172212282,415,0,1,3.367295829986474,1.05313190764304,1.016218495895403,1.0534046850711534,1.0104353962561965,1.0543908212303936,1.0176873172212282,0.7662224715044368,0.5546183566222742,0.423035857164402,0,3.927149885449024,3.598959565995102
1396,1396,1.0261002420274623,510,0,0,0.0,1.0411094823348612,0.985200844275134,1.02997110311552,1.0181675188505357,1.04011919575166,0.9903176749711242,0.761024447518017,0.6258002855986439,0.0,0,3.872224228720058,3.6194863236954373
1397,1397,0.9979035478286284,408,0,1,3.7612001156935615,1.0339359319221963,1.0032813507727991,1.0609682631859432,0.9911259244279969,1.0353332750537292,1.0063829237830022,0.815403362323621,0.423035857164402,0.423035857164402,0,3.9456408324854895,3.4238260561482003
1398,1398,0.985200844275134,415,0,0,0.0,1.0552687127970892,0.9934810060205292,1.0571617241125104,0.9903176749711242,1.0539900385611216,0.996469488897356,0.7627869824840867,0.6725029670790563,0.0,1,3.929207457954808,3.6527711369680658
1399,1399,1.009309683677839,415,0,0,0.0,1.020318848041752,1.0167128902475082,1.0496974193523043,0.9754660547759244,1.0181197054591593,1.0032813507727991,0.8266961159266517,0.5546183566222742,0.6725029670790563,1,3.9148320887798667,3.550078652418506
1400,1400,1.0115369245500676,510,0,1,2.70805020110221,1.0419917816691444,0.9927072832290874,0.9947714354873478,0.9957377918930442,1.051695408185373,1.0141909676964709,0.8047572096727953,0.6258002855986439,0.5546183566222742,0,3.8932158350146606,3.6284363284172465
1401,1401,1.0115369245500676,510,1,0,0.0,1.0152149060491755,1.0087374499934136,1.0494753485983768,1.002638340774061,1.0381681983745397,1.016218495895403,0.8080847309801162,0.5546183566222742,0.5546183566222742,1,3.9109431840022086,3.5822126432851524
1402,1402,1.0109891235542634,408,0,0,0.0,1.0421952569460855,1.0032813507727991,1.0562997278189716,0.9886644097649396,1.0206382245007952,0.9869597981852865,0.7939852844174682,0.5546183566222742,0.5546183566222742,0,3.9131184936833208,3.5335239153452997
1403,1403,1.0063829237830022,415,0,0,0.0,1.030975101170884,1.009875623760096,1.0494258509347398,1.0109891235542634,1.0569111720094466,1.0063829237830022,0.7874176770111411,0.6258002855986439,0.0,0,3.9247298011262113,3.6530479566960055
1404,1404,0.9662729529060342,510,0,0,0.0,1.0290990186556717,0.99719132727709,1.045685272253405,0.9942438142135328,1.0112637575418055,0.9949959866312726,0.8249123211161004,0.7989278990573876,0.423035857164402,0,3.9109603695669826,3.785359027179283
1405,1405,0.9934810060205292,415,1,1,3.713572066704308,1.0498203216931254,0.9869597981852865,1.030419914320064,0.9824533207775524,1.0500162718517656,1.016218495895403,0.815403362323621,0.6258002855986439,0.423035857164402,0,3.9456598701885754,3.611431900456886
1406,1406,0.8791286218612396,415,0,0,0.0,1.055159921602505,0.9886644097649396,1.034314885822944,1.0126152065263214,1.0625241442330795,0.9934810060205292,0.7457165247157388,0.423035857164402,0.423035857164402,0,3.8977154763742674,3.417796479476192
1407,1407,1.0244444982729537,408,0,1,3.218875824868201,1.0540794139427927,1.004544177148741,1.0633268158388505,0.97330117724734,1.057699744386227,1.0063829237830022,0.7927077628291277,0.6725029670790563,0.0,0,3.967813736996998,3.6567312452581398
1408,1408,1.0273061898515887,415,0,0,0.0,1.054678044650228,0.9903176749711242,1.0553121546168802,1.0006607804515772,1.0493266926677718,0.987818703754018,0.7989278990573876,0.6258002855986439,0.6258002855986439,1,3.958244790992268,3.6045974447753633
1409,1409,0.9596963204464736,510,0,1,3.688879454113936,1.0129342918494788,0.9894972828240028,1.0311953911743432,0.967504775196054,1.0533139444477977,1.0104353962561965,0.8133725028259741,0.7989278990573876,0.5546183566222742,0,3.9108161302975937,3.766365353333641
1410,1410,0.9942438142135328,510,0,0,0.0,1.0489779162241897,0.9842999824276124,1.034758875979825,0.967504775196054,1.024064111625533,1.0019873653802,0.7711646606364143,0.423035857164402,0.423035857164402,0,3.8789655644659615,3.376827980168269
1411,1411,0.9919223562990608,415,0,1,3.4011973816621555,1.0255270888130013,1.0006607804515772,1.0235951562943069,1.003916572429902,1.033414261241099,1.026907518550221,0.8091673682554217,0.6258002855986439,0.423035857164402,0,3.891703874603829,3.6572851570303437
1412,1412,0.9553725127999176,415,1,0,0.0,1.0290990186556717,1.007573578755084,1.052511996822228,0.9919223562990608,1.0479663517835232,0.99719132727709,0.8382411892305852,0.6725029670790563,0.0,1,3.9678185564920074,3.669190229410291
1413,1413,0.9456806436315238,510,0,1,3.4011973816621555,1.021762352025895,1.005164330916258,1.0500407058806351,1.0032813507727991,1.05313190764304,0.99719132727709,0.7695443153937457,0.7325687477104176,0.5546183566222742,0,3.894479280943316,3.7382057566765647
1414,1414,1.0261002420274623,408,0,1,3.4657359027997265,1.0448715153996355,0.996469488897356,1.0544351304763362,1.007573578755084,1.0348607477947986,0.985200844275134,0.7678971825427153,0.5546183566222742,0.423035857164402,0,3.9020645762134856,3.543862268549848
1415,1415,0.97105164486998,510,0,1,3.555348061489413,1.0285603680670825,1.0136711282744777,1.0511505795518088,0.996469488897356,1.0429718105027068,1.004544177148741,0.8230911610676044,0.7063950542796786,0.423035857164402,0,3.9457739191892025,3.721079848600253
1416,1416,0.9805436220896986,510,0,0,0.0,1.0231216847849196,1.009309683677839,1.0472965356110098,1.003916572429902,1.038104909996007,0.996469488897356,0.8080847309801162,0.6258002855986439,0.423035857164402,0,3.9166078613720527,3.6354960306037403
1417,1417,1.0191143049145188,408,0,0,0.0,1.0176873172212282,1.003916572429902,1.04606013061016,1.0069816697157885,1.0522336977606048,1.0019873653802,0.7348749836529411,0.7325687477104176,0.0,0,3.850856129244934,3.745454355236308
1418,1418,1.0006607804515772,415,0,0,0.0,1.0345203206527556,0.9934810060205292,1.0582109353151692,1.005777194524828,1.0622099855459406,1.015719197900225,0.7592308162427008,0.6725029670790563,0.423035857164402,0,3.9141720577565664,3.687480365524639
1419,1419,0.9596963204464736,415,0,0,0.0,1.0634531487858243,0.9815065955444632,1.0502113743438826,1.007573578755084,1.0451987545610024,1.0069816697157885,0.815403362323621,0.7063950542796786,0.423035857164402,1,3.9742666400143296,3.7024568982950146
1420,1420,1.0314875462798236,415,0,1,3.4011973816621555,1.0331336821495003,1.0147055277003714,1.0589367421471765,1.007573578755084,1.0161190314403217,1.019581045851613,0.8463183195479455,0.6725029670790563,0.423035857164402,0,3.954507775284944,3.7143631193861246
1421,1421,0.9869597981852865,415,0,0,0.0,1.0252793777568705,0.9957377918930442,1.021762352025895,0.996469488897356,1.047503685924683,1.0186431550010258,0.8293046663001791,0.6725029670790563,0.423035857164402,0,3.923850082007627,3.683353402870482
1422,1422,0.99719132727709,415,0,1,3.871201010907891,1.0242758015520137,0.9993000568565548,1.0463260164676929,1.0191143049145188,1.045171573673812,0.9993000568565548,0.8013040485562493,0.8102372017222292,0.0,0,3.9170774402497677,3.8279516203498574
1423,1423,0.9662729529060342,415,0,0,0.0,1.0453615021341385,0.97330117724734,1.055722740784107,1.015719197900225,1.0480940381649428,0.9986063829166985,0.8202862443392709,0.6725029670790563,0.423035857164402,0,3.9694645254224596,3.66012972514332
1424,1424,1.0200434531560645,510,0,0,0.0,1.0326386605706757,0.987818703754018,1.0341774338397145,0.9957377918930442,0.9938637567703728,0.9957377918930442,0.7371330092563764,0.7989278990573876,0.423035857164402,0,3.797812860437139,3.778222186597494
1425,1425,0.9979035478286284,415,0,0,0.0,1.0370157478545738,1.004544177148741,1.0440987597981954,1.0191143049145188,1.0591561388998452,0.999984786274994,0.778890100585339,0.7325687477104176,0.5546183566222742,0,3.919160747137953,3.7562120160486714
1426,1426,1.0265055527832043,415,0,1,3.610917912644224,1.057182539271024,0.9860873110883348,1.051388274454874,1.005777194524828,1.001328241641345,1.0167128902475082,0.8358958109502946,0.7536533308455107,0.7063950542796786,0,3.9457948663175375,3.762230726706182
1427,1427,1.0032813507727991,510,0,0,0.0,1.0366252358514565,1.005777194524828,1.058776487401312,0.98338429212101,1.0468793852262814,0.9979035478286284,0.778890100585339,0.7063950542796786,0.423035857164402,0,3.921171209064389,3.693460088754145
1428,1428,1.0167128902475082,415,1,0,0.0,1.0405118285674926,1.013145908971509,1.0317417292556843,1.009309683677839,1.0591362391326336,1.009875623760096,0.7939852844174682,0.5546183566222742,0.0,1,3.9253750813732786,3.5869495730317187
1429,1429,0.97105164486998,415,0,0,0.0,1.0473484116810263,0.9911259244279969,1.052047199193303,1.022292995628416,1.04870197923222,1.0019873653802,0.8069890155045473,0.7860478795856021,0.6258002855986439,0,3.9550866056110965,3.801454165022215
1430,1430,1.0069816697157885,415,0,0,0.0,1.054545710692796,1.003916572429902,1.017639042845407,1.0126152065263214,1.0399977168242664,0.99719132727709,0.8173889426906868,0.7325687477104176,0.0,0,3.9295714130531563,3.746291853943731
1431,1431,1.0126152065263214,408,0,0,0.0,1.0320665657608747,1.005164330916258,1.0431426193310451,1.0136711282744777,1.0649060872618834,1.009309683677839,0.8358958109502946,0.5546183566222742,0.423035857164402,0,3.976011083304098,3.5827634994908486
1432,1432,1.016218495895403,415,0,0,0.0,1.0424843926306362,1.004544177148741,1.054346467771187,1.0120789147763565,1.0512458085155874,1.028868902973444,0.819331006683021,0.7063950542796786,0.0,0,3.9674076756004317,3.75188704917822
1433,1433,1.0115369245500676,510,0,0,0.0,1.0085645333338278,1.026907518550221,1.0503571490018278,0.9934810060205292,1.054190881301956,0.999984786274994,0.8477057939488672,0.7711646606364143,0.6258002855986439,0,3.9608183575864784,3.791537971482158
1434,1434,1.030008664286585,408,1,0,0.0,1.061687528053178,1.0136711282744777,1.0537433269974426,1.0063829237830022,0.9988849395308624,0.999984786274994,0.7758724080478123,0.6258002855986439,0.423035857164402,0,3.890188202629295,3.645839123931118
1435,1435,0.9949959866312726,408,0,0,0.0,1.041933481266376,0.9903176749711242,1.032780620122965,0.9942438142135328,1.0348946564785717,1.022730883502586,0.7348749836529411,0.6258002855986439,0.0,0,3.844483741520854,3.6330926582858867
1436,1436,0.9805436220896986,415,0,0,0.0,1.0437355165958448,1.0265055527832043,1.0486516277295643,1.0147055277003714,1.010323929238109,1.0167128902475082,0.8301569118312014,0.6725029670790563,0.0,0,3.9328679853947195,3.7304269378101402
1437,1437,0.958289233840266,415,0,0,0.0,1.0397538052306117,1.001328241641345,1.0485255036229264,1.0167128902475082,1.024064111625533,1.0120789147763565,0.866080943686998,0.6258002855986439,0.5546183566222742,0,3.9784243641660693,3.6559203322638534
1438,1438,1.0120789147763565,408,0,0,0.0,1.034246209550648,1.0136711282744777,1.0244444982729537,1.015719197900225,1.0415233115985725,1.0181675188505357,0.7592308162427008,0.6725029670790563,0.5546183566222742,0,3.859444835664875,3.720060812104295
1439,1439,0.9860873110883348,408,0,0,0.0,1.0232512658373023,1.0235951562943069,1.041728850139232,1.0104353962561965,1.0634351238630817,1.0167128902475082,0.8183653079108115,0.6258002855986439,0.6258002855986439,0,3.9467805477504276,3.6765437283966556
1440,1440,0.9624149872572304,510,0,0,0.0,1.0150117703608976,0.9911259244279969,1.033379279084071,1.0115369245500676,1.0549852985590702,0.9993000568565548,0.7846582031691327,0.5546183566222742,0.423035857164402,0,3.8880345511731713,3.556581262456894
1441,1441,1.015719197900225,408,0,1,3.688879454113936,1.0604305583668463,1.0019873653802,1.055246975908422,1.0087374499934136,1.0081005688143545,1.0104353962561965,0.8477057939488672,0.7536533308455107,0.423035857164402,0,3.97148389703849,3.7748135424753206
1442,1442,1.0120789147763565,415,0,1,3.1780538303479458,1.0569321058514107,0.9860873110883348,1.0231216847849196,1.0147055277003714,1.0618374453214865,1.005164330916258,0.8183653079108115,0.6258002855986439,0.5546183566222742,0,3.960256543868628,3.631757455303608
1443,1443,1.003916572429902,408,0,0,0.0,1.0443485659337182,1.0063829237830022,1.0286762994476948,1.0176873172212282,1.0440151885968536,1.0181675188505357,0.7662224715044368,0.5546183566222742,0.6258002855986439,0,3.8832625254827033,3.5968561164770403
1444,1444,0.9993000568565548,415,0,0,0.0,1.0341774338397145,0.999984786274994,1.0369833285847223,0.9949959866312726,1.0564903946048394,1.0104353962561965,0.8326639275093545,0.7325687477104176,0.5546183566222742,0,3.9603150845386303,3.7379849168728807
1445,1445,1.003916572429902,408,0,0,0.0,1.0301960318782073,0.9754660547759244,1.0453615021341385,1.004544177148741,1.024402378463813,0.9805436220896986,0.7977165865059108,0.5546183566222742,0.5546183566222742,0,3.8976764989820696,3.5151722106366385
1446,1446,0.9949959866312726,415,0,1,3.258096538021482,1.048195929279713,1.0235951562943069,1.0434541355644529,0.9775519190240616,1.0322460820457615,1.0126152065263214,0.805879938962908,0.7989278990573876,0.423035857164402,0,3.9297760858528354,3.8126901809020772
1447,1447,0.9538597857904456,408,0,0,0.0,1.0660916945860284,0.9894972828240028,1.0340050577700552,1.013145908971509,0.9807375411205808,0.9949959866312726,0.8047572096727953,0.7325687477104176,0.423035857164402,0,3.8855915031494597,3.730207926137202
1448,1448,0.9979035478286284,415,0,1,3.7612001156935615,1.0285990427384548,0.9957377918930442,1.0598665632837707,1.003916572429902,1.0597489586497466,1.0191143049145188,0.8133725028259741,0.7063950542796786,0.7536533308455107,0,3.961587067497946,3.7251637235171438
1449,1449,0.9765185323813282,510,0,0,0.0,1.0428861684705877,1.0120789147763565,1.047426115055139,1.0032813507727991,1.0229049557451757,1.0209555590262906,0.8456157030373974,0.8102372017222292,0.423035857164402,0,3.9588329423083,3.8465530262976753
1450,1450,0.978566837930225,408,0,0,0.0,1.046537615913696,1.0006607804515772,1.0614050291790669,0.9903176749711242,1.039045374929264,1.0152149060491755,0.7711646606364143,0.6258002855986439,0.5546183566222742,0,3.9181526806584412,3.6319936470705207
1451,1451,1.022730883502586,415,0,1,3.4011973816621555,1.0413464078247812,0.9934810060205292,1.0502113743438826,1.015719197900225,1.0575967886756588,1.0191143049145188,0.839008674512346,0.7325687477104176,0.0,0,3.9881632453566684,3.7608832565456902
1452,1452,1.009875623760096,415,0,1,2.8903717578961645,1.0392621237186837,0.9993000568565548,1.0568902282205932,1.0167128902475082,1.030270775172899,0.9993000568565548,0.795245662433237,0.6258002855986439,0.0,0,3.921668789545413,3.6411132895592617
1453,1453,1.0126152065263214,510,1,0,0.0,0.9599738210595642,1.002638340774061,1.0663451446467664,0.9911259244279969,1.0356011880561276,0.9911259244279969,0.7803646465744236,0.5546183566222742,0.423035857164402,1,3.8422848003368824,3.5395085462523292
1454,1454,0.423035857164402,408,0,1,3.295836866004329,1.0463525201075878,1.0115369245500676,1.0398149028265846,1.0104353962561965,1.0375314408504253,1.0252793777568705,0.7727589769680201,0.7860478795856021,0.423035857164402,0,3.8964578407526176,3.8332995781487367
1455,1455,0.978566837930225,415,0,0,0.0,1.0519068139438488,1.0087374499934136,0.9859993002096284,0.9934810060205292,1.0556797000549412,1.005777194524828,0.8310007739998975,0.6725029670790563,0.423035857164402,0,3.924586588208316,3.680498617617827
1456,1456,0.9568484637059635,510,0,1,3.091042453358316,1.0429718105027068,1.0136711282744777,1.006503226884803,0.9993000568565548,1.0305314659689024,0.9986063829166985,0.714907481702041,0.6258002855986439,0.5546183566222742,0,3.7949139850584537,3.637377853646375
1457,1457,1.005777194524828,408,0,0,0.0,1.0336584193792069,0.9979035478286284,1.0369508869742348,1.0063829237830022,1.0548977285679768,0.9610711304112431,0.8530314073208307,0.6258002855986439,0.5546183566222742,0,3.9785384422422494,3.5911578876215176
1458,1458,0.985200844275134,510,0,1,3.367295829986474,1.0218067905767407,1.0126152065263214,1.055116330262729,1.003916572429902,1.0462198477934237,0.9824533207775524,0.815403362323621,0.6258002855986439,0.6725029670790563,1,3.9385463309565143,3.62478538533242
1459,1459,0.987818703754018,415,1,0,0.0,1.04105006159986,1.0152149060491755,1.0502113743438826,0.99719132727709,1.0601591955710046,1.0120789147763565,0.8366848759673883,0.6258002855986439,0.5546183566222742,1,3.9881055074821354,3.650285433701266
1460,1460,1.0141909676964709,510,0,1,3.784189633918261,1.0375955065726628,1.0126152065263214,1.0366905464035732,0.978566837930225,1.031958531714041,1.0126152065263214,0.815403362323621,0.6725029670790563,0.423035857164402,0,3.9216479470138976,3.6763002180619244
1461,1461,0.9596963204464736,408,0,1,3.688879454113936,1.0252379702797614,0.9815065955444632,1.0469578925001817,1.0126152065263214,1.018737741382231,1.0126152065263214,0.8249123211161004,0.7711646606364143,0.5546183566222742,0,3.9158459252782745,3.7779016692335206
1462,1462,1.026907518550221,510,1,0,0.0,1.0269875147705876,1.022730883502586,1.0313416912368776,1.015719197900225,1.0434541355644529,0.9698932078063358,0.7803646465744236,0.6258002855986439,0.5546183566222742,0,3.8821479881463414,3.63414357480779
1463,1463,1.0136711282744777,408,0,0,0.0,1.0635431605445715,1.0115369245500676,1.0312320080475197,1.0019873653802,1.0486264309770927,0.9927072832290874,0.8366848759673883,0.423035857164402,0.5546183566222742,1,3.9800864755365724,3.4292674303237574
1464,1464,0.9919223562990608,510,0,0,0.0,1.0335539334655686,0.999984786274994,1.0413168581813366,1.0240216638573814,1.0252793777568705,1.0120789147763565,0.8091673682554217,0.6258002855986439,0.7063950542796786,1,3.9093175376591973,3.6618856505073754
1465,1465,1.0032813507727991,510,0,1,3.258096538021482,1.0253207502000616,1.0252793777568705,1.0341774338397145,1.005777194524828,1.054124034406499,1.0069816697157885,0.8412698102311928,0.6258002855986439,0.423035857164402,0,3.9548920286774676,3.663838527596131
1466,1466,1.03566792986984,415,0,0,0.0,1.0358343733278466,0.9919223562990608,1.0569530297552343,0.979563883308144,1.0498203216931254,1.0104353962561965,0.7302124673395967,0.7325687477104176,0.0,0,3.872820192115803,3.714490383573819
1467,1467,0.987818703754018,415,0,0,0.0,1.0441265831551647,1.022730883502586,1.0340050577700552,0.996469488897356,1.060700241178382,0.9986063829166985,0.7202465379832546,0.6725029670790563,0.423035857164402,0,3.859078420086856,3.690309722395696
1468,1468,0.9754660547759244,510,0,0,0.0,1.008216951459733,1.0209555590262906,1.0245706410175175,0.9842999824276124,0.9966146374331738,0.9927072832290874,0.8091673682554217,0.7063950542796786,0.5546183566222742,0,3.838569598165846,3.704357878962669
1469,1469,0.9927072832290874,408,0,0,0.0,1.0356011880561276,1.0063829237830022,1.0660916945860284,0.943907056186028,1.023337464073253,1.007573578755084,0.795245662433237,0.7063950542796786,0.423035857164402,0,3.920276009148646,3.6642586130037924
1470,1470,1.0069816697157885,415,0,0,0.0,1.0499918245782085,1.0032813507727991,1.0633448860731214,1.009309683677839,1.056172157784209,1.0126152065263214,0.8212312206090928,0.6725029670790563,0.423035857164402,1,3.990740089044632,3.6977092080560165
1471,1471,1.020501600316601,510,0,0,0.0,1.0553989106966315,1.003916572429902,1.0593150119552202,0.9957377918930442,1.0097064949943029,1.004544177148741,0.8123395143700564,0.7536533308455107,0.0,0,3.936759932016211,3.7578518723171976
1472,1472,1.0120789147763565,510,0,0,0.0,1.0331336821495003,1.0087374499934136,1.0604691868881282,1.004544177148741,1.0519302420489074,1.008158792920829,0.7711646606364143,0.6258002855986439,0.0,0,3.91669777172295,3.6472407056616274
1473,1473,0.97105164486998,408,0,0,0.0,1.0473224810384547,1.0069816697157885,1.060681033423442,0.985200844275134,1.0450899341590745,1.007573578755084,0.761024447518017,0.7536533308455107,0.0,0,3.914117896138988,3.753409423591517
1474,1474,1.0136711282744777,408,1,1,2.833213344056216,1.0265862119028544,1.004544177148741,1.0315239407985322,0.999984786274994,1.039508611695625,1.0141909676964709,0.7662224715044368,0.5546183566222742,0.0,1,3.8638412359014485,3.57333828774248
1475,1475,1.020501600316601,408,1,0,0.0,1.0572864677251868,1.004544177148741,1.0567643561114437,0.987818703754018,1.0376594850543748,1.004544177148741,0.7711646606364143,0.6258002855986439,0.0,1,3.92287496952742,3.6227073436501436
1476,1476,0.9986063829166985,408,1,0,0.0,1.0350300491277933,1.0104353962561965,1.060700241178382,0.9986063829166985,1.0091386802318028,0.9860873110883348,0.7818171316562723,0.6725029670790563,0.423035857164402,0,3.88668610219425,3.6676320573402865
1477,1477,0.9775519190240616,510,0,0,0.0,1.0428003673012178,0.996469488897356,1.058676029618862,0.9637291374803096,1.0452259193354878,0.9957377918930442,0.8143937066027327,0.7063950542796786,0.0,0,3.9610960228583005,3.6623314725503886
1478,1478,1.0261002420274623,408,0,0,0.0,1.0274251562380514,0.9903176749711242,1.040451638610881,1.0191143049145188,1.027622788125207,1.002638340774061,0.7695443153937457,0.6725029670790563,0.7536533308455107,1,3.865043898367885,3.6845732877387602
1479,1479,1.0244444982729537,408,1,1,3.258096538021482,1.0416408737382217,1.008158792920829,1.0275438318933197,1.0141909676964709,1.0513170979818531,0.967504775196054,0.7964892999116688,0.6258002855986439,0.0,0,3.9169911035250635,3.6156548214119977
1480,1480,1.015719197900225,408,0,0,0.0,1.04606013061016,1.0115369245500676,1.0505024534752312,0.9927072832290874,1.0434541355644529,0.967504775196054,0.7758724080478123,0.5546183566222742,0.6258002855986439,0,3.915889127697656,3.526367339597483
1481,1481,1.0032813507727991,408,0,0,0.0,1.0539004833504488,1.030008664286585,1.0609300752912774,1.0063829237830022,1.0619122100231178,0.9979035478286284,0.8334834996046646,0.7711646606364143,0.423035857164402,1,4.010226268269508,3.8054597965346297
1482,1482,0.9420819232681112,415,0,0,0.0,1.0380415361076007,1.0006607804515772,1.0568692744760904,1.0172024688229897,1.0512458085155874,1.0109891235542634,0.7711646606364143,0.7063950542796786,0.0,0,3.917321279735693,3.735247427108509
1483,1483,0.9775519190240616,408,0,0,0.0,1.039906399417967,0.996469488897356,1.0492024381824958,0.9942438142135328,1.0549196372742196,1.0069816697157885,0.7202465379832546,0.7063950542796786,0.0,0,3.864275012857937,3.7040900271063557
1484,1484,0.8449070458972404,510,1,0,0.0,1.024191235131682,0.987818703754018,1.0161687882296784,0.9842999824276124,1.069634507341028,0.9942438142135328,0.7727589769680201,0.6258002855986439,0.5546183566222742,0,3.882753507670409,3.592162785993807
1485,1485,0.9754660547759244,510,0,0,0.0,1.0286762994476948,1.019581045851613,1.0568063534209156,1.0069816697157885,1.0399368584308264,1.005164330916258,0.7034111138230227,0.6258002855986439,0.5546183566222742,0,3.8288306251224595,3.6575273320823034
1486,1486,1.0019873653802,415,0,0,0.0,1.02593716959611,1.003916572429902,1.052047199193303,0.9934810060205292,1.0387339806992983,0.9927072832290874,0.8143937066027327,0.7536533308455107,0.423035857164402,0,3.931112056091444,3.7437581925250294
1487,1487,0.9474052700602774,415,0,0,0.0,1.0329927707949926,1.0120789147763565,1.043114195062613,1.028868902973444,1.0532457676430818,1.0136711282744777,0.7727589769680201,0.423035857164402,0.423035857164402,0,3.9021117104687075,3.4776548031886803
1488,1488,0.9610711304112431,408,1,0,0.0,1.0496727986811845,1.0115369245500676,1.033414261241099,1.0006607804515772,1.0530862821897,1.0126152065263214,0.795245662433237,0.6725029670790563,0.423035857164402,0,3.9314190045452206,3.6973158786070233
1489,1489,0.9342067302312697,415,0,0,0.0,1.065010495830235,1.0172024688229897,1.0523266565442388,1.0126152065263214,1.045388570602082,1.015719197900225,0.815403362323621,0.5546183566222742,0.423035857164402,1,3.9781290853001767,3.6001552298718105
1490,1490,0.99719132727709,510,0,0,0.0,1.023509408818104,1.001328241641345,1.0366252358514565,1.0248637173933617,1.0446245448277434,1.0214053992395804,0.7914126806490488,0.7536533308455107,0.5546183566222742,0,3.8961718701463526,3.801250689119798
1491,1491,0.9624149872572304,415,0,0,0.0,1.0323177002702164,1.0019873653802,1.027345877698231,0.9860873110883348,1.0574522445568508,1.0115369245500676,0.8434712343369151,0.423035857164402,0.6725029670790563,1,3.960587056862213,3.422647458183005
1492,1492,0.9842999824276124,415,0,0,0.0,1.0608727305013994,1.0006607804515772,1.0533139444477977,0.9993000568565548,1.0531091007454727,1.005777194524828,0.7662224715044368,0.5546183566222742,0.0,1,3.9335182471991064,3.560356388455234
1493,1493,1.0200434531560645,408,1,1,3.5263605246161616,1.0442654479603934,0.98338429212101,1.0510312588256203,0.9754660547759244,1.0438475894039112,0.996469488897356,0.8284438879783939,0.6258002855986439,0.5546183566222742,0,3.967588184168319,3.581120121392934
1494,1494,0.9553725127999176,510,1,1,2.5649493574615367,1.021762352025895,0.967504775196054,1.0443485659337182,1.0209555590262906,1.0420209043718938,1.001328241641345,0.8230911610676044,0.7536533308455107,0.5546183566222742,0,3.9312229833991115,3.743441906709201
1495,1495,0.9026284412459752,408,0,0,0.0,1.0533820172165596,1.0087374499934136,1.052280201283179,0.99719132727709,1.033168845010772,0.9919223562990608,0.8266961159266517,0.7325687477104176,0.423035857164402,0,3.965527179437162,3.7304198812799823
1496,1496,1.0504056359303071,510,0,0,0.0,1.0095368078032174,1.020501600316601,1.0366579024412244,0.9743938320833514,1.0487271340111737,1.0063829237830022,0.7202465379832546,0.7325687477104176,0.6258002855986439,0,3.81516838223887,3.733847103893372
1497,1497,1.005777194524828,510,1,1,3.367295829986474,1.0300461961841023,0.9949959866312726,1.0070411659025982,1.0109891235542634,1.0342118341416129,0.9993000568565548,0.8427438869642762,0.6258002855986439,0.0,1,3.9140430831925896,3.631085452640735
1498,1498,1.0126152065263214,408,0,0,0.0,1.0416408737382217,0.9979035478286284,1.0627628531869553,0.9624149872572304,0.9917640001504368,1.013145908971509,0.8202862443392709,0.6725029670790563,0.5546183566222742,0,3.9164539714148847,3.645967411136424
1499,1499,1.0261002420274623,415,0,0,0.0,1.0456583787170612,1.0032813507727991,1.021360598591922,0.985200844275134,1.0675575500488663,0.9903176749711242,0.8024695798580879,0.5546183566222742,0.6258002855986439,0,3.937046107215937,3.5334182266413316
1500,1500,1.0265055527832043,415,1,0,0.0,1.0506954662089525,1.009309683677839,1.0397843640315418,1.001328241641345,1.024947132380076,1.0261002420274623,0.7977165865059108,0.423035857164402,0.0,1,3.913143549126481,3.4597740245110487
1501,1501,0.9765185323813282,510,0,0,0.0,1.0562784917135388,1.0176873172212282,1.0572449257768386,1.013145908971509,1.0609682631859432,1.001328241641345,0.7846582031691327,0.7325687477104176,0.5546183566222742,1,3.959149883845453,3.7647302155444997
1502,1502,0.9765185323813282,408,0,0,0.0,1.0198590055260726,0.9949959866312726,1.022292995628416,1.008158792920829,1.0576173991122273,1.0069816697157885,0.8013040485562493,0.7063950542796786,0.6258002855986439,0,3.9010734488229653,3.7165315035475692
1503,1503,1.0311220734769209,415,0,0,0.0,1.0614616762444629,1.004544177148741,1.0411688271461192,1.007573578755084,1.0503813989898785,0.9979035478286284,0.761024447518017,0.7063950542796786,0.5546183566222742,1,3.9140363498984776,3.716416358012132
1504,1504,1.0209555590262906,415,0,1,3.713572066704308,1.0248219565481422,1.005777194524828,0.9946963765427682,0.9687112141532412,1.0640615528013997,0.999984786274994,0.8080847309801162,0.7325687477104176,0.423035857164402,0,3.8916646168724265,3.707041942663481
1505,1505,1.0104353962561965,510,0,0,0.0,1.0461400590025884,1.0104353962561965,1.0575555388021536,0.987818703754018,1.0471405516887569,0.9934810060205292,0.7977165865059108,0.423035857164402,0.423035857164402,0,3.9485527359994093,3.4147709631951457
1506,1506,1.0200434531560645,408,0,0,0.0,1.0458730855877978,1.002638340774061,1.0471926057401506,1.013145908971509,1.043114195062613,1.0152149060491755,0.8013040485562493,0.7325687477104176,0.423035857164402,0,3.9374839349468105,3.7635679035051632
1507,1507,0.9979035478286284,510,1,1,3.6635616461296463,1.0508156801420456,1.0126152065263214,1.01398367102225,1.0152149060491755,1.0422532288289434,1.0167128902475082,0.8374666287558015,0.7536533308455107,0.423035857164402,1,3.944519208749041,3.798196333668516
1508,1508,1.036330213511384,408,0,1,3.5263605246161616,1.034246209550648,0.996469488897356,1.0456314693642963,0.996469488897356,1.0191143049145188,1.0200434531560645,0.8412698102311928,0.6725029670790563,0.6725029670790563,1,3.940261794060656,3.685485398029833
1509,1509,0.9687112141532412,415,0,0,0.0,1.0435387304704578,1.013145908971509,1.0285603680670825,0.999984786274994,1.0496727986811845,0.9979035478286284,0.7536533308455107,0.6258002855986439,0.5546183566222742,0,3.875425228064236,3.636834528673775
1510,1510,0.996469488897356,415,0,1,3.688879454113936,1.0349285409218254,1.005777194524828,0.97352137692652,1.0120789147763565,1.025444657871244,0.99719132727709,0.8091673682554217,0.6725029670790563,0.423035857164402,0,3.843061943975011,3.6875504036573306
1511,1511,0.9942438142135328,408,0,1,3.367295829986474,1.0414938744412832,1.005164330916258,1.0535178518192745,1.005777194524828,1.0472965356110098,1.0120789147763565,0.7964892999116688,0.423035857164402,0.5546183566222742,0,3.938797561783237,3.446056297381845
1512,1512,0.9942438142135328,408,0,1,3.828641396489095,0.9880737845404968,1.0235951562943069,1.02898409780704,1.0032813507727991,1.0673441523222864,1.015719197900225,0.8275744235987819,0.6258002855986439,0.5546183566222742,0,3.9119764582686054,3.668395990565975
1513,1513,1.0388899368905145,415,0,0,0.0,0.977654231936904,1.0109891235542634,1.0519068139438488,1.008158792920829,1.057699744386227,0.999984786274994,0.7436347908732243,0.6725029670790563,0.0,0,3.830895581140204,3.691635669829143
1514,1514,1.013145908971509,408,0,0,0.0,1.0409607877471725,0.967504775196054,1.0487774016960965,0.972187368078744,1.049450606544243,1.002638340774061,0.7743279928495146,0.7536533308455107,0.6725029670790563,0,3.9135167888370264,3.69598381489437
1515,1515,1.004544177148741,408,0,0,0.0,1.027937334401142,1.0167128902475082,1.0346908396451708,1.0172024688229897,1.0497220266044227,1.005164330916258,0.8036205267754964,0.7711646606364143,0.7711646606364143,1,3.915970727426232,3.81024435062317
1516,1516,0.97330117724734,510,0,0,0.0,1.0419043035236824,0.9949959866312726,1.0233805066343973,0.9942438142135328,1.040541894378512,1.003916572429902,0.7202465379832546,0.6725029670790563,0.5546183566222742,0,3.826073242519846,3.6656593403537636
1517,1517,0.9687112141532412,408,0,1,3.258096538021482,1.032816044139712,0.9860873110883348,1.0105466214775352,1.009875623760096,1.021000727240472,1.013145908971509,0.7977165865059108,0.6258002855986439,0.6258002855986439,0,3.86207997936363,3.6349091294185834
1518,1518,1.03566792986984,415,0,0,0.0,1.0473224810384547,1.002638340774061,1.043819596769744,1.0032813507727991,1.0660916945860284,1.0218511892271116,0.7436347908732243,0.7860478795856021,0.423035857164402,0,3.9008685632674513,3.813818760359574
1519,1519,0.9805436220896986,415,0,0,0.0,1.0368208965563384,1.004544177148741,1.020181341323095,1.0141909676964709,1.0547660487188455,0.999984786274994,0.8183653079108115,0.6258002855986439,0.423035857164402,0,3.9301335945090905,3.6445202167188495
1520,1520,1.0104353962561965,510,0,0,0.0,1.0277409821283674,1.0141909676964709,1.0442099523591977,0.9919223562990608,1.0597096865979647,1.005777194524828,0.8102372017222292,0.6258002855986439,0.5546183566222742,0,3.941897822807759,3.6376908041190035
1521,1521,0.9754660547759244,415,0,0,0.0,1.0482975920994524,1.003916572429902,1.0415233115985725,0.9993000568565548,1.0480430067002184,1.0063829237830022,0.7803646465744236,0.7325687477104176,0.423035857164402,0,3.918228556972667,3.742168300779877
1522,1522,1.0218511892271116,415,0,0,0.0,1.003726813403372,1.005777194524828,1.0449535443914415,1.0019873653802,1.0219398670899358,1.0136711282744777,0.7914126806490488,0.7325687477104176,0.6258002855986439,0,3.862032905533798,3.7540044358899234
1523,1523,0.979563883308144,415,0,0,0.0,1.0580480006621973,1.0200434531560645,1.017590721921206,1.0136711282744777,1.039014328621119,0.9934810060205292,0.795245662433237,0.7711646606364143,0.6725029670790563,0,3.9098987136377596,3.798360248087486
1524,1524,1.0209555590262906,408,0,0,0.0,1.054656016353703,1.0172024688229897,1.0288304436016882,1.0115369245500676,1.068815901477309,1.0115369245500676,0.8183653079108115,0.7325687477104176,0.423035857164402,0,3.970667669343512,3.772845065633543
1525,1525,0.9911259244279969,415,0,0,0.0,1.0413759386654229,1.003916572429902,1.0435387304704578,1.0240216638573814,1.0557657396920594,1.003916572429902,0.7964892999116688,0.7325687477104176,0.5546183566222742,0,3.937169708739609,3.764423556427603
1526,1526,0.9342067302312697,408,0,0,0.0,1.0292899478010715,1.005164330916258,1.0453344176589752,1.009875623760096,1.043114195062613,0.99719132727709,0.7964892999116688,0.6725029670790563,0.5546183566222742,0,3.9142278604343286,3.6847342490325
1527,1527,1.0087374499934136,510,0,0,0.0,1.0407218823608209,1.0176873172212282,0.996104888113316,1.013145908971509,1.0278196184592618,0.972187368078744,0.8470149867369593,0.6258002855986439,0.6258002855986439,0,3.9116613756703584,3.6288208798701245
1528,1528,1.003916572429902,510,0,0,0.0,1.0046065251252263,0.978566837930225,1.0613104528659707,1.0186431550010258,1.024064111625533,0.99719132727709,0.8123395143700564,0.7063950542796786,0.423035857164402,0,3.9023206039867864,3.7007963744880192
1529,1529,0.978566837930225,415,0,0,0.0,1.0367883428150193,1.0191143049145188,1.0313051580395565,1.0191143049145188,1.0584946232320362,0.999984786274994,0.816401699882637,0.6725029670790563,0.0,0,3.942989823969249,3.7107163631830877
1530,1530,1.0244444982729537,415,0,0,0.0,1.025855428538475,0.9979035478286284,1.0466430487883749,1.001328241641345,1.047915176518,0.999984786274994,0.8091673682554217,0.423035857164402,0.423035857164402,0,3.929581022100271,3.4222524329093695
1531,1531,0.8580278252863395,415,0,0,0.0,1.0320305815099184,1.015719197900225,1.0479663517835232,0.9886644097649396,1.068288069170012,1.0063829237830022,0.7803646465744236,0.7063950542796786,0.423035857164402,0,3.9286496490378777,3.7171615857278453
1532,1532,1.0136711282744777,408,0,0,0.0,1.0583935166114065,1.0032813507727991,1.0576585910269412,0.9765185323813282,1.051624717542451,0.9949959866312726,0.7989278990573876,0.5546183566222742,0.423035857164402,1,3.966604724238186,3.529414226407674
1533,1533,1.007573578755084,415,1,1,3.7612001156935615,1.0191611761541786,0.9957377918930442,1.033970507409735,1.0181675188505357,1.055159921602505,0.987818703754018,0.8342952500710278,0.7063950542796786,0.6258002855986439,1,3.9425868552374466,3.7081190687772767
1534,1534,0.9957377918930442,415,0,0,0.0,1.003916572429902,1.013145908971509,1.0106021437152934,1.0209555590262906,1.040901176415461,1.005777194524828,0.8143937066027327,0.6258002855986439,0.5546183566222742,0,3.869813599163389,3.665678948121271
1535,1535,1.002638340774061,415,0,1,3.5263605246161616,1.0491027881895507,1.005164330916258,1.0296317282856953,1.0252793777568705,1.0019873653802,1.0126152065263214,0.8212312206090928,0.6725029670790563,0.423035857164402,0,3.901953102464539,3.7155618822785064
1536,1536,1.0296317282856953,408,0,1,3.4339872044851463,1.0184059026108114,0.9927072832290874,1.0408414885284938,0.996469488897356,1.057224140094589,0.9919223562990608,0.749760341930018,0.7325687477104176,0.423035857164402,0,3.866231873163912,3.7136678761359216
1537,1537,1.0104353962561965,510,0,0,0.0,1.0185009387773685,1.002638340774061,1.0511505795518088,0.9754660547759244,1.0376594850543748,1.0214053992395804,0.7887680926690985,0.6725029670790563,0.5546183566222742,1,3.8960790960526506,3.672012761868622
1538,1538,1.015719197900225,415,0,0,0.0,1.0357345776010654,0.99719132727709,1.0324249267957548,0.9842999824276124,1.0563633749381989,1.0032813507727991,0.7818171316562723,0.6725029670790563,0.423035857164402,0,3.906340010991291,3.657275627556558
1539,1539,1.025691534626503,408,0,0,0.0,1.0439593899983166,1.016218495895403,1.0172024688229897,0.9927072832290874,1.0639191701947883,1.0214053992395804,0.7645193580620365,0.6258002855986439,0.423035857164402,0,3.889600387078131,3.6561314639627143
1540,1540,0.9402024588178788,415,0,0,0.0,1.0396620085500643,1.001328241641345,1.0443208766415584,0.9979035478286284,1.0620985594463397,0.996469488897356,0.7832481321537382,0.6258002855986439,0.5546183566222742,0,3.9293295767917007,3.6215015639659733
1541,1541,1.0167128902475082,510,0,0,0.0,1.0345203206527556,1.0019873653802,1.036853427814295,1.0069816697157885,1.0548538786792232,0.99719132727709,0.8091673682554217,0.7536533308455107,0.0,0,3.9353949954016954,3.7598136932185895
1542,1542,1.019581045851613,415,0,1,3.4339872044851463,1.036330213511384,1.013145908971509,1.0456314693642963,0.9886644097649396,1.0489779162241897,0.9957377918930442,0.747757924070225,0.6258002855986439,0.423035857164402,0,3.8786975231700946,3.6233483962281365
1543,1543,1.0069816697157885,415,0,0,0.0,1.0519302420489074,0.97330117724734,1.0578434784828656,0.987818703754018,1.0071599537557376,0.9942438142135328,0.778890100585339,0.6258002855986439,0.423035857164402,0,3.8958237748728495,3.581163980813535
1544,1544,0.9507170793714552,408,0,0,0.0,1.0436793777283564,0.9815065955444632,1.0449535443914415,1.0115369245500676,1.026262771008648,0.9815065955444632,0.7093036193744068,0.7063950542796786,0.423035857164402,0,3.8241993125028526,3.6809451699186724
1545,1545,0.9842999824276124,510,0,0,0.0,1.040149516068467,0.999984786274994,1.0472965356110098,1.002638340774061,1.051977061547392,1.002638340774061,0.7711646606364143,0.6725029670790563,0.0,0,3.910587773863283,3.6777644349021728
1546,1546,1.0181675188505357,415,0,0,0.0,1.0271072628948,1.005777194524828,1.054788022506652,1.0063829237830022,1.057390151401101,1.0109891235542634,0.749760341930018,0.5546183566222742,0.423035857164402,0,3.889045778732571,3.5777675984843675
1547,1547,0.9815065955444632,415,0,0,0.0,1.030419914320064,1.008158792920829,1.0601202911825471,0.9903176749711242,1.0387339806992983,0.996469488897356,0.7989278990573876,0.7711646606364143,0.0,0,3.928202085259297,3.7661106174257237
1548,1548,0.9568484637059635,415,0,0,0.0,1.0296317282856953,1.0087374499934136,1.0206836824587835,1.005164330916258,1.0370157478545738,0.9911259244279969,0.7536533308455107,0.6725029670790563,0.6725029670790563,1,3.8409844894445637,3.677530672416725
1549,1549,1.016218495895403,415,0,0,0.0,1.0408713420527342,0.985200844275134,1.0388899368905145,1.015719197900225,1.0489779162241897,1.0176873172212282,0.7348749836529411,0.7325687477104176,0.423035857164402,0,3.863614178820379,3.751176107107005
1550,1550,1.022292995628416,408,0,0,0.0,1.046563996986828,1.0141909676964709,1.0507195347051796,1.002638340774061,1.0498203216931254,1.0191143049145188,0.8112944976246211,0.7063950542796786,0.0,0,3.9583983510097545,3.7423386676647294
1551,1551,1.0069816697157885,510,0,1,3.4339872044851463,1.0438755650247635,0.9934810060205292,1.0460867889468028,0.9957377918930442,1.0314146742296766,0.9842999824276124,0.825808803625318,0.6725029670790563,0.6258002855986439,0,3.947185831826561,3.6460217474202423
1552,1552,1.0265055527832043,408,0,0,0.0,1.0476069083535615,0.9869597981852865,1.0453073171590817,0.996469488897356,1.030083698850113,1.0104353962561965,0.8013040485562493,0.5546183566222742,0.423035857164402,0,3.924301972919005,3.5484830399611136
1553,1553,1.0120789147763565,510,0,0,0.0,1.0224686174100084,1.0172024688229897,1.0141909676964709,0.9986063829166985,1.019254786673521,0.972187368078744,0.824006498432407,0.5546183566222742,0.6258002855986439,0,3.8799208702124073,3.542614576440706
1554,1554,0.967504775196054,510,0,1,3.4657359027997265,1.0418458928487182,0.98338429212101,1.05992524698254,1.0214053992395804,1.0443208766415584,0.9698932078063358,0.8275744235987819,0.6258002855986439,0.5546183566222742,0,3.9736664400715984,3.60048318476557
1555,1555,0.932077249682868,510,0,0,0.0,1.0273061898515887,0.99719132727709,0.9526219854766028,0.9860873110883348,1.032674190053846,0.9979035478286284,0.8366848759673883,0.8102372017222292,0.0,0,3.849287241349426,3.7914193879162825
1556,1556,0.97105164486998,408,0,0,0.0,1.012668526514652,1.013145908971509,1.0562147220728555,0.9957377918930442,1.03228190457006,0.9911259244279969,0.8112944976246211,0.6725029670790563,0.6258002855986439,0,3.9124596507821887,3.672512592371606
1557,1557,0.9986063829166985,415,0,0,0.0,1.007573578755084,0.9869597981852865,1.054545710692796,1.028482925863037,1.0567433424484516,0.99719132727709,0.8036205267754964,0.6258002855986439,0.6258002855986439,0,3.9224831586718283,3.6384343369240573
1558,1558,1.019581045851613,415,0,0,0.0,1.010323929238109,1.020501600316601,1.0440151885968536,1.0120789147763565,1.024738327874205,1.005777194524828,0.8001236021366125,0.7063950542796786,0.0,0,3.879201047845781,3.744752763897464
1559,1559,1.0307537956581727,510,0,0,0.0,1.0369508869742348,1.005777194524828,1.04081161581999,0.9942438142135328,1.04081161581999,1.001328241641345,0.8102372017222292,0.7325687477104176,0.423035857164402,0,3.928811320336444,3.7339179980901234
1560,1560,1.0231649163770178,510,0,0,0.0,1.053359337835043,1.008158792920829,1.0349624011565233,1.0069816697157885,1.0474778436650976,1.013145908971509,0.8112944976246211,0.5546183566222742,0.423035857164402,1,3.947094080281285,3.5829047282304005
1561,1561,1.0235951562943069,415,0,0,0.0,1.0189263783092657,0.9869597981852865,1.0554854972096794,1.0019873653802,1.0357012654804605,1.016218495895403,0.7914126806490488,0.7989278990573876,0.6258002855986439,0,3.901525821648454,3.804093558518277
1562,1562,0.9568484637059635,510,0,1,3.044522437723423,1.0206382245007952,0.97105164486998,1.0395393314192345,1.015719197900225,1.060910968761206,1.0069816697157885,0.8334834996046646,0.5546183566222742,0.423035857164402,0,3.9545720242859,3.5483708691082674
1563,1563,1.004544177148741,510,0,0,0.0,1.034246209550648,1.0147055277003714,1.0476326773852866,1.015719197900225,1.0464054812686945,0.9815065955444632,0.8293046663001791,0.6258002855986439,0.7063950542796786,0,3.9575890345048084,3.6377316067437033
1564,1564,0.9919223562990608,510,0,1,3.091042453358316,1.0628360376947,1.0087374499934136,1.054057086919776,1.007573578755084,1.0275043055641846,0.987818703754018,0.7393445645824166,0.423035857164402,0.7063950542796786,0,3.8837419947610776,3.427165589666918
1565,1565,0.979563883308144,408,0,0,0.0,1.024106522721778,1.0200434531560645,1.027345877698231,0.9957377918930442,1.0354674211985757,0.9805436220896986,0.7536533308455107,0.5546183566222742,0.5546183566222742,0,3.8405731524640956,3.550943223761082
1566,1566,1.0373065206212844,415,0,1,3.332204510175204,1.0518833735857838,1.0063829237830022,1.0430857532729936,0.9860873110883348,1.0482721977454297,1.007573578755084,0.8036205267754964,0.5546183566222742,0.423035857164402,0,3.946861851379704,3.5546621702486956
1567,1567,0.9523085806942424,415,1,0,0.0,1.0536307320144938,0.99719132727709,1.046590362812797,1.0136711282744777,1.034246209550648,0.9927072832290874,0.8490701763260848,0.7325687477104176,0.5546183566222742,1,3.9835374807040234,3.7361384864910727
1568,1568,1.0063829237830022,510,1,0,0.0,1.0452802006169184,0.9911259244279969,1.0344861431961,0.9687112141532412,1.0329221586751836,1.003916572429902,0.8318363985199613,0.6258002855986439,0.6258002855986439,1,3.9445249010081627,3.589553996609784
1569,1569,0.967504775196054,510,0,0,0.0,1.0496974193523043,1.0063829237830022,1.0378190510172471,0.9507170793714552,1.0449262176909364,0.9957377918930442,0.761024447518017,0.6258002855986439,0.423035857164402,0,3.893467135578505,3.5786380806461455
1570,1570,0.9420819232681112,408,0,0,0.0,1.0373708934224184,0.9979035478286284,1.0246964599331927,0.967504775196054,1.068142967257483,1.0252793777568705,0.8266961159266517,0.5546183566222742,0.6725029670790563,0,3.9569064365397457,3.5453060574038275
1571,1571,1.0167128902475082,415,0,0,0.0,1.032851441880052,0.9815065955444632,1.05747292281811,0.9919223562990608,1.0421662437495445,0.9993000568565548,0.8497439208434823,0.6725029670790563,0.0,0,3.9822345292911887,3.6452319757791347
1572,1572,1.0109891235542634,510,0,1,1.6094379124341005,1.0241488972044337,0.999984786274994,1.0519302420489074,0.9942438142135328,1.0503328859531504,0.9919223562990608,0.7914126806490488,0.6258002855986439,0.6258002855986439,0,3.9178247058555407,3.6119512423862314
1573,1573,1.009875623760096,415,0,0,0.0,1.060834458596364,1.0136711282744777,1.0509116205109006,0.9986063829166985,1.0311587463306209,0.9986063829166985,0.8543099229250745,0.7063950542796786,0.6258002855986439,1,3.99721474836296,3.7172789483875532
1574,1574,1.0032813507727991,408,0,1,2.833213344056216,1.0136188501203711,1.009875623760096,1.0514356628263968,1.0006607804515772,1.0382945194524773,1.009309683677839,0.7743279928495146,0.7063950542796786,0.5546183566222742,0,3.8776770252487593,3.7262411421691906
1575,1575,0.978566837930225,415,0,0,0.0,0.7695443153937457,1.002638340774061,1.0220283861398023,0.9903176749711242,1.0302334180368578,0.9949959866312726,0.8212312206090928,0.423035857164402,0.0,0,3.6430373401794984,3.4109878595408603
1576,1576,0.9662729529060342,408,0,0,0.0,1.0313051580395565,0.999984786274994,1.0340395830368314,1.015719197900225,1.0229917618237616,1.0063829237830022,0.8013040485562493,0.6725029670790563,0.0,0,3.8896405514563988,3.694589875037278
1577,1577,0.9662729529060342,408,0,0,0.0,1.027780316229122,0.978566837930225,1.0400281162527405,1.001328241641345,1.047529513507924,1.0181675188505357,0.8212312206090928,0.5546183566222742,0.423035857164402,0,3.936569166598879,3.55268095504438
1578,1578,1.0019873653802,415,0,0,0.0,1.0238940999362958,0.9942438142135328,1.0471145023290709,1.001328241641345,1.0518129788747874,1.0167128902475082,0.824006498432407,0.6725029670790563,0.5546183566222742,0,3.946828079572561,3.6847879131814425
1579,1579,1.0277016161093295,510,0,0,0.0,1.0347248700131249,1.015719197900225,1.0486264309770927,0.9903176749711242,1.0380732337538687,1.0069816697157885,0.825808803625318,0.6258002855986439,0.423035857164402,0,3.9472333383694047,3.6388188281857814
1580,1580,0.9886644097649396,510,0,0,0.0,1.0496235170277342,0.985200844275134,1.0271072628948,0.9934810060205292,1.039477871746589,1.002638340774061,0.7645193580620365,0.6258002855986439,0.5546183566222742,0,3.8807280097311594,3.607120476668368
1581,1581,0.9927072832290874,510,0,0,0.0,1.048500236625958,0.999984786274994,1.0596310363806212,0.985200844275134,1.047915176518,1.0087374499934136,0.6906484519601133,0.6258002855986439,0.0,0,3.8466949014846925,3.6197233661421855
1582,1582,0.9911259244279969,510,0,0,0.0,1.034826814838484,0.999984786274994,1.030605690202162,0.9986063829166985,1.0014607272429872,0.978566837930225,0.805879938962908,0.7536533308455107,0.0,0,3.8727731712465414,3.7308113379674284
1583,1583,1.013145908971509,510,0,1,3.58351893845611,1.0576173991122273,1.0136711282744777,1.0579867439406057,0.996469488897356,1.0482975920994524,1.0191143049145188,0.8173889426906868,0.423035857164402,0.423035857164402,0,3.9812906778429724,3.4522907792507542
1584,1584,0.9949959866312726,415,0,0,0.0,1.0381681983745397,1.0181675188505357,1.0657684851767408,0.99719132727709,1.039906399417967,1.0141909676964709,0.7645193580620365,0.6258002855986439,0.423035857164402,0,3.908362441031284,3.65535009942274
1585,1585,0.9979035478286284,415,0,0,0.0,1.0595719556352643,1.0141909676964709,1.0191611761541786,0.9911259244279969,1.0335539334655686,0.97105164486998,0.8301569118312014,0.7325687477104176,0.6258002855986439,0,3.9424439770862127,3.7089372847048656
1586,1586,0.9919223562990608,415,0,0,0.0,1.0004588872322415,1.0006607804515772,1.0424267099056757,0.9993000568565548,1.0355677817916773,0.9942438142135328,0.795245662433237,0.6258002855986439,0.5546183566222742,0,3.873699041362831,3.6200049371203087
1587,1587,1.0314875462798236,408,0,0,0.0,0.9900728474388408,1.0120789147763565,1.0426570102260215,0.9993000568565548,1.0311220734769209,0.9596963204464736,0.8091673682554217,0.7860478795856021,0.0,0,3.873019299397205,3.7571231716649867
1588,1588,0.9058944834171676,415,0,0,0.0,1.0343834629215896,0.9934810060205292,1.0321025229639411,0.99719132727709,1.0420209043718938,1.009875623760096,0.8001236021366125,0.6258002855986439,0.6258002855986439,0,3.908630492394037,3.626348242656359
1589,1589,0.9815065955444632,408,0,0,0.0,1.0634170914030598,1.008158792920829,1.0376914416485343,0.9754660547759244,1.0479663517835232,1.028482925863037,0.8069890155045473,0.8374666287558015,0.423035857164402,1,3.956063900339664,3.849574402315592
1590,1590,1.030008664286585,408,0,0,0.0,1.036428759510812,0.9993000568565548,1.040300822347605,1.0181675188505357,1.0580071723432802,1.005777194524828,0.8284438879783939,0.7063950542796786,0.6258002855986439,0,3.963180642180091,3.729639824511597
1591,1591,0.9202501631240612,415,1,0,0.0,1.0414938744412832,1.002638340774061,1.0321025229639411,1.005164330916258,1.0412872897129573,1.0218511892271116,0.8293046663001791,0.7325687477104176,0.423035857164402,0,3.944188353418361,3.7622226086278485
1592,1592,0.985200844275134,510,0,0,0.0,1.0368208965563384,0.9927072832290874,1.0455776031406427,0.9860873110883348,1.0552687127970892,1.002638340774061,0.8627297467222925,0.6258002855986439,0.6725029670790563,0,4.000396959216363,3.607233220690127
1593,1593,1.0136711282744777,415,0,0,0.0,1.0206836824587835,1.003916572429902,1.0454426595862158,0.979563883308144,1.0433127981109744,1.004544177148741,0.8112944976246211,0.7536533308455107,0.423035857164402,0,3.920733637780595,3.7416779637322977
1594,1594,0.996469488897356,510,0,1,3.332204510175204,1.0454426595862158,0.999984786274994,1.0218511892271116,0.9979035478286284,1.0470101556288598,0.9894972828240028,0.7457165247157388,0.5546183566222742,0.6258002855986439,0,3.860020529157926,3.5420039735498996
1595,1595,1.003916572429902,510,0,0,0.0,1.0546119269551917,0.9942438142135328,1.0525813019323045,0.9949959866312726,1.0408713420527342,1.0147055277003714,0.7371330092563764,0.7325687477104176,0.6258002855986439,0,3.885197580196607,3.7365140762555944
1596,1596,0.9927072832290874,415,0,1,3.5263605246161616,1.0569530297552343,1.009875623760096,1.0469055693496268,0.9986063829166985,0.9993000568565548,1.001328241641345,0.819331006683021,0.6725029670790563,0.6258002855986439,0,3.9224896626444368,3.682313215397196
1597,1597,0.9894972828240028,415,0,0,0.0,1.0191143049145188,1.0087374499934136,1.039906399417967,0.9942438142135328,1.0378508992433866,1.005777194524828,0.7758724080478123,0.6725029670790563,0.0,0,3.872744011623685,3.6812614258108303
1598,1598,0.9949959866312726,408,0,0,0.0,1.0063226675621295,1.0280938456756414,1.0411984711363191,1.0244444982729537,1.0352996790210385,0.9754660547759244,0.8266961159266517,0.7536533308455107,0.0,0,3.909516933646139,3.78165772957003
1599,1599,0.9927072832290874,415,0,0,0.0,1.042542003482222,1.001328241641345,1.0424267099056757,0.9993000568565548,1.0419043035236824,1.015719197900225,0.7900996062387244,0.7536533308455107,0.6258002855986439,0,3.916972623150304,3.770000827243635
1600,1600,0.99719132727709,415,0,0,0.0,1.0431994153840698,0.9894972828240028,1.0413168581813366,0.9949959866312726,1.0326386605706757,1.0019873653802,0.8080847309801162,0.5546183566222742,0.5546183566222742,0,3.925239665116199,3.5410989914577495
1601,1601,0.9934810060205292,510,0,0,0.0,1.0396620085500643,0.9886644097649396,1.03566792986984,1.004544177148741,1.0393238677571432,0.999984786274994,0.8350993109078182,0.6258002855986439,0.6258002855986439,0,3.9497531170848657,3.618993658787318
1602,1602,0.972187368078744,408,0,0,0.0,1.0587564142649448,1.0104353962561965,1.0269475331073237,1.0019873653802,1.025773550356757,0.9824533207775524,0.8358958109502946,0.6725029670790563,0.0,0,3.94737330867932,3.6673790494930056
1603,1603,0.987818703754018,510,0,0,0.0,1.0448441397728827,1.013145908971509,1.0584137565926417,0.9754660547759244,1.0374351782098206,1.009875623760096,0.7887680926690985,0.7063950542796786,0.6258002855986439,0,3.929461167244443,3.7048826417872083
1604,1604,1.0332741782140202,415,0,1,3.688879454113936,1.0341085584241267,1.0104353962561965,1.035900786920554,0.9986063829166985,1.0420790948865386,1.0104353962561965,0.7927077628291277,0.6725029670790563,0.6258002855986439,0,3.9047962030603474,3.6919801425081475
1605,1605,1.028868902973444,415,0,1,3.1354942159291497,1.0342118341416129,1.005164330916258,1.0556150603814114,0.996469488897356,1.0452530680149186,1.0126152065263214,0.7627869824840867,0.8102372017222292,0.423035857164402,0,3.8978669450220296,3.824486228062164
1606,1606,1.007573578755084,415,0,0,0.0,1.0541686101629997,0.9860873110883348,1.0519068139438488,1.008158792920829,1.0486768104764748,0.9903176749711242,0.7121400728706546,0.423035857164402,0.5546183566222742,0,3.866892307453978,3.40759963614469
1607,1607,1.005164330916258,415,0,1,3.295836866004329,1.04105006159986,1.009875623760096,1.0376914416485343,1.0006607804515772,1.0439872977566385,1.005164330916258,0.8112944976246211,0.6725029670790563,0.423035857164402,0,3.9340232986296537,3.6882037022069873
1608,1608,1.0115369245500676,408,0,0,0.0,1.0180239413955,0.9754660547759244,1.0391693544220275,0.9957377918930442,1.035967107282521,0.99719132727709,0.805879938962908,0.7536533308455107,0.423035857164402,0,3.8990403420629565,3.7220485047915695
1609,1609,0.9934810060205292,415,0,0,0.0,1.045604544177902,1.0063829237830022,1.0023138600447157,1.0152149060491755,1.0411688271461192,0.98338429212101,0.8326639275093545,0.6258002855986439,0.423035857164402,0,3.921751158878091,3.630782407551832
1610,1610,1.0136711282744777,510,0,0,0.0,1.0294421492440202,1.0186431550010258,1.0423689551414588,0.9934810060205292,1.038546144802386,1.025691534626503,0.8326639275093545,0.6258002855986439,0.5546183566222742,0,3.94302117669722,3.663615981246702
1611,1611,0.9775519190240616,415,0,0,0.0,1.029137264927126,1.008158792920829,1.0424843926306362,1.005777194524828,1.0575761685751008,1.0109891235542634,0.8382411892305852,0.7325687477104176,0.423035857164402,0,3.967439015363448,3.7574938587103377
1612,1612,0.9979035478286284,510,0,0,0.0,1.070345664853506,1.0063829237830022,1.028366529717395,0.9949959866312726,1.066395654683317,1.0109891235542634,0.7818171316562723,0.6258002855986439,0.423035857164402,1,3.9469249809104903,3.6381683195671823
1613,1613,1.0292518223263003,415,1,0,0.0,1.02605952499873,0.9775519190240616,1.0464054812686945,1.0240216638573814,1.038546144802386,1.0063829237830022,0.8405228745078467,0.7989278990573876,0.0,1,3.951534025577657,3.806884405721833
1614,1614,0.9637291374803096,415,0,1,3.6375861597263857,1.0445143521775786,0.9842999824276124,1.062265591263576,1.0152149060491755,1.0293280431865213,1.0087374499934136,0.8183653079108115,0.423035857164402,0.423035857164402,0,3.954473294538487,3.431288195634604
1615,1615,1.0191143049145188,510,0,0,0.0,1.023208110040732,0.9805436220896986,1.0554422251106146,1.009875623760096,1.0461400590025884,1.0147055277003714,0.8143937066027327,0.7860478795856021,0.7063950542796786,0,3.9391841007566675,3.791172653135768
1616,1616,1.0280938456756414,415,0,0,0.0,1.0136188501203711,1.0181675188505357,1.0619308810671662,0.97330117724734,1.042714406447232,0.9687112141532412,0.8310007739998975,0.7989278990573876,0.5546183566222742,0,3.9492649116346668,3.7591078093085044
1617,1617,1.032210232660216,408,0,0,0.0,1.0488276136458068,0.9934810060205292,1.0620613536232075,0.979563883308144,1.0564480953089646,0.97330117724734,0.8036205267754964,0.6725029670790563,0.5546183566222742,1,3.9709575893534756,3.61884903365507
1618,1618,0.967504775196054,415,0,0,0.0,1.025691534626503,1.020501600316601,1.0466430487883749,0.99719132727709,1.0704069414314412,1.009875623760096,0.8420101129338243,0.5546183566222742,0.423035857164402,0,3.9847516377801435,3.5821869079760615
1619,1619,0.9886644097649396,510,0,0,0.0,1.0451443766562367,0.9949959866312726,1.063990420371884,0.9775519190240616,1.0476326773852866,0.979563883308144,0.7818171316562723,0.6258002855986439,0.6258002855986439,0,3.93858460606968,3.5779120745621222
1620,1620,1.0218511892271116,408,0,0,0.0,1.0603144668679243,1.0063829237830022,1.051553915330648,1.0032813507727991,1.0578639736028814,1.0063829237830022,0.8001236021366125,0.7711646606364143,0.423035857164402,1,3.9698559579380666,3.7872118589752177
1621,1621,1.0147055277003714,415,0,1,3.091042453358316,1.017348416174284,0.9911259244279969,1.0467744980390934,1.003916572429902,1.0420500087706093,1.0186431550010258,0.805879938962908,0.5546183566222742,0.423035857164402,0,3.9120528619468944,3.568304008481199
1622,1622,1.005777194524828,510,0,1,2.772588722239781,0.9943195055546388,1.0167128902475082,1.0369508869742348,1.0244444982729537,1.060333836943875,0.9919223562990608,0.795245662433237,0.423035857164402,0.5546183566222742,0,3.8868498919059857,3.456115601983925
1623,1623,1.005777194524828,415,0,1,3.555348061489413,1.0490528807508746,0.9687112141532412,1.043256141591183,0.9824533207775524,1.0281328946446238,1.004544177148741,0.7977165865059108,0.6725029670790563,0.5546183566222742,0,3.9181585034925916,3.628211679158591
1624,1624,0.9553725127999176,415,0,1,3.295836866004329,1.0534046850711534,0.9687112141532412,1.0590565494328688,1.0006607804515772,1.0386088405277951,0.996469488897356,0.8123395143700564,0.7711646606364143,0.423035857164402,0,3.9634095894018735,3.7370061441385887
1625,1625,0.972187368078744,408,0,0,0.0,1.0162681545266323,1.0126152065263214,1.0421372123548482,1.007573578755084,1.0325319132326305,0.9911259244279969,0.741511301806249,0.7063950542796786,0.6258002855986439,0,3.8324485819203598,3.7177097639890806
1626,1626,0.987818703754018,510,1,1,3.4339872044851463,1.039570030941982,1.0200434531560645,1.0341430086116687,1.008158792920829,1.0476069083535615,1.0109891235542634,0.7989278990573876,0.7989278990573876,0.0,0,3.9202478469645996,3.838119268688544
1627,1627,0.9624149872572304,415,0,0,0.0,1.0500895342573795,1.020501600316601,1.061687528053178,0.9949959866312726,1.003790142859009,0.9986063829166985,0.8342952500710278,0.6725029670790563,0.6725029670790563,0,3.9498624552405945,3.6866069369436287
1628,1628,1.0141909676964709,415,0,0,0.0,1.0273855331441453,1.001328241641345,1.0423689551414588,0.9942438142135328,1.0560655673466603,1.0136711282744777,0.8112944976246211,0.7063950542796786,0.423035857164402,0,3.9371145532568854,3.715638238409034
1629,1629,1.004544177148741,510,0,0,0.0,1.0459533414800852,1.0167128902475082,1.0383260466098834,1.0104353962561965,1.0495741815354585,0.9993000568565548,0.8221661298163554,0.6725029670790563,0.6258002855986439,0,3.9560196994417822,3.698951310439316
1630,1630,1.0329221586751836,510,0,1,3.332204510175204,1.031378196620574,1.003916572429902,1.034588601810145,1.0104353962561965,1.05502901881936,1.0176873172212282,0.7939852844174682,0.7860478795856021,0.6258002855986439,0,3.9149811016675473,3.8180871654929285
1631,1631,1.0120789147763565,415,0,1,3.332204510175204,1.0454696801372896,1.013145908971509,1.0467219638044187,0.996469488897356,1.0476326773852866,0.9754660547759244,0.7536533308455107,0.5546183566222742,0.5546183566222742,0,3.893477652172506,3.5396998092670637
1632,1632,1.0147055277003714,408,0,0,0.0,1.0477098969444196,0.9869597981852865,1.014551708169994,1.0120789147763565,1.05509451851203,1.003916572429902,0.7627869824840867,0.6725029670790563,0.423035857164402,0,3.88014310611053,3.6754582524706016
1633,1633,1.039200297986071,415,0,0,0.0,1.0124549107864709,0.99719132727709,1.0478639435220942,1.009875623760096,1.047991917804974,1.009875623760096,0.795245662433237,0.7325687477104176,0.5546183566222742,0,3.903556434546776,3.7495113225076997
1634,1634,1.005164330916258,408,0,0,0.0,1.0590565494328688,1.0032813507727991,1.0531091007454727,1.0126152065263214,1.003916572429902,1.0261002420274623,0.8293046663001791,0.6725029670790563,0.0,0,3.9453868889084225,3.7144997664056394
1635,1635,0.9957377918930442,408,0,0,0.0,1.0236807544808082,1.0006607804515772,1.0478895672438726,1.003916572429902,1.0141909676964709,1.0172024688229897,0.7555463047707869,0.5546183566222742,0.423035857164402,0,3.841307594191939,3.576398178326743
1636,1636,0.9894972828240028,415,0,0,0.0,1.0435387304704578,1.0032813507727991,1.017975990561897,0.9903176749711242,1.0244865819302265,1.004544177148741,0.8334834996046646,0.6258002855986439,0.423035857164402,0,3.9194848025672453,3.623943488491308
1637,1637,0.7860478795856021,415,0,1,2.833213344056216,0.9946212128722536,0.9934810060205292,1.037882725877314,1.007573578755084,1.0515302897439265,0.999984786274994,0.815403362323621,0.6258002855986439,0.5546183566222742,0,3.899437590817115,3.626839656649251
1638,1638,1.0006607804515772,415,0,0,0.0,1.0482467891672995,0.9650147563028656,1.054656016353703,0.996469488897356,1.0622099855459406,1.005777194524828,0.8212312206090928,0.7860478795856021,0.0,0,3.986344011676036,3.7533093193106515
1639,1639,1.0176873172212282,510,0,1,3.258096538021482,1.0452259193354878,1.013145908971509,1.0597881954088348,0.9507170793714552,1.05067138483246,1.005777194524828,0.7592308162427008,0.7063950542796786,0.0,0,3.9149163158194833,3.6760352371474707
1640,1640,1.0167128902475082,510,0,1,3.555348061489413,1.0600423781271575,1.009875623760096,1.0499673640466722,1.007573578755084,1.0129342918494788,1.003916572429902,0.8024695798580879,0.6258002855986439,0.0,0,3.925413613881396,3.6471660605437255
1641,1641,1.0235951562943069,415,0,0,0.0,1.0311587463306209,1.005164330916258,1.0603144668679243,1.0063829237830022,1.049524792095424,1.0120789147763565,0.8024695798580879,0.6725029670790563,0.423035857164402,0,3.9434675851520575,3.6961291365546733
1642,1642,0.9957377918930442,415,0,0,0.0,1.0112089485650453,1.0152149060491755,1.0180239413955,1.0292518223263003,1.0569530297552343,1.008158792920829,0.8001236021366125,0.7063950542796786,0.5546183566222742,0,3.886309521852392,3.7590205755759833
1643,1643,0.9754660547759244,415,0,0,0.0,1.0231216847849196,0.97330117724734,1.046590362812797,1.008158792920829,1.0523962491480654,0.9894972828240028,0.7887680926690985,0.6258002855986439,0.5546183566222742,0,3.910876389414881,3.5967575385908157
1644,1644,1.0104353962561965,415,0,0,0.0,1.04011919575166,0.9610711304112431,1.053540450739518,1.005777194524828,1.0269475331073237,0.9903176749711242,0.8221661298163554,0.7325687477104176,0.423035857164402,0,3.942773309414857,3.6897347476176128
1645,1645,1.0147055277003714,510,0,1,3.295836866004329,1.0351313403160722,0.996469488897356,1.0572449257768386,0.9957377918930442,1.0493266926677718,1.0152149060491755,0.8456157030373974,0.7063950542796786,0.0,0,3.9873186617980805,3.7138172411192545
1646,1646,0.9979035478286284,408,0,0,0.0,1.0330984933326917,0.9993000568565548,1.052047199193303,0.9934810060205292,1.027662218124235,0.996469488897356,0.7977165865059108,0.6258002855986439,0.6725029670790563,0,3.9105244971561404,3.6150508373730834
1647,1647,1.0147055277003714,408,0,0,0.0,1.0345203206527556,1.0147055277003714,1.0345203206527556,0.9986063829166985,0.9995064051954804,0.9662729529060342,0.8230911610676044,0.6725029670790563,0.423035857164402,0,3.891638207568596,3.6520878306021602
1648,1648,0.958289233840266,408,0,0,0.0,1.0586156442091108,1.0136711282744777,1.0564692500235202,1.005777194524828,1.0369833285847223,1.009875623760096,0.7964892999116688,0.5546183566222742,0.0,1,3.948557522729022,3.5839423031816757
1649,1649,0.98338429212101,415,0,0,0.0,1.0414644185912862,0.996469488897356,1.0377552896800246,0.98338429212101,1.0323534691832597,1.0104353962561965,0.8301569118312014,0.7063950542796786,0.423035857164402,0,3.9417300892857723,3.696684231554241
1650,1650,1.0200434531560645,510,0,0,0.0,1.0386088405277951,1.0147055277003714,1.0681913897123931,1.008158792920829,1.055593492831145,0.9886644097649396,0.6800889582869747,0.7860478795856021,0.5546183566222742,0,3.842482681358308,3.7975766099717423
1651,1651,1.032210232660216,408,0,0,0.0,1.0373387180374702,1.019581045851613,1.0113731995751452,1.0152149060491755,1.0290990186556717,0.9942438142135328,0.7436347908732243,0.7325687477104176,0.6258002855986439,0,3.821445727141511,3.761608513824739
1652,1652,1.0235951562943069,415,0,0,0.0,1.0316692430666674,1.0109891235542634,1.0542353901529768,1.004544177148741,1.0526504997984032,1.0147055277003714,0.8133725028259741,0.6725029670790563,0.423035857164402,0,3.9519276358440214,3.7027417954824324
1653,1653,0.996469488897356,408,0,0,0.0,1.0212708755236102,1.0120789147763565,1.064993112038457,1.001328241641345,1.0429147334695923,1.0147055277003714,0.7457165247157388,0.7063950542796786,0.5546183566222742,0,3.8748952457473984,3.734507738397751
1654,1654,0.9815065955444632,510,0,1,3.367295829986474,1.0436793777283564,1.0069816697157885,1.023208110040732,1.015719197900225,1.0439314653029093,1.0231649163770178,0.7832481321537382,0.423035857164402,0.5546183566222742,0,3.894067085225736,3.468901641157433
1655,1655,0.9993000568565548,408,1,0,0.0,1.051577528484576,1.0209555590262906,1.0574935913648222,0.979563883308144,1.0463525201075878,1.0141909676964709,0.8001236021366125,0.5546183566222742,0.6725029670790563,1,3.9555472420935986,3.5693287666531797
1656,1656,1.025691534626503,408,0,0,0.0,1.0545015116237104,1.022292995628416,1.021762352025895,1.002638340774061,1.0618000145651756,1.015719197900225,0.8301569118312014,0.6258002855986439,0.0,0,3.968220790045982,3.6664508199013457
1657,1657,1.002638340774061,415,0,0,0.0,1.0196274803686236,1.007573578755084,1.0370481448121769,0.9886644097649396,0.9955163232783132,0.9886644097649396,0.683712430279746,0.6725029670790563,0.423035857164402,0,3.73590437873886,3.6574053653640197
1658,1658,1.0152149060491755,415,0,0,0.0,1.0527885750246886,1.0032813507727991,1.044237708534132,1.0147055277003714,1.053540450739518,0.9949959866312726,0.8301569118312014,0.7860478795856021,0.5546183566222742,0,3.98072364612954,3.799030744690045
1659,1659,1.008158792920829,415,0,0,0.0,1.0442099523591977,0.9805436220896986,1.0659559040539115,1.0141909676964709,1.0532230188714953,0.9765185323813282,0.819331006683021,0.7063950542796786,0.0,0,3.982719881967625,3.6776481764471765
1660,1660,0.9894972828240028,408,0,0,0.0,1.0292518223263003,1.0069816697157885,0.9988849395308624,1.0109891235542634,1.0636329847447672,0.9993000568565548,0.8001236021366125,0.7536533308455107,0.423035857164402,0,3.8918933487385425,3.7709241809721172
1661,1661,0.97330117724734,415,0,1,3.1780538303479458,1.0504540707202217,1.0063829237830022,1.0411984711363191,1.002638340774061,1.050113928631741,0.98338429212101,0.7964892999116688,0.6725029670790563,0.0,0,3.938255770399951,3.6649085237571297
1662,1662,0.9568484637059635,510,0,0,0.0,1.0270274635898131,0.9903176749711242,1.0387652135428778,0.9869597981852865,1.0298582435392996,1.005164330916258,0.7758724080478123,0.7325687477104176,0.6258002855986439,0,3.8715233287198023,3.7150105517830863
1663,1663,1.0218511892271116,415,0,1,3.218875824868201,1.0365271000276444,0.9842999824276124,1.037177510086016,1.0109891235542634,1.0480174694388822,0.996469488897356,0.7832481321537382,0.7063950542796786,0.5546183566222742,0,3.9049702117062806,3.6981536491589106
1664,1664,0.98338429212101,415,0,0,0.0,1.022948377902844,1.0087374499934136,1.02894573003138,0.9927072832290874,1.048322972244091,1.004544177148741,0.8112944976246211,0.7536533308455107,0.423035857164402,0,3.9115115778029366,3.7596422412167527
1665,1665,1.0261002420274623,408,0,0,0.0,1.008158792920829,0.9775519190240616,1.059532524035541,1.001328241641345,1.0514356628263968,0.987818703754018,0.825808803625318,0.5546183566222742,0.423035857164402,0,3.9449357834080856,3.5213172210416985
1666,1666,1.005777194524828,408,0,0,0.0,1.0323177002702164,1.0019873653802,1.047529513507924,0.9993000568565548,1.0480940381649428,1.0109891235542634,0.8112944976246211,0.7711646606364143,0.6725029670790563,0,3.9392357495677044,3.7834412064274328
1667,1667,0.9507170793714552,415,0,0,0.0,1.0470884380590428,0.9911259244279969,1.0411984711363191,1.001328241641345,1.030605690202162,1.0019873653802,0.8543099229250745,0.6258002855986439,0.5546183566222742,0,3.973202522322598,3.6202418170481856
1668,1668,0.9456806436315238,415,0,0,0.0,1.0246126165613827,1.0069816697157885,1.0688794366121823,0.9860873110883348,1.0504298598360993,1.007573578755084,0.8112944976246211,0.7536533308455107,0.423035857164402,0,3.9552164106342853,3.754295890404718
1669,1669,1.0063829237830022,415,0,1,3.6375861597263857,1.050284320621803,1.005164330916258,1.0530177564626917,1.0019873653802,1.0236379740188406,0.9957377918930442,0.805879938962908,0.7063950542796786,0.5546183566222742,0,3.932819990066243,3.709284542469181
1670,1670,0.9202501631240612,510,0,0,0.0,1.039045374929264,0.97330117724734,1.0523266565442388,0.999984786274994,1.0273855331441453,0.9894972828240028,0.7627869824840867,0.5546183566222742,0.5546183566222742,0,3.881544547101735,3.5174016029686115
1671,1671,1.0063829237830022,408,0,0,0.0,1.0423689551414588,0.9743938320833514,1.053720830753791,0.9894972828240028,1.0371128719039242,1.0069816697157885,0.8284438879783939,0.6258002855986439,0.0,0,3.961646545777568,3.596673070221786
1672,1672,1.0240216638573814,415,0,0,0.0,1.0420209043718938,1.009309683677839,1.0303454025431449,0.9934810060205292,1.0369184229946713,0.9894972828240028,0.8102372017222292,0.7325687477104176,0.0,0,3.919521931631939,3.724856720232789
1673,1673,0.9986063829166985,510,0,1,3.367295829986474,1.0525813019323045,0.9942438142135328,1.0106021437152934,1.003916572429902,1.013145908971509,0.979563883308144,0.8523844819950629,0.6725029670790563,0.0,0,3.9287138366141696,3.6502272370306352
1674,1674,0.97330117724734,510,0,0,0.0,1.0310486435814583,0.958289233840266,1.0408713420527342,1.0200434531560645,1.0411094823348612,0.9934810060205292,0.7964892999116688,0.6725029670790563,0.5546183566222742,0,3.909518767880723,3.6443166600959165
1675,1675,0.9919223562990608,415,0,0,0.0,1.0172511651276244,1.009875623760096,1.0612536080628718,1.0172024688229897,1.039631369482939,0.9993000568565548,0.7964892999116688,0.6725029670790563,0.423035857164402,0,3.9146254425851046,3.698881116518697
1676,1676,0.979563883308144,510,0,0,0.0,1.0641325678437907,1.007573578755084,1.0571200642589424,0.99719132727709,1.059036604311926,1.0172024688229897,0.8001236021366125,0.7063950542796786,0.6258002855986439,1,3.9804128385512714,3.7283624291348425
1677,1677,1.009875623760096,408,0,1,3.4339872044851463,0.9682316233942064,1.0104353962561965,1.0335887875940006,0.999984786274994,1.0204103082293488,1.0019873653802,0.8318363985199613,0.7536533308455107,0.0,0,3.854067117737517,3.7660608787569014
1678,1678,1.0087374499934136,415,0,0,0.0,1.02706737961469,0.9993000568565548,1.0424267099056757,1.001328241641345,1.0458195032891855,1.0063829237830022,0.751725067666227,0.7325687477104176,0.0,0,3.867038660475778,3.7395799699913193
1679,1679,1.009309683677839,415,0,0,0.0,1.0555503261851054,1.007573578755084,1.048500236625958,0.9949959866312726,1.0381365648606882,1.0019873653802,0.8266961159266517,0.6258002855986439,0.5546183566222742,0,3.9688832435984036,3.6303572163652005
1680,1680,0.9824533207775524,408,0,0,0.0,1.0654772134950077,1.009875623760096,1.044541925139165,1.002638340774061,1.0480940381649428,0.9942438142135328,0.795245662433237,0.6725029670790563,0.5546183566222742,1,3.953358839232353,3.6792607458267463
1681,1681,1.005777194524828,510,0,0,0.0,1.0138276403642967,0.9894972828240028,1.0398454216399189,1.009309683677839,1.030382672860129,0.9824533207775524,0.8091673682554217,0.6725029670790563,0.5546183566222742,0,3.8932231031197664,3.6537632543584504
1682,1682,0.9362682541349638,408,0,0,0.0,1.054678044650228,0.9894972828240028,1.052511996822228,1.0006607804515772,1.0292518223263003,0.9927072832290874,0.7939852844174682,0.7536533308455107,0.0,0,3.930427148216224,3.736518677350178
1683,1683,1.0181675188505357,408,1,1,2.9444389791664403,1.049942890243846,0.9949959866312726,1.0317054998746131,1.008158792920829,1.0491277212773238,1.003916572429902,0.8342952500710278,0.5546183566222742,0.0,1,3.9650713614668103,3.561689708604278
1684,1684,1.015719197900225,408,0,0,0.0,1.053268504822375,1.0214053992395804,1.061101657295138,0.9942438142135328,1.0511267407387648,0.985200844275134,0.8001236021366125,0.7325687477104176,0.5546183566222742,1,3.9656205049928905,3.733418805438665
1685,1685,1.0152149060491755,510,0,0,0.0,1.0253620876639082,0.9934810060205292,1.047451986713735,0.9824533207775524,1.034758875979825,0.9934810060205292,0.7927077628291277,0.6725029670790563,0.0,0,3.9002807131865964,3.641918299897667
1686,1686,1.0109891235542634,408,0,1,2.995732273553991,1.029480124708802,1.002638340774061,1.0544793955905645,1.008158792920829,1.0314875462798236,1.009875623760096,0.825808803625318,0.423035857164402,0.6258002855986439,0,3.941255870204508,3.4437086146193883
1687,1687,1.003916572429902,415,0,1,3.258096538021482,1.0224686174100084,1.002638340774061,1.0372097959063549,0.9903176749711242,1.040781723904435,0.9979035478286284,0.8013040485562493,0.7325687477104176,0.5546183566222742,0,3.9017641857770475,3.7234283112842315
1688,1688,1.0172024688229897,415,0,0,0.0,1.0049790574705388,0.9979035478286284,1.0176873172212282,1.0069816697157885,1.0705292277732656,0.9743938320833514,0.8405228745078467,0.423035857164402,0.0,0,3.9337184769728792,3.4023149067921707
1689,1689,1.0277016161093295,415,0,0,0.0,1.0221167468996342,1.009875623760096,1.0467219638044187,0.9886644097649396,1.03188637327496,0.9860873110883348,0.8221661298163554,0.5546183566222742,0.6725029670790563,1,3.922891213795368,3.539245701235645
1690,1690,0.967504775196054,408,0,0,0.0,1.0640260012825231,1.0032813507727991,1.05747292281811,1.0115369245500676,1.0547440640492916,0.9842999824276124,0.8173889426906868,0.6725029670790563,0.5546183566222742,1,3.9936319308406114,3.6716212248295355
1691,1691,1.022730883502586,510,1,0,0.0,1.043114195062613,1.0186431550010258,1.0371452020945813,0.9927072832290874,1.0523962491480654,1.007573578755084,0.8463183195479455,0.423035857164402,0.0,1,3.9789739658532053,3.4419598741495996
1692,1692,0.9090149821220628,510,0,0,0.0,1.042943280806908,0.979563883308144,1.0173969710844064,0.9824533207775524,1.0271471134796155,0.9934810060205292,0.839008674512346,0.6725029670790563,0.423035857164402,0,3.9264960398832756,3.628001177185282
1693,1693,1.009309683677839,415,0,0,0.0,1.0499673640466722,0.999984786274994,1.0323892113461453,1.009309683677839,1.0397843640315418,1.0141909676964709,0.819331006683021,0.7536533308455107,0.6725029670790563,0,3.9414719461073804,3.7771387684948143
1694,1694,0.92987564040383,510,1,0,0.0,1.035967107282521,1.0136711282744777,1.039200297986071,0.9927072832290874,1.050983441697914,1.002638340774061,0.7964892999116688,0.423035857164402,0.0,1,3.922640146878175,3.4320526094420285
1695,1695,0.9886644097649396,510,0,0,0.0,1.0294421492440202,0.9911259244279969,1.048474955536601,0.996469488897356,1.0517894893858508,0.9894972828240028,0.8350993109078182,0.6258002855986439,0.423035857164402,0,3.9648059050742903,3.6028929817479995
1696,1696,0.9474052700602774,510,0,0,0.0,0.9960316695034038,1.007573578755084,1.061537090859776,0.985200844275134,1.026303318730503,1.009309683677839,0.8266961159266517,0.5546183566222742,0.423035857164402,0,3.9105681950203346,3.556702463330331
1697,1697,1.0167128902475082,408,0,0,0.0,1.0064431101744091,0.9993000568565548,1.030605690202162,1.0104353962561965,1.0420500087706093,0.9775519190240616,0.7727589769680201,0.6258002855986439,0.423035857164402,0,3.8518577861152004,3.613087657735457
1698,1698,0.9420819232681112,415,0,0,0.0,0.9026284412459752,1.0126152065263214,1.0318141058901062,1.0006607804515772,1.0621543083304177,0.999984786274994,0.8069890155045473,0.6258002855986439,0.6258002855986439,0,3.8035858709710464,3.6390610588515364
1699,1699,0.9986063829166985,510,0,0,0.0,1.0552252283543333,1.009875623760096,1.0383890373747378,0.996469488897356,1.0589567328138032,1.005777194524828,0.795245662433237,0.7325687477104176,0.423035857164402,0,3.9478166609761116,3.7446910548926975
1700,1700,0.9474052700602774,408,0,0,0.0,1.043256141591183,0.9919223562990608,1.0457926885777766,0.9824533207775524,1.0485759953977756,1.009875623760096,0.8123395143700564,0.7063950542796786,0.6258002855986439,0,3.949964339936791,3.690646355116388
1701,1701,0.9815065955444632,408,0,1,3.295836866004329,1.0196738716251463,1.001328241641345,1.006683160407591,1.0006607804515772,1.0498448620527454,0.999984786274994,0.8013040485562493,0.7325687477104176,0.5546183566222742,0,3.877505942641732,3.734542556078334
1702,1702,1.0261002420274623,408,0,1,3.1780538303479458,1.0275438318933197,0.999984786274994,1.0540794139427927,1.016218495895403,1.0646789935139866,1.0214053992395804,0.761024447518017,0.6725029670790563,0.5546183566222742,0,3.9073266868681165,3.7101116484890344
1703,1703,0.9979035478286284,415,0,0,0.0,1.0540794139427927,0.978566837930225,1.0566802413203475,1.0019873653802,1.0345203206527556,1.009875623760096,0.8091673682554217,0.7989278990573876,0.423035857164402,0,3.9544473441713177,3.7893577261279088
1704,1704,0.9568484637059635,408,0,1,3.4657359027997265,1.0244865819302265,0.985200844275134,1.0421952569460855,1.0006607804515772,1.0570157419251829,0.9942438142135328,0.8102372017222292,0.6725029670790563,0.423035857164402,0,3.933934782523724,3.6526084060193007
1705,1705,1.044734473637668,510,0,0,0.0,1.011754411573233,1.022292995628416,1.0378508992433866,0.978566837930225,1.0400281162527405,1.0104353962561965,0.7325687477104176,0.6258002855986439,0.6258002855986439,0,3.822202174779778,3.637095515413481
1706,1706,1.0186431550010258,510,0,1,3.4657359027997265,1.0421952569460855,1.0019873653802,1.0505990632936777,0.9934810060205292,1.0435105494199806,0.996469488897356,0.8024695798580879,0.7711646606364143,0.5546183566222742,0,3.9387744495178314,3.7631025209344995
1707,1707,0.9986063829166985,415,0,0,0.0,1.045846302286853,0.9523085806942424,1.050550784298696,1.0115369245500676,1.057699744386227,0.9824533207775524,0.8293046663001791,0.423035857164402,0.423035857164402,0,3.983401497271955,3.3693346831862647
1708,1708,1.002638340774061,415,0,0,0.0,1.0315966470167877,1.022730883502586,1.0497466204510668,0.99719132727709,1.027858888866354,1.0141909676964709,0.8123395143700564,0.5546183566222742,0.0,0,3.921541670704265,3.588731535098421
1709,1709,0.9420819232681112,415,0,0,0.0,1.0441543896884633,1.007573578755084,1.063776315147949,0.987818703754018,1.0384519435813513,1.004544177148741,0.8133725028259741,0.7536533308455107,0.423035857164402,0,3.959755151243737,3.7535897905033533
1710,1710,1.0191143049145188,415,0,0,0.0,1.047684171665435,1.005777194524828,1.0458730855877978,1.007573578755084,1.0327096931161477,0.9979035478286284,0.7846582031691327,0.6258002855986439,0.0,0,3.910925153538513,3.6370546067071845
1711,1711,1.016218495895403,415,0,0,0.0,1.0377233765146634,1.003916572429902,1.052994891163563,1.0141909676964709,1.054057086919776,1.0136711282744777,0.8091673682554217,0.423035857164402,0.6258002855986439,0,3.953942722853424,3.4548145255652525
1712,1712,0.99719132727709,510,1,0,0.0,1.0567853597659889,1.0141909676964709,1.0460867889468028,1.009875623760096,1.063091211548946,0.9993000568565548,0.8202862443392709,0.7063950542796786,0.6258002855986439,1,3.9862496046010087,3.7297617025928003
1713,1713,0.9507170793714552,415,0,0,0.0,1.0435387304704578,0.972187368078744,1.022160868083517,1.0172024688229897,1.05509451851203,0.9886644097649396,0.8310007739998975,0.7063950542796786,0.6725029670790563,0,3.9517948910659024,3.684449300946352
1714,1714,1.001328241641345,510,0,1,3.4011973816621555,1.0093665587898295,1.005777194524828,1.0489028273166183,1.0032813507727991,1.0558944862397524,1.007573578755084,0.7457165247157388,0.6258002855986439,0.5546183566222742,0,3.859880397061939,3.6424324096513545
1715,1715,1.002638340774061,415,0,0,0.0,1.000323862466601,0.9927072832290874,1.0469317384356054,1.020501600316601,1.026262771008648,1.0063829237830022,0.8249123211161004,0.6258002855986439,0.423035857164402,1,3.8984306930269548,3.645392092927334
1716,1716,0.9869597981852865,415,0,0,0.0,1.0303454025431449,1.008158792920829,1.0153161683390013,0.9934810060205292,1.04105006159986,1.004544177148741,0.8133725028259741,0.7063950542796786,0.6258002855986439,0,3.9000841353079796,3.712579030369778
1717,1717,1.0329221586751836,415,0,0,0.0,1.0158695075027404,0.9860873110883348,1.0349962372145658,0.9919223562990608,1.0335887875940006,0.9860873110883348,0.8266961159266517,0.5546183566222742,0.423035857164402,0,3.9111506482379585,3.5187153350980047
1718,1718,0.9949959866312726,408,1,0,0.0,1.04606013061016,1.0209555590262906,1.0342118341416129,1.005777194524828,1.029895892784139,0.9927072832290874,0.8091673682554217,0.6725029670790563,0.0,0,3.919335225791334,3.6919430038592624
1719,1719,1.0172024688229897,415,0,0,0.0,1.0562572453934476,0.999984786274994,1.0587564142649448,0.99719132727709,1.033901331273697,1.007573578755084,0.8266961159266517,0.6725029670790563,0.6258002855986439,1,3.975611106858741,3.677252659386224
1720,1720,0.999984786274994,408,0,0,0.0,1.0252793777568705,1.003916572429902,1.0505749302683174,0.9815065955444632,1.0512933473976247,0.996469488897356,0.7989278990573876,0.7536533308455107,0.423035857164402,0,3.9260755544802004,3.7355459877172317
1721,1721,1.0141909676964709,415,0,1,3.5263605246161616,1.0657172281104,0.9903176749711242,1.0327096931161477,0.9911259244279969,1.0263843131084571,0.9942438142135328,0.816401699882637,0.7063950542796786,0.0,0,3.9412129342176416,3.6820824678923327
1722,1722,1.0474002286738289,415,0,0,0.0,1.0508876545995445,1.0176873172212282,1.066580348506871,0.9903176749711242,1.0386401569418002,1.0200434531560645,0.825808803625318,0.6725029670790563,0.5546183566222742,1,3.9819169636735334,3.7005514124274734
1723,1723,0.9805436220896986,415,0,0,0.0,1.022556194476665,1.0063829237830022,1.0250719889363462,0.9986063829166985,1.0610635864421232,1.0087374499934136,0.7939852844174682,0.7325687477104176,0.5546183566222742,0,3.902677054272603,3.7462955044035318
1724,1724,1.0296317282856953,415,1,1,3.295836866004329,1.0473224810384547,1.0147055277003714,1.0232512658373023,1.015719197900225,1.0263843131084571,0.9949959866312726,0.8112944976246211,0.6258002855986439,0.423035857164402,0,3.9082525576088356,3.651220997830513
1725,1725,0.9949959866312726,415,0,0,0.0,0.9955163232783132,0.987818703754018,1.0381998105641388,0.9886644097649396,1.0259779888355192,1.0141909676964709,0.7927077628291277,0.6725029670790563,0.5546183566222742,0,3.852401885507099,3.663177048294485
1726,1726,1.0172024688229897,408,1,0,0.0,1.0435105494199806,1.0172024688229897,1.0555503261851054,1.009875623760096,1.06321823520511,1.005164330916258,0.8249123211161004,0.7711646606364143,0.5546183566222742,0,3.987191431926296,3.8034070841357575
1727,1727,1.03566792986984,408,0,0,0.0,1.0603531984132666,1.003916572429902,1.0576791725218326,1.009309683677839,1.0344861431961,1.005164330916258,0.8202862443392709,0.7063950542796786,0.5546183566222742,1,3.97280475847047,3.724785641303677
1728,1728,1.0248637173933617,510,0,0,0.0,1.0425707820071854,1.0019873653802,1.016019370132986,1.020501600316601,1.0517189469961394,1.0019873653802,0.8013040485562493,0.5546183566222742,0.5546183566222742,0,3.91161314769256,3.579094687699275
1729,1729,1.033623616220411,510,1,0,0.0,0.9502314839652288,0.9949959866312726,1.0592555021709624,0.9993000568565548,1.0530406100593706,1.0006607804515772,0.8310007739998975,0.6258002855986439,0.0,1,3.893528370195459,3.6207571095380486
1730,1730,1.0200434531560645,415,0,0,0.0,1.0413464078247812,1.005777194524828,1.038952174106127,1.0120789147763565,1.0622099855459406,1.005777194524828,0.8293046663001791,0.5546183566222742,0.423035857164402,0,3.9718132337770276,3.578251660448286
1731,1731,0.9986063829166985,408,1,0,0.0,0.9953681687531324,0.9986063829166985,1.0721168038432918,1.0063829237830022,1.035967107282521,0.9842999824276124,0.7695443153937457,0.423035857164402,0.423035857164402,1,3.8729963952726907,3.412325146291715
1732,1732,1.0019873653802,415,0,0,0.0,1.0390764006382212,0.9903176749711242,1.0294421492440202,1.009309683677839,1.043057293942215,0.9637291374803096,0.8212312206090928,0.7063950542796786,0.0,0,3.9328070644335487,3.6697515504089515
1733,1733,1.0218511892271116,415,0,1,3.58351893845611,1.045685272253405,0.9927072832290874,1.0655459265108618,1.0136711282744777,1.0479663517835232,1.005164330916258,0.751725067666227,0.6725029670790563,0.423035857164402,0,3.910922618214016,3.6840457094988794
1734,1734,1.0136711282744777,415,0,0,0.0,1.0521871458836192,0.9894972828240028,1.0597489586497466,1.0006607804515772,1.0471405516887569,1.013145908971509,0.761024447518017,0.7989278990573876,0.423035857164402,0,3.92010110374014,3.8022318713044765
1735,1735,1.0115369245500676,510,1,0,0.0,1.0565748717773469,0.9775519190240616,1.0568273370850396,0.999984786274994,1.013304045738776,1.009875623760096,0.7977165865059108,0.423035857164402,0.6258002855986439,1,3.9244228411070736,3.4104481862235536
1736,1736,1.0314875462798236,415,0,0,0.0,1.0354003956610682,1.004544177148741,1.0548977285679768,1.0147055277003714,1.0376914416485343,0.99719132727709,0.8293046663001791,0.6258002855986439,0.5546183566222742,0,3.9572942321777584,3.6422413177248463
1737,1737,1.033623616220411,510,0,0,0.0,1.043595040914256,0.9949959866312726,1.0565115290619105,1.0104353962561965,1.022861495288646,0.9919223562990608,0.8123395143700564,0.5546183566222742,0.5546183566222742,0,3.935307579634869,3.5519720958088037
1738,1738,1.0141909676964709,510,0,0,0.0,1.0213157573758278,0.9986063829166985,1.0453073171590817,1.0063829237830022,1.0537658118858932,1.008158792920829,0.747757924070225,0.7711646606364143,0.423035857164402,0,3.8681468104910275,3.784312760256944
1739,1739,1.0360002325774176,415,0,0,0.0,1.041728850139232,1.0109891235542634,1.0344861431961,1.022730883502586,1.008333072376422,1.0019873653802,0.8024695798580879,0.6258002855986439,0.423035857164402,0,3.887017645569842,3.661507658035693
1740,1740,1.030008664286585,415,0,0,0.0,1.0364943426379365,0.97330117724734,1.0434541355644529,1.0120789147763565,1.0537882854297511,0.9927072832290874,0.805879938962908,0.5546183566222742,0.0,0,3.9396167025950484,3.5327057318750583
1741,1741,0.978566837930225,415,0,0,0.0,1.0374351782098206,1.0167128902475082,1.0509355736560304,1.005164330916258,1.0571617241125104,0.9805436220896986,0.8091673682554217,0.6725029670790563,0.0,0,3.9546998442337826,3.6749238103325217
1742,1742,0.93826565414555,510,0,0,0.0,1.038921065848597,0.9949959866312726,1.0472705753830924,1.005164330916258,1.0461932670132652,1.016218495895403,0.749760341930018,0.423035857164402,0.423035857164402,0,3.8821452501749727,3.439414670607336
1743,1743,1.0200434531560645,408,0,0,0.0,1.0500162718517656,0.9919223562990608,1.033414261241099,0.9842999824276124,1.0464583810480494,1.0006607804515772,0.8123395143700564,0.6725029670790563,0.0,0,3.9422284285109708,3.649386086257307
1744,1744,0.9490833369538014,510,1,0,0.0,0.9503937747700364,1.0141909676964709,1.037914530946045,1.015719197900225,1.028714881576389,0.999984786274994,0.8318363985199613,0.7536533308455107,0.0,1,3.8488595858124315,3.7835482827172005
1745,1745,1.0314875462798236,510,0,0,0.0,1.0151134403074875,1.0006607804515772,0.9952196047974798,1.0006607804515772,1.0279765096234563,0.99719132727709,0.8024695798580879,0.7063950542796786,0.423035857164402,0,3.840779134586512,3.7049079424599234
1746,1746,1.0382629710766498,415,0,0,0.0,1.0250719889363462,1.0147055277003714,1.0411094823348612,1.009309683677839,1.0366252358514565,0.9894972828240028,0.7832481321537382,0.7063950542796786,0.6258002855986439,0,3.886054839276402,3.719907548481892
1747,1747,0.9979035478286284,415,0,0,0.0,1.0332390930078363,0.9765185323813282,1.0469840315592949,0.9927072832290874,1.051695408185373,1.005164330916258,0.7678971825427153,0.6725029670790563,0.5546183566222742,0,3.8998157152952193,3.6468931136057297
1748,1748,1.008158792920829,415,0,0,0.0,1.0423689551414588,0.9650147563028656,1.0271869314185005,1.0115369245500676,1.0627078833669463,1.005777194524828,0.8301569118312014,0.423035857164402,0.5546183566222742,0,3.9624206817581067,3.4053647325421634
1749,1749,0.987818703754018,510,0,0,0.0,1.0033452205422333,1.0147055277003714,1.05901665009724,1.0087374499934136,1.0225999247766815,0.9824533207775524,0.7592308162427008,0.7063950542796786,0.0,0,3.8441926116588556,3.712291352751016
1750,1750,0.9596963204464736,415,0,1,3.218875824868201,0.9974059925823574,0.9942438142135328,1.0422242519655407,1.001328241641345,1.002183505133686,1.0136711282744777,0.816401699882637,0.6258002855986439,0.5546183566222742,0,3.8582154495642214,3.635043469727999
1751,1751,1.0147055277003714,415,0,0,0.0,1.0346227055761077,1.0181675188505357,1.0161687882296784,1.0019873653802,1.0596310363806212,1.005777194524828,0.6200792281712296,0.7536533308455107,0.5546183566222742,0,3.7305017583576365,3.779585409601074
1752,1752,1.030382672860129,510,0,1,3.4011973816621555,1.0492273164114143,1.003916572429902,1.0458195032891855,1.008158792920829,1.0420209043718938,1.0126152065263214,0.8449070458972404,0.7063950542796786,0.423035857164402,0,3.981974769969734,3.7310856261567316
1753,1753,1.0349962372145658,510,0,1,3.6375861597263857,1.0376594850543748,1.0191143049145188,1.0547440640492916,1.004544177148741,1.054788022506652,0.9979035478286284,0.8293046663001791,0.6725029670790563,0.0,0,3.9764962379104976,3.694064996970945
1754,1754,1.022730883502586,510,0,0,0.0,1.026303318730503,1.0032813507727991,1.063073034761901,1.0244444982729537,1.0369833285847223,1.001328241641345,0.8374666287558015,0.7325687477104176,0.6258002855986439,0,3.9638263108329275,3.761622838397516
1755,1755,0.99719132727709,415,0,1,3.4657359027997265,1.03576786626219,1.0120789147763565,1.0596113516761645,0.996469488897356,1.0514119748935282,0.9957377918930442,0.8183653079108115,0.7063950542796786,0.423035857164402,0,3.9651565007426948,3.710681249846435
1756,1756,1.033970507409735,415,0,0,0.0,1.0347248700131249,1.016218495895403,1.0360994692785148,1.007573578755084,1.048550756542031,0.972187368078744,0.824006498432407,0.6725029670790563,0.6725029670790563,1,3.9433815942660777,3.668482409808287
1757,1757,0.996469488897356,510,0,0,0.0,1.0161190314403217,1.0069816697157885,1.068927025472325,1.0167128902475082,1.0535856142367488,0.9860873110883348,0.7592308162427008,0.6725029670790563,0.5546183566222742,0,3.8978624873920964,3.6822848381306885
1758,1758,1.0176873172212282,510,0,0,0.0,0.999984786274994,1.0126152065263214,1.0373065206212844,0.9765185323813282,1.03228190457006,1.0176873172212282,0.795245662433237,0.6725029670790563,0.6258002855986439,0,3.8648188738995755,3.6793240232079345
1759,1759,0.9942438142135328,408,0,1,3.332204510175204,0.9981857953814872,1.0063829237830022,1.056722318768174,0.99719132727709,1.0410203227048376,1.005164330916258,0.8091673682554217,0.423035857164402,0.423035857164402,0,3.9050958051099207,3.431774439140752
1760,1760,1.015719197900225,408,0,0,0.0,1.057945858607872,0.99719132727709,1.0472965356110098,0.979563883308144,1.0411094823348612,1.005164330916258,0.7914126806490488,0.5546183566222742,0.5546183566222742,0,3.9377645572027924,3.5365378981237665
1761,1761,1.0218511892271116,408,1,1,3.4011973816621555,0.9920802522879228,1.001328241641345,1.0519302420489074,0.9919223562990608,1.0549196372742196,1.005164330916258,0.7860478795856021,0.6258002855986439,0.5546183566222742,0,3.884978011196652,3.6242152144553077
1762,1762,0.9765185323813282,415,0,1,3.555348061489413,1.0314875462798236,0.9805436220896986,1.0396620085500643,1.0136711282744777,1.046431938822867,1.0032813507727991,0.7348749836529411,0.7989278990573876,0.423035857164402,0,3.8524564773056955,3.7964240001943628
1763,1763,1.0200434531560645,415,0,1,2.3978952727983707,1.0391693544220275,0.9596963204464736,1.0644858947529872,0.9765185323813282,1.0245706410175175,1.0120789147763565,0.815403362323621,0.6725029670790563,0.0,0,3.9436292525161534,3.620796734683215
1764,1764,1.020501600316601,415,0,0,0.0,1.048474955536601,0.9754660547759244,1.0499673640466722,1.020501600316601,1.0419043035236824,0.9993000568565548,0.6312910300218397,0.423035857164402,0.5546183566222742,0,3.771637653128795,3.4183035691134824
1765,1765,1.0176873172212282,415,0,0,0.0,1.0587162403776835,1.005777194524828,1.038827616770826,1.0069816697157885,1.0032174031246086,1.019581045851613,0.6416423861753442,0.7063950542796786,0.0,0,3.7424036464484622,3.738734964371908
1766,1766,1.0147055277003714,510,0,0,0.0,1.0373708934224184,1.0244444982729537,1.015969465435553,0.9942438142135328,1.0477098969444196,0.9553725127999176,0.7773928950827131,0.7325687477104176,0.423035857164402,0,3.878443150885104,3.706629572996822
1767,1767,1.0120789147763565,510,0,0,0.0,0.9953681687531324,1.0181675188505357,1.0385147654391056,1.022292995628416,1.0422242519655407,0.9986063829166985,0.8374666287558015,0.6258002855986439,0.5546183566222742,0,3.9135738149135797,3.6648671829942936
1768,1768,1.0006607804515772,510,1,0,0.0,1.025691534626503,1.004544177148741,1.0648188856348275,0.9979035478286284,1.0540794139427927,1.0141909676964709,0.8102372017222292,0.5546183566222742,0.6725029670790563,1,3.9548270359263524,3.571257049296115
1769,1769,0.9420819232681112,510,0,0,0.0,1.0313051580395565,1.0019873653802,1.014035574726766,1.0273061898515887,1.036297319045001,1.0172024688229897,0.749760341930018,0.6258002855986439,0.5546183566222742,0,3.831398393741342,3.672296309653422
1770,1770,1.0087374499934136,415,0,0,0.0,1.028405359539056,1.0063829237830022,1.022730883502586,1.0172024688229897,1.0526504997984032,1.009875623760096,0.8123395143700564,0.7711646606364143,0.6258002855986439,0,3.9161262572101014,3.804625677002502
1771,1771,0.9754660547759244,408,0,0,0.0,1.0370481448121769,1.0141909676964709,1.0532230188714953,1.022730883502586,1.0286762994476948,1.005164330916258,0.805879938962908,0.6725029670790563,0.423035857164402,0,3.9248274020942753,3.7145891491943708
1772,1772,1.033623616220411,408,0,0,0.0,1.0285216624571625,0.9993000568565548,1.0147055277003714,1.005777194524828,1.043623170346448,1.0172024688229897,0.7964892999116688,0.7063950542796786,0.0,0,3.8833396604156514,3.7286747744840514
1773,1773,1.0186431550010258,408,0,0,0.0,1.031958531714041,1.0152149060491755,1.0495741815354585,0.9993000568565548,1.0505749302683174,1.005164330916258,0.7939852844174682,0.6258002855986439,0.423035857164402,0,3.9260929279352856,3.645479579420632
1774,1774,1.004544177148741,510,1,0,0.0,1.0355677817916773,0.9860873110883348,1.0254858907232638,0.9927072832290874,1.0307168120689734,1.0063829237830022,0.749760341930018,0.6258002855986439,0.6258002855986439,0,3.841530826513932,3.610977803699068
1775,1775,0.979563883308144,415,0,0,0.0,1.062042738722444,1.0087374499934136,1.0413759386654229,0.9754660547759244,1.057390151401101,0.9911259244279969,0.8173889426906868,0.7536533308455107,0.0,1,3.978197771479655,3.728982760042846
1776,1776,1.009875623760096,415,0,1,3.332204510175204,1.0476584318174806,1.0147055277003714,1.0509355736560304,1.0032813507727991,1.041257702397473,1.0019873653802,0.8112944976246211,0.6258002855986439,0.6725029670790563,0,3.951146205495605,3.645774529452014
1777,1777,0.7711646606364143,415,0,1,3.610917912644224,1.0547660487188455,0.9754660547759244,1.0352996790210385,0.9662729529060342,1.0374030468039463,1.0191143049145188,0.7003483207827342,0.8202862443392709,0.423035857164402,0,3.8278170953265644,3.7811395569357487
1778,1778,1.001328241641345,415,0,0,0.0,1.0487271340111737,1.0147055277003714,1.066378824642583,0.9815065955444632,1.0433693851015111,0.979563883308144,0.824006498432407,0.5546183566222742,0.0,1,3.982481842187675,3.530394363175253
1779,1779,0.9957377918930442,415,0,0,0.0,1.0369508869742348,1.009309683677839,1.063200111839691,1.0115369245500676,1.0280156532119589,1.0152149060491755,0.8293046663001791,0.7536533308455107,0.423035857164402,0,3.957471318326064,3.7897148451225933
1780,1780,0.8293046663001791,415,0,0,0.0,1.0663451446467664,1.020501600316601,1.0351650559672234,0.9927072832290874,1.0512695842463071,0.987818703754018,0.815403362323621,0.6258002855986439,0.0,1,3.9681831471839173,3.62682787289835
1781,1781,0.9650147563028656,415,0,0,0.0,1.0538780663709273,1.0069816697157885,1.040481743319358,0.9942438142135328,1.0386088405277951,0.9911259244279969,0.8183653079108115,0.6258002855986439,0.5546183566222742,0,3.9513339581288918,3.6181516939559617
1782,1782,1.022292995628416,415,0,1,3.1354942159291497,1.0411984711363191,0.9402024588178788,1.0379463144765462,1.022292995628416,1.0381365648606882,1.0172024688229897,0.8143937066027327,0.7063950542796786,0.5546183566222742,0,3.931675057076286,3.686092977548963
1783,1783,1.0120789147763565,408,0,0,0.0,1.0206382245007952,0.9986063829166985,1.0558301598036814,1.0172024688229897,1.049177546259813,0.9860873110883348,0.8133725028259741,0.7063950542796786,0.7063950542796786,1,3.939018433390263,3.708291217107702
1784,1784,0.9986063829166985,415,0,1,3.367295829986474,0.9976908775504574,1.0069816697157885,1.0180718463343332,0.9927072832290874,1.050791663039621,0.9927072832290874,0.7977165865059108,0.6725029670790563,0.6258002855986439,0,3.8642709734303224,3.66489920325302
1785,1785,0.9934810060205292,415,0,0,0.0,1.0373708934224184,0.9805436220896986,1.0560655673466603,1.005777194524828,1.044403894514106,0.9934810060205292,0.7803646465744236,0.7536533308455107,0.6258002855986439,0,3.9182050018576087,3.7334551534805662
1786,1786,1.0141909676964709,415,0,0,0.0,1.0396620085500643,1.004544177148741,1.0466167134078914,0.9927072832290874,1.0348946564785717,0.978566837930225,0.8013040485562493,0.7325687477104176,0.5546183566222742,0,3.9224774269927765,3.708387046018471
1787,1787,1.0006607804515772,415,0,1,3.218875824868201,1.0370157478545738,1.008158792920829,1.0312685969895006,0.9886644097649396,1.0601786347555642,0.9986063829166985,0.8212312206090928,0.7860478795856021,0.0,0,3.9496942002087314,3.781477465188069
1788,1788,1.0209555590262906,415,0,0,0.0,1.0454696801372896,1.007573578755084,1.0249054426520634,1.005777194524828,1.0335539334655686,0.9911259244279969,0.8102372017222292,0.6725029670790563,0.7325687477104176,0,3.9141662579771506,3.6769796647869653
1789,1789,0.9765185323813282,510,0,0,0.0,1.025113537097338,0.987818703754018,1.0210909403940018,0.97330117724734,1.048322972244091,0.9911259244279969,0.8483908286189654,0.7063950542796786,0.5546183566222742,0,3.942918278354397,3.6586408597090334
1790,1790,0.9979035478286284,408,0,0,0.0,1.0380415361076007,0.9979035478286284,1.0409607877471725,0.97330117724734,1.056973943729655,0.9942438142135328,0.8212312206090928,0.7063950542796786,0.423035857164402,0,3.957207488193521,3.67184359356918
1791,1791,1.0141909676964709,415,0,0,0.0,1.0224247705163243,1.002638340774061,1.047451986713735,1.0186431550010258,1.028753432948187,0.99719132727709,0.8047572096727953,0.5546183566222742,0.423035857164402,0,3.9033873998510416,3.573091179674451
1792,1792,0.93826565414555,408,0,0,0.0,1.0536307320144938,0.99719132727709,1.050284320621803,1.0296317282856953,1.0487774016960965,0.9957377918930442,0.8013040485562493,0.7325687477104176,0.5546183566222742,0,3.9539965028886424,3.755129595166247
1793,1793,0.987818703754018,510,0,0,0.0,1.0451987545610024,0.99719132727709,1.0485255036229264,1.0006607804515772,1.0293280431865213,0.9743938320833514,0.7645193580620365,0.7063950542796786,0.5546183566222742,0,3.8875716594324863,3.678640994091697
1794,1794,0.9903176749711242,415,0,1,3.258096538021482,1.0416995432195997,0.9993000568565548,1.0564480953089646,1.0218511892271116,1.056172157784209,0.9927072832290874,0.8615801755782762,0.7063950542796786,0.5546183566222742,0,4.0158999718910495,3.7202535835924326
1795,1795,1.008158792920829,510,1,0,0.0,1.0466430487883749,1.0240216638573814,1.0455506462352555,0.9979035478286284,1.0138797039414662,1.009309683677839,0.7678971825427153,0.6258002855986439,0.5546183566222742,0,3.873970581507812,3.657035180962492
1796,1796,0.9743938320833514,510,0,1,3.5263605246161616,0.9948463899730648,1.005164330916258,1.008506765369007,0.9986063829166985,1.035900786920554,1.0069816697157885,0.7555463047707869,0.7860478795856021,0.6258002855986439,0,3.794800247033413,3.796800263134347
1797,1797,0.9949959866312726,510,0,0,0.0,1.0226872692265705,0.999984786274994,1.0420790948865386,0.97105164486998,1.0574935913648222,1.0167128902475082,0.8102372017222292,0.7063950542796786,0.423035857164402,0,3.93249715720016,3.694144375672161
1798,1798,1.0126152065263214,408,0,1,2.6390573296152584,1.046246413112336,0.97330117724734,1.028753432948187,0.985200844275134,1.0524888712336584,0.9993000568565548,0.795245662433237,0.6258002855986439,0.423035857164402,0,3.9227343797274186,3.5836023639776724
1799,1799,1.0181675188505357,510,0,0,0.0,1.0599838518650022,0.9993000568565548,1.014448901453341,1.0172024688229897,1.0496235170277342,1.0147055277003714,0.8405228745078467,0.7325687477104176,0.5546183566222742,0,3.964579144853924,3.7637768010903336
1800,1800,0.9942438142135328,415,0,0,0.0,1.033866705430432,0.9687112141532412,1.0380415361076007,0.9942438142135328,1.0547220684880043,1.019581045851613,0.749760341930018,0.7536533308455107,0.6725029670790563,1,3.876390651956055,3.7361894050638975
1801,1801,0.8836050647842439,415,0,0,0.0,1.038827616770826,1.007573578755084,1.0437915871031265,1.026907518550221,1.0459800621637945,0.999984786274994,0.7900996062387244,0.6258002855986439,0.5546183566222742,0,3.9186988722764715,3.6602661691789424
1802,1802,0.9860873110883348,415,0,0,0.0,1.0265458990419931,0.987818703754018,1.0440987597981954,1.002638340774061,1.0317417292556843,1.0063829237830022,0.8350993109078182,0.7536533308455107,0.0,0,3.937485699003691,3.7504932991565925
1803,1803,0.9624149872572304,415,0,1,3.4011973816621555,0.931424539791384,1.0115369245500676,1.0253207502000616,1.009309683677839,1.0510312588256203,1.0032813507727991,0.7034111138230227,0.6258002855986439,0.423035857164402,0,3.711187662640089,3.6499282445993497
1804,1804,1.0419043035236824,415,0,0,0.0,1.0398149028265846,0.9942438142135328,1.0506231833876123,1.001328241641345,1.047503685924683,1.005777194524828,0.8143937066027327,0.6258002855986439,0.5546183566222742,0,3.9523354787416123,3.6271495359783494
1805,1805,0.978566837930225,415,0,0,0.0,1.0301586166553425,1.007573578755084,1.0353332750537292,1.0120789147763565,1.0430857532729936,0.999984786274994,0.7803646465744236,0.6725029670790563,0.5546183566222742,0,3.8889422915564893,3.692140246885491
1806,1806,1.026907518550221,510,0,0,0.0,1.053967666643577,0.9911259244279969,1.0429718105027068,0.9919223562990608,1.052442584160067,1.005164330916258,0.8091673682554217,0.6258002855986439,0.423035857164402,0,3.958549429561773,3.614012897241959
1807,1807,1.0136711282744777,510,0,0,0.0,1.021360598591922,0.978566837930225,1.0472705753830924,0.9824533207775524,1.0408713420527342,1.005777194524828,0.8133725028259741,0.7325687477104176,0.423035857164402,0,3.922875018853723,3.699366100943023
1808,1808,0.987818703754018,415,0,0,0.0,1.042714406447232,1.0120789147763565,1.0468531860495816,0.9979035478286284,1.0425132070302552,1.002638340774061,0.8275744235987819,0.6258002855986439,0.0,0,3.959655223125851,3.63842108897769
1809,1809,1.0104353962561965,510,0,0,0.0,0.9976197986917388,0.9919223562990608,1.037499375205421,0.99719132727709,1.0314146742296766,0.9805436220896986,0.8405228745078467,0.6725029670790563,0.6258002855986439,0,3.9070567226346826,3.6421602727449063
1810,1810,0.98338429212101,510,0,0,0.0,1.0467219638044187,1.020501600316601,1.0472705753830924,1.0147055277003714,1.0642742472010065,1.015719197900225,0.7574051097683623,0.6725029670790563,0.423035857164402,0,3.91567189615688,3.7234292929962534
1811,1811,0.987818703754018,415,0,0,0.0,1.0435105494199806,0.9903176749711242,1.0330984933326917,0.9927072832290874,0.9986063829166985,1.001328241641345,0.741511301806249,0.7325687477104176,0.423035857164402,0,3.8167267274756194,3.716921947551974
1812,1812,1.026907518550221,408,0,0,0.0,0.8615801755782762,1.0147055277003714,1.0321025229639411,1.0167128902475082,1.0450354269275155,0.9894972828240028,0.805879938962908,0.7325687477104176,0.423035857164402,0,3.744598064432641,3.7534844484823
1813,1813,1.0006607804515772,415,0,1,3.367295829986474,1.0448167478013748,1.0006607804515772,0.9777563608031252,0.9911259244279969,1.0578844591671428,0.972187368078744,0.747757924070225,0.6258002855986439,0.423035857164402,0,3.828215491841868,3.5897743585569617
1814,1814,1.033623616220411,415,0,0,0.0,1.021895548042924,1.0120789147763565,1.038702727001753,0.9979035478286284,1.0197665246530387,1.007573578755084,0.8133725028259741,0.6725029670790563,0.0,0,3.8937373025236894,3.6900590084391256
1815,1815,0.9986063829166985,408,0,0,0.0,1.0460867889468028,1.008158792920829,1.0341085584241267,0.987818703754018,1.053720830753791,1.0126152065263214,0.6013525312800371,0.7325687477104176,0.423035857164402,0,3.7352687094047576,3.7411614509115863
1816,1816,0.9919223562990608,408,0,1,3.5263605246161616,1.0463260164676929,0.9993000568565548,1.0526504997984032,0.9942438142135328,1.0497466204510668,0.99719132727709,0.8334834996046646,0.6258002855986439,0.423035857164402,0,3.9822066363218274,3.6165354839458215
1817,1817,0.987818703754018,415,1,0,0.0,1.0615935659481994,1.0152149060491755,1.042943280806908,0.9869597981852865,1.0469578925001817,0.9860873110883348,0.7574051097683623,0.6258002855986439,0.423035857164402,1,3.9088998490236513,3.6140623009214408
1818,1818,1.0468793852262814,415,0,1,3.4657359027997265,1.0680944894959363,0.9934810060205292,1.0267872770162343,1.004544177148741,1.042108162740893,1.0006607804515772,0.8001236021366125,0.7536533308455107,0.6258002855986439,0,3.9371135313896763,3.752339294466358
1819,1819,0.9942438142135328,415,1,1,3.258096538021482,1.0637941979647991,1.0109891235542634,1.0451171634905694,0.9824533207775524,1.0514593382656887,1.0126152065263214,0.8293046663001791,0.7063950542796786,0.423035857164402,0,3.9896753660212365,3.712452705137816
1820,1820,1.0292518223263003,408,0,1,3.58351893845611,0.9731907605083868,0.9842999824276124,1.0395393314192345,0.996469488897356,1.02832766872792,0.98338429212101,0.8420101129338243,0.423035857164402,0.423035857164402,0,3.883067873589366,3.3871896206103806
1821,1821,0.917610260115658,510,0,1,3.295836866004329,1.0548977285679768,1.022292995628416,1.0534046850711534,1.007573578755084,1.0360994692785148,1.0273061898515887,0.7860478795856021,0.7860478795856021,0.423035857164402,0,3.930449762503247,3.843220643820691
1822,1822,0.8638627871008836,408,0,0,0.0,1.043341100287541,1.0006607804515772,1.0451987545610024,1.0069816697157885,1.044734473637668,1.005777194524828,0.7818171316562723,0.6258002855986439,0.6258002855986439,0,3.915091460142484,3.6392199302908375
1823,1823,1.0172024688229897,415,0,1,3.4657359027997265,1.0618748437902648,0.9942438142135328,1.056973943729655,0.97330117724734,1.0502113743438826,1.0109891235542634,0.7818171316562723,0.6725029670790563,0.0,0,3.9508772935200747,3.6510370820941924
1824,1824,1.0252793777568705,510,0,1,3.6375861597263857,1.0494010817561192,1.003916572429902,1.049942890243846,0.985200844275134,1.013409197495172,1.009309683677839,0.7989278990573876,0.6725029670790563,0.423035857164402,0,3.9116810685525247,3.6709300674619314
1825,1825,0.9927072832290874,408,0,1,2.833213344056216,1.0259779888355192,0.9942438142135328,1.0416115111330717,1.0186431550010258,1.0482975920994524,0.9894972828240028,0.8133725028259741,0.7536533308455107,0.0,0,3.929259594894017,3.7560375828840717
1826,1826,1.022730883502586,415,0,1,3.6375861597263857,0.9841180448428272,1.003916572429902,1.03619849783288,1.0265055527832043,1.0324249267957548,0.999984786274994,0.7743279928495146,0.8293046663001791,0.0,0,3.8270694623209764,3.8597115777882793
1827,1827,1.0261002420274623,415,0,0,0.0,1.043028817050272,0.9927072832290874,1.0515066517122882,0.9894972828240028,1.066395654683317,0.9986063829166985,0.8221661298163554,0.6725029670790563,0.6258002855986439,0,3.9830972532622324,3.6533139160488455
1828,1828,0.9824533207775524,510,0,0,0.0,1.016218495895403,1.003916572429902,1.0587965513432556,1.0032813507727991,1.060003369344985,1.001328241641345,0.8173889426906868,0.5546183566222742,0.5546183566222742,0,3.9524073592743303,3.56314452146632
1829,1829,0.9507170793714552,415,0,0,0.0,1.0356345707386123,1.001328241641345,1.0311220734769209,1.0176873172212282,1.0233805066343973,1.0032813507727991,0.7645193580620365,0.6258002855986439,0.5546183566222742,0,3.8546565089119667,3.648097195234016
1830,1830,0.9824533207775524,510,0,1,3.4657359027997265,1.056172157784209,0.978566837930225,1.046748238488591,0.9662729529060342,1.0384519435813513,0.98338429212101,0.7977165865059108,0.5546183566222742,0.6725029670790563,0,3.9390889263600624,3.482842439579543
1831,1831,1.005777194524828,415,1,0,0.0,1.0514593382656887,1.002638340774061,1.0257325597118,1.007573578755084,1.0552904390300182,1.0235951562943069,0.7662224715044368,0.7536533308455107,0.0,0,3.8987048085119436,3.7874604066689628
1832,1832,1.030382672860129,510,0,0,0.0,1.0345203206527556,0.979563883308144,1.0455776031406427,0.9507170793714552,1.0369184229946713,0.9942438142135328,0.7302124673395967,0.5546183566222742,0.6258002855986439,0,3.8472288141276665,3.4791431335154064
1833,1833,1.0486768104764748,415,0,0,0.0,1.0160692254379602,1.022730883502586,1.0559801095390904,1.005777194524828,1.0602757008679575,0.9860873110883348,0.8318363985199613,0.6725029670790563,0.0,0,3.9641614343649687,3.687098356194805
1834,1834,0.9765185323813282,415,0,0,0.0,1.0378508992433866,0.9687112141532412,1.0567853597659889,0.9911259244279969,1.0574935913648222,0.9842999824276124,0.7773928950827131,0.6725029670790563,0.423035857164402,0,3.9295227454569104,3.616640088087907
1835,1835,0.987818703754018,415,0,0,0.0,1.0105466214775352,0.9927072832290874,1.0399672975582703,1.0006607804515772,1.0535178518192745,1.025691534626503,0.7927077628291277,0.7063950542796786,0.423035857164402,0,3.8967395336842072,3.7254546525868464
1836,1836,0.932077249682868,415,0,1,3.258096538021482,1.0246126165613827,1.0063829237830022,1.0680783179314468,1.008158792920829,1.017493940096853,1.0126152065263214,0.8326639275093545,0.7325687477104176,0.5546183566222742,0,3.942848802099037,3.75972567094057
1837,1837,1.0069816697157885,415,0,1,3.6635616461296463,1.0453344176589752,0.9637291374803096,1.0457926885777766,0.99719132727709,1.0634351238630817,0.987818703754018,0.7758724080478123,0.6725029670790563,0.0,0,3.930434638147646,3.6212421355904745
1838,1838,1.0235951562943069,415,0,0,0.0,1.0275833260642635,0.979563883308144,1.047529513507924,1.0006607804515772,1.0554205731977775,0.9754660547759244,0.825808803625318,0.6725029670790563,0.6258002855986439,0,3.9563422163952833,3.6281936856147023
1839,1839,1.001328241641345,415,0,0,0.0,1.0511505795518088,1.0120789147763565,1.014448901453341,1.004544177148741,1.0126152065263214,1.003916572429902,0.6972029660970256,0.6725029670790563,0.7063950542796786,1,3.775417653628497,3.6930426314340554
1840,1840,1.0109891235542634,415,0,0,0.0,1.0297451189791813,0.98338429212101,1.0349624011565233,0.9934810060205292,1.0460867889468028,1.020501600316601,0.825808803625318,0.7063950542796786,0.5546183566222742,0,3.9366031127078256,3.703761952737819
1841,1841,0.9474052700602774,408,0,0,0.0,1.0301586166553425,1.005777194524828,1.0399672975582703,1.001328241641345,1.051055148327961,0.999984786274994,0.8183653079108115,0.6258002855986439,0.423035857164402,0,3.939546370452385,3.6328905080398104
1842,1842,1.013145908971509,415,0,1,3.7612001156935615,1.0271869314185005,1.005777194524828,1.034074083243674,1.005777194524828,1.0604691868881282,1.005777194524828,0.8036205267754964,0.7536533308455107,0.0,0,3.9253507283257996,3.7709849144199943
1843,1843,0.92987564040383,510,0,0,0.0,1.060681033423442,1.009875623760096,1.029669554825151,0.999984786274994,1.0440430625379118,1.0006607804515772,0.7457165247157388,0.6725029670790563,0.6258002855986439,0,3.8801101755022436,3.6830241575657237
1844,1844,0.9227903399258666,415,0,0,0.0,1.0423978415388635,0.9824533207775524,1.017639042845407,0.9911259244279969,1.0497220266044227,1.033623616220411,0.7832481321537382,0.6725029670790563,0.0,0,3.8930070431424313,3.679705828505017
1845,1845,1.0104353962561965,510,0,0,0.0,1.0552904390300182,1.007573578755084,1.058353008607389,1.0235951562943069,1.0453615021341385,1.0115369245500676,0.8069890155045473,0.5546183566222742,0.6258002855986439,1,3.9659939652760925,3.597324016221733
1846,1846,0.9775519190240616,408,0,0,0.0,1.0430857532729936,0.9934810060205292,1.0534046850711534,0.9743938320833514,1.038983261688513,0.98338429212101,0.819331006683021,0.423035857164402,0.0,0,3.954804706715681,3.374294987389293
1847,1847,0.9662729529060342,510,1,1,3.4657359027997265,1.0506472905629405,0.9860873110883348,1.0416995432195997,0.9869597981852865,1.051055148327961,0.9869597981852865,0.7874176770111411,0.6258002855986439,0.423035857164402,0,3.930819659121642,3.5858071930575517
1848,1848,0.9662729529060342,510,0,0,0.0,1.0412280962126754,1.002638340774061,1.0120249740131546,1.020501600316601,1.0495741815354585,1.0115369245500676,0.761024447518017,0.6725029670790563,0.0,0,3.863851699279306,3.7071798327197856
1849,1849,1.0413168581813366,415,0,0,0.0,1.0248219565481422,0.999984786274994,1.0375955065726628,0.999984786274994,1.0106021437152934,1.0126152065263214,0.7457165247157388,0.6725029670790563,0.0,0,3.818736131551837,3.685087746155366
1850,1850,1.008158792920829,415,0,0,0.0,1.036853427814295,0.987818703754018,1.0536758041583776,0.9986063829166985,1.0437355165958448,1.004544177148741,0.8013040485562493,0.7325687477104176,0.423035857164402,0,3.9355687971247666,3.7235380115298753
1851,1851,1.0218511892271116,415,0,0,0.0,0.9974773564400066,1.008158792920829,1.049177546259813,1.0115369245500676,1.047555326430231,0.987818703754018,0.8284438879783939,0.6725029670790563,0.5546183566222742,0,3.9226541171084444,3.6800173883039706
1852,1852,0.9927072832290874,510,0,0,0.0,0.9977618618728002,0.99719132727709,1.0313416912368776,0.9934810060205292,1.0271869314185005,1.0115369245500676,0.7832481321537382,0.7063950542796786,0.423035857164402,0,3.8395386166819163,3.7086043121273655
1853,1853,1.002638340774061,415,0,1,3.332204510175204,1.0498448620527454,1.002638340774061,1.0532457676430818,0.978566837930225,1.042108162740893,0.996469488897356,0.7711646606364143,0.6725029670790563,0.0,0,3.916363453073134,3.6501776346806984
1854,1854,1.0063829237830022,510,0,0,0.0,1.0313416912368776,0.9986063829166985,1.0616499676282602,1.013145908971509,1.050284320621803,0.97330117724734,0.7832481321537382,0.6258002855986439,0.0,0,3.9265241116406795,3.6108537547341912
1855,1855,1.0186431550010258,415,0,0,0.0,1.0311587463306209,1.002638340774061,1.0448715153996355,0.9957377918930442,1.052558212160132,0.999984786274994,0.815403362323621,0.7325687477104176,0.5546183566222742,0,3.9439918362140096,3.730929666652517
1856,1856,1.0455506462352555,510,0,0,0.0,0.9537064258506516,1.015719197900225,1.0279765096234563,0.9886644097649396,1.040781723904435,0.9754660547759244,0.8001236021366125,0.6725029670790563,0.5546183566222742,0,3.822588261515156,3.652352629520146
1857,1857,0.9979035478286284,415,0,1,3.49650756146648,1.0125618306474249,1.0141909676964709,1.0523962491480654,1.0006607804515772,1.0180239413955,1.009875623760096,0.8102372017222292,0.7860478795856021,0.0,0,3.8932192229132188,3.8107752514937463
1858,1858,1.0019873653802,415,0,0,0.0,1.057224140094589,1.0141909676964709,1.0312320080475197,0.99719132727709,1.0592555021709624,0.9986063829166985,0.7325687477104176,0.7063950542796786,0.423035857164402,0,3.880280398023489,3.716383732169938
1859,1859,0.979563883308144,415,0,0,0.0,1.0460867889468028,1.009875623760096,1.0362644016295142,0.999984786274994,1.0377552896800246,0.9687112141532412,0.8212312206090928,0.6258002855986439,0.423035857164402,0,3.9413377008654344,3.604371909786975
1860,1860,0.6725029670790563,510,1,0,0.0,1.02581450661461,0.9949959866312726,1.0664461050350449,0.9979035478286284,1.045846302286853,0.9894972828240028,0.7846582031691327,0.6725029670790563,0.0,0,3.922765117105641,3.6548997843629607
1861,1861,1.026907518550221,408,0,1,3.258096538021482,1.05200045296447,1.003916572429902,1.0527195907273483,1.008158792920829,1.0483736899640017,0.9957377918930442,0.8334834996046646,0.5546183566222742,0.6258002855986439,0,3.9865772332604847,3.5624315138660494
1862,1862,1.0240216638573814,415,0,0,0.0,1.0282887765244817,1.005164330916258,1.0546119269551917,1.0109891235542634,1.0665132795535504,1.008158792920829,0.8080847309801162,0.5546183566222742,0.423035857164402,0,3.95749871401334,3.5789306040136246
1863,1863,0.9624149872572304,408,0,0,0.0,1.0261409250907056,0.9637291374803096,1.043114195062613,1.0006607804515772,1.067492003150079,1.0087374499934136,0.7887680926690985,0.6258002855986439,0.0,0,3.9255152159724958,3.5989276535239445
1864,1864,0.9420819232681112,408,0,1,3.58351893845611,1.044237708534132,1.005777194524828,1.05509451851203,0.9942438142135328,1.0461400590025884,1.0006607804515772,0.816401699882637,0.6725029670790563,0.6258002855986439,0,3.9618739859313874,3.673184756268994
1865,1865,0.9402024588178788,415,0,0,0.0,1.0279765096234563,0.9568484637059635,1.055593492831145,0.999984786274994,1.0050408884477555,1.013145908971509,0.7536533308455107,0.6725029670790563,0.5546183566222742,0,3.8422642217478673,3.642482126031523
1866,1866,1.0214053992395804,415,1,0,0.0,1.04011919575166,1.0069816697157885,0.9743938320833514,0.9986063829166985,1.047684171665435,1.005777194524828,0.8284438879783939,0.6725029670790563,0.423035857164402,0,3.8906410874788406,3.6838682142363712
1867,1867,1.0063829237830022,415,0,0,0.0,1.0476326773852866,1.0087374499934136,1.0404215144187952,0.9775519190240616,1.0182152865888128,0.979563883308144,0.7393445645824166,0.6258002855986439,0.6258002855986439,0,3.8456140429753107,3.591653537924263
1868,1868,1.0063829237830022,510,0,0,0.0,1.042714406447232,1.020501600316601,1.047761303856438,0.9815065955444632,1.0415527300850602,0.99719132727709,0.815403362323621,0.7536533308455107,0.0,0,3.9474318027123507,3.752852853983665
1869,1869,0.9903176749711242,415,0,1,3.4339872044851463,1.060834458596364,1.005777194524828,1.0569321058514107,0.9903176749711242,1.0385147654391056,1.015719197900225,0.7818171316562723,0.7325687477104176,0.6258002855986439,0,3.9380984615431527,3.7443828151065945
1870,1870,1.0087374499934136,415,0,0,0.0,1.0214501593863263,1.008158792920829,1.045604544177902,1.0019873653802,1.0337279494312492,1.0136711282744777,0.8173889426906868,0.6725029670790563,0.423035857164402,0,3.9181715956861645,3.696320253654563
1871,1871,1.008158792920829,510,0,1,3.58351893845611,1.0519536579128106,1.0120789147763565,1.059532524035541,1.0191143049145188,1.06029508817832,0.9775519190240616,0.805879938962908,0.7325687477104176,0.7063950542796786,0,3.9776612090895793,3.7413138864253543
1872,1872,1.016218495895403,510,0,0,0.0,1.0249887866330991,1.0141909676964709,1.05200045296447,1.009309683677839,1.047991917804974,0.996469488897356,0.7678971825427153,0.5546183566222742,0.6725029670790563,1,3.8928783399452582,3.5745884968939405
1873,1873,1.0087374499934136,415,0,0,0.0,1.0605656085643635,1.007573578755084,1.0534499862429318,1.0152149060491755,1.0541017297682356,1.0152149060491755,0.7964892999116688,0.7063950542796786,0.5546183566222742,1,3.9646066244871996,3.7443984451331134
1874,1874,1.016218495895403,415,0,0,0.0,1.0570366261637096,1.005164330916258,1.0130930871969863,1.015719197900225,1.0559801095390904,1.005164330916258,0.8374666287558015,0.5546183566222742,0.0,0,3.9635764516555874,3.5806662163550147
1875,1875,0.9894972828240028,415,0,0,0.0,1.0340050577700552,0.985200844275134,1.0199513148321,0.9869597981852865,1.040541894378512,1.001328241641345,0.7914126806490488,0.423035857164402,0.7325687477104176,1,3.8859109476297164,3.396524741266168
1876,1876,1.022292995628416,415,0,0,0.0,1.0055940915440948,1.0115369245500676,1.0562572453934476,1.0252793777568705,1.0419917816691444,1.0019873653802,0.7846582031691327,0.5546183566222742,0.423035857164402,0,3.88850132177582,3.5934220243094126
1877,1877,0.9775519190240616,510,0,0,0.0,1.0215841974938875,1.0032813507727991,1.053698323144315,1.016218495895403,1.042943280806908,1.003916572429902,0.805879938962908,0.5546183566222742,0.423035857164402,0,3.924105740408018,3.5780347757203783
1878,1878,0.851732346927839,510,0,0,0.0,1.025609380921347,0.9911259244279969,1.0332390930078363,1.0240216638573814,1.0521871458836192,0.98338429212101,0.7743279928495146,0.6725029670790563,0.5546183566222742,0,3.885363612662317,3.671034847485445
1879,1879,1.0136711282744777,415,0,0,0.0,1.0018561984610783,1.0006607804515772,1.026465173075463,0.9765185323813282,1.0415233115985725,1.005777194524828,0.7989278990573876,0.6725029670790563,0.6258002855986439,0,3.868772582192501,3.65545947443679
1880,1880,1.016218495895403,510,1,0,0.0,1.030679799990252,0.979563883308144,1.045062688643987,1.0109891235542634,1.0345544735132215,0.9894972828240028,0.7989278990573876,0.5546183566222742,0.6258002855986439,1,3.909224861204848,3.5346686463086847
1881,1881,1.0152149060491755,415,0,1,3.6375861597263857,1.0325675221964723,1.0069816697157885,1.0679324960108216,1.013145908971509,1.044182179416886,0.9919223562990608,0.816401699882637,0.7063950542796786,0.423035857164402,0,3.9610838975068168,3.718444989266037
1882,1882,1.0231649163770178,415,0,0,0.0,1.0387652135428778,1.0136711282744777,1.0714949265919222,1.013145908971509,1.027622788125207,0.972187368078744,0.7758724080478123,0.7325687477104176,0.6725029670790563,0,3.913755336307819,3.731573153035148
1883,1883,0.9754660547759244,510,0,0,0.0,1.0186431550010258,0.9860873110883348,1.0407218823608209,1.0120789147763565,1.052994891163563,1.003916572429902,0.8123395143700564,0.6258002855986439,0.5546183566222742,0,3.924699442895466,3.627883083893237
1884,1884,0.9911259244279969,408,0,0,0.0,0.9927072832290874,0.9903176749711242,1.0585148166103155,0.9927072832290874,1.0017247041352164,1.008158792920829,0.7846582031691327,0.6725029670790563,0.423035857164402,0,3.837605007143752,3.663686718200097
1885,1885,1.0032813507727991,510,0,1,2.8903717578961645,1.0424555602626822,0.979563883308144,1.041257702397473,0.9886644097649396,1.0431426193310451,1.0006607804515772,0.825808803625318,0.7536533308455107,0.0,0,3.9526646856165186,3.722542404370172
1886,1886,0.9362682541349638,510,0,0,0.0,1.00839103502399,1.0069816697157885,1.055159921602505,1.003916572429902,1.0616687519058752,1.015719197900225,0.7555463047707869,0.7536533308455107,0.0,0,3.880766013303157,3.780270770891426
1887,1887,0.9687112141532412,415,0,0,0.0,1.0409905647614597,1.005777194524828,1.0290990186556717,1.0120789147763565,1.0477356076696798,1.0063829237830022,0.8013040485562493,0.5546183566222742,0.5546183566222742,0,3.9191292396430604,3.578857389706461
1888,1888,1.0141909676964709,408,1,0,0.0,1.0382314014560148,0.9805436220896986,1.0349962372145658,1.001328241641345,1.0414938744412832,0.9949959866312726,0.8358958109502946,0.5546183566222742,0.423035857164402,1,3.9506173240621583,3.5314862069845905
1889,1889,0.9993000568565548,415,0,0,0.0,1.0393238677571432,1.001328241641345,1.0624873025479606,0.9993000568565548,1.005898906224046,1.0104353962561965,0.7743279928495146,0.7711646606364143,0.423035857164402,0,3.8820380693786647,3.7822283553905103
1890,1890,1.001328241641345,408,0,0,0.0,1.06372262211004,1.0032813507727991,1.0226872692265705,0.9979035478286284,1.0459533414800852,0.9942438142135328,0.0,0.0,0.0,0,3.1323632328166955,2.9954287128149604
1891,1891,1.0109891235542634,415,0,0,0.0,1.0347248700131249,0.999984786274994,1.027662218124235,0.9903176749711242,1.0433127981109744,1.0136711282744777,0.6939710885058578,0.6725029670790563,0.5546183566222742,0,3.799670974754192,3.6764765565996527
1892,1892,0.8836050647842439,408,0,0,0.0,1.046272962986625,1.0120789147763565,1.0470362647247664,1.0019873653802,1.053720830753791,0.9942438142135328,0.7939852844174682,0.7063950542796786,0.0,0,3.9410153428826513,3.714705148649768
1893,1893,1.0369833285847223,415,0,0,0.0,1.034826814838484,1.0280938456756414,1.0103796930320943,0.9911259244279969,0.9632069654383014,1.0019873653802,0.7818171316562723,0.6725029670790563,0.0,0,3.790230604965152,3.6937101025628944
1894,1894,1.028482925863037,415,0,0,0.0,1.024233536561571,1.003916572429902,1.0589767143558804,0.9986063829166985,1.0461134317386946,1.0104353962561965,0.6465299590594425,0.6725029670790563,0.5546183566222742,0,3.775853641715589,3.6854613186818534
1895,1895,1.013145908971509,408,0,0,0.0,1.0295559860672423,0.979563883308144,1.0550071640756122,0.9815065955444632,1.0313416912368776,0.9886644097649396,0.8275744235987819,0.6725029670790563,0.0,0,3.9434792649785146,3.6222378556966035
1896,1896,1.0032813507727991,415,1,0,0.0,1.0207290988155526,0.9553725127999176,1.0493266926677718,0.999984786274994,1.0468793852262814,0.9824533207775524,0.8173889426906868,0.6725029670790563,0.423035857164402,0,3.9343241194002925,3.610313586931521
1897,1897,1.013145908971509,408,0,0,0.0,1.050550784298696,0.9986063829166985,1.0508636759093637,1.0141909676964709,1.0601591955710046,1.005777194524828,0.8249123211161004,0.7711646606364143,0.5546183566222742,0,3.986485976895165,3.7897392057744117
1898,1898,1.005777194524828,415,0,0,0.0,1.061082626036811,1.0006607804515772,1.0640082145039909,1.0063829237830022,1.0601786347555642,1.0172024688229897,0.7278042077485497,0.6258002855986439,0.5546183566222742,1,3.9130736830449155,3.6500464586562127
1899,1899,0.979563883308144,415,0,0,0.0,1.005164330916258,0.99719132727709,1.043341100287541,1.0167128902475082,1.0087949602426414,1.015719197900225,0.8420101129338243,0.7711646606364143,0.0,0,3.8993105043802645,3.8007880760612376
1900,1900,0.979563883308144,415,0,1,3.4657359027997265,1.011754411573233,0.9957377918930442,1.0487774016960965,0.9860873110883348,1.0541017297682356,1.003916572429902,0.8301569118312014,0.6725029670790563,0.423035857164402,0,3.944790454868766,3.658244642490337
1901,1901,0.9765185323813282,415,0,0,0.0,1.049942890243846,1.0069816697157885,1.0440151885968536,1.003916572429902,1.0323534691832597,1.0069816697157885,0.7914126806490488,0.6258002855986439,0.5546183566222742,0,3.917724228673008,3.6436801974601223
1902,1902,0.9743938320833514,415,0,0,0.0,1.0122941091112052,1.001328241641345,0.9997119542955608,0.9824533207775524,1.0387339806992983,0.9986063829166985,0.8047572096727953,0.6258002855986439,0.6258002855986439,0,3.85549725377886,3.6081882309342395
1903,1903,1.0032813507727991,415,0,0,0.0,1.0488526987556652,1.013145908971509,1.0522336977606048,1.0181675188505357,1.039906399417967,1.0181675188505357,0.0,0.0,0.6258002855986439,0,3.140992795934237,3.0494809466725803
1904,1904,1.0120789147763565,415,0,0,0.0,1.0188321489445942,0.9911259244279969,1.030494310833403,0.9949959866312726,1.0482975920994524,0.985200844275134,0.8318363985199613,0.6258002855986439,0.0,0,3.9294604503974107,3.5971230409330475
1905,1905,0.9596963204464736,415,0,1,3.5263605246161616,1.0321384531565971,0.9815065955444632,1.0609300752912774,0.9650147563028656,1.0292136667183611,0.9842999824276124,0.8350993109078182,0.6725029670790563,0.0,0,3.9573815060740536,3.6033243013539975
1906,1906,1.009875623760096,408,0,1,3.4011973816621555,1.0438475894039112,1.0152149060491755,1.053810747639611,1.0109891235542634,1.0639726188805614,0.9775519190240616,0.815403362323621,0.7063950542796786,0.423035857164402,0,3.9770343182477044,3.7101510029071787
1907,1907,1.0152149060491755,408,0,1,3.828641396489095,1.0268273905547514,0.9919223562990608,1.0266667376343306,0.9979035478286284,1.0451443766562367,1.0087374499934136,0.8374666287558015,0.7063950542796786,0.423035857164402,0,3.93610513360112,3.7049584084007816
1908,1908,0.9824533207775524,415,0,0,0.0,1.058836651675072,1.0109891235542634,1.0438755650247635,0.999984786274994,1.0335887875940006,0.9957377918930442,0.7457165247157388,0.7063950542796786,0.6258002855986439,0,3.8820175290095746,3.71310675600198
1909,1909,0.9957377918930442,415,0,0,0.0,1.0555287270703315,0.9903176749711242,1.0315966470167877,0.9942438142135328,1.0352996790210385,1.0019873653802,0.7645193580620365,0.7536533308455107,0.423035857164402,0,3.886944411170194,3.740202185410368
1910,1910,1.009875623760096,415,0,0,0.0,1.036428759510812,1.015719197900225,1.0236807544808082,1.016218495895403,1.0482721977454297,0.9949959866312726,0.7860478795856021,0.7325687477104176,0.6725029670790563,1,3.894429591322652,3.7595024281373184
1911,1911,0.9919223562990608,510,0,0,0.0,1.0393238677571432,1.009309683677839,1.034588601810145,1.001328241641345,1.0440987597981954,1.0006607804515772,0.7977165865059108,0.6725029670790563,0.6725029670790563,0,3.9157278158713944,3.6838016728498175
1912,1912,1.002638340774061,415,0,0,0.0,1.0418751073916055,0.9993000568565548,1.0444315338394092,1.0032813507727991,1.0607194404599667,0.9824533207775524,0.8649797175440861,0.6258002855986439,0.423035857164402,0,4.012005799235068,3.6108350140055503
1913,1913,1.0109891235542634,415,0,0,0.0,1.0406619637145555,1.008158792920829,1.029480124708802,1.0006607804515772,1.0478895672438726,1.003916572429902,0.8001236021366125,0.6258002855986439,0.5546183566222742,0,3.9181552578038428,3.638536431400952
1914,1914,0.9903176749711242,510,0,0,0.0,1.05831246316127,1.0063829237830022,1.028753432948187,1.0120789147763565,1.0505749302683174,0.99719132727709,0.8013040485562493,0.5546183566222742,0.0,0,3.9389448749340237,3.5702715224587234
1915,1915,1.030382672860129,415,1,0,0.0,1.0383890373747378,1.015719197900225,1.0424843926306362,1.001328241641345,1.0511982192666012,0.9942438142135328,0.7773928950827131,0.7063950542796786,0.0,0,3.9094645443546883,3.7176863080347817
1916,1916,0.9553725127999176,510,0,0,0.0,0.95655613757298,1.0069816697157885,1.0518833735857838,1.005164330916258,1.0512458085155874,1.013145908971509,0.8036205267754964,0.6725029670790563,0.5546183566222742,0,3.8633058464498475,3.697794876682612
1917,1917,0.9402024588178788,415,0,0,0.0,1.0664629085782709,1.0063829237830022,1.0523498661056607,0.9596963204464736,1.0265458990419931,0.9842999824276124,0.7278042077485497,0.6258002855986439,0.423035857164402,1,3.8731628814744745,3.5761795122557323
1918,1918,1.0032813507727991,415,0,1,3.610917912644224,1.0160692254379602,1.0167128902475082,1.0358675917931597,1.0063829237830022,1.0623396212953615,1.0176873172212282,0.7832481321537382,0.6725029670790563,0.423035857164402,1,3.8975245706802193,3.713286098330795
1919,1919,1.009875623760096,510,0,0,0.0,1.0458730855877978,1.0152149060491755,1.0330984933326917,0.9986063829166985,1.0237234977398957,1.0032813507727991,0.825808803625318,0.7536533308455107,0.6258002855986439,0,3.9285038802857035,3.770755970584184
1920,1920,0.9624149872572304,510,0,0,0.0,1.0330280376909131,0.99719132727709,1.052696572280719,1.0069816697157885,1.0405118285674926,1.005164330916258,0.8183653079108115,0.423035857164402,0.5546183566222742,0,3.944601746449936,3.432373185073539
1921,1921,0.958289233840266,408,0,0,0.0,1.0515066517122882,1.0126152065263214,1.0204103082293488,1.015719197900225,1.0511744057236203,1.016218495895403,0.8001236021366125,0.5546183566222742,0.7860478795856021,1,3.9232149678018704,3.5991712569442242
1922,1922,0.972187368078744,415,0,1,3.1354942159291497,1.0442931706566545,0.987818703754018,1.0196274803686236,0.9911259244279969,1.05200045296447,0.9754660547759244,0.7645193580620365,0.7063950542796786,0.423035857164402,0,3.8804404620517845,3.660805737237618
1923,1923,1.015719197900225,408,0,0,0.0,1.0293661085264036,1.0069816697157885,1.039200297986071,1.009309683677839,0.9596963204464736,1.0209555590262906,0.8091673682554217,0.7711646606364143,0.0,0,3.83743009521437,3.808411573056332
1924,1924,0.9765185323813282,510,0,1,3.4339872044851463,1.015668994947909,0.9979035478286284,1.0526504997984032,0.996469488897356,1.0440430625379118,1.0252793777568705,0.7939852844174682,0.5546183566222742,0.5546183566222742,0,3.9063478417016926,3.5742707711051294
1925,1925,0.9362682541349638,510,1,0,0.0,1.0496235170277342,1.002638340774061,1.059512794882521,1.0063829237830022,1.0476069083535615,0.9986063829166985,0.741511301806249,0.6258002855986439,0.0,0,3.8982545220700655,3.6334279330724053
1926,1926,1.0200434531560645,408,0,0,0.0,1.0480685296039305,0.9860873110883348,1.0566591875350635,1.001328241641345,1.0543020700169443,0.9942438142135328,0.8366848759673883,0.5546183566222742,0.0,0,3.9957146631233265,3.5362777235654868
1927,1927,1.0141909676964709,408,1,0,0.0,1.044734473637668,1.015719197900225,1.0396007102883906,0.9860873110883348,1.0369833285847223,0.9949959866312726,0.761024447518017,0.5546183566222742,0.5546183566222742,1,3.882342960028798,3.5514208522421065
1928,1928,1.007573578755084,408,0,1,3.49650756146648,1.046748238488591,1.007573578755084,1.008506765369007,0.972187368078744,1.0412280962126754,1.025691534626503,0.7874176770111411,0.7325687477104176,0.7325687477104176,1,3.8839007770814145,3.738021229170749
1929,1929,1.031850253219713,510,0,0,0.0,1.065442815599864,1.0240216638573814,1.053698323144315,1.0069816697157885,1.0542353901529768,0.9979035478286284,0.7846582031691327,0.7063950542796786,0.423035857164402,1,3.958034732066289,3.7353019356814774
1930,1930,1.0191143049145188,415,0,0,0.0,1.0476069083535615,1.003916572429902,1.041257702397473,1.022292995628416,1.0350300491277933,1.005777194524828,0.805879938962908,0.6725029670790563,0.0,1,3.929774598841736,3.7044897296622024
1931,1931,1.0191143049145188,408,0,1,2.995732273553991,1.0288304436016882,0.9934810060205292,1.0477098969444196,1.0019873653802,1.0456314693642963,1.0109891235542634,0.8080847309801162,0.7325687477104176,0.5546183566222742,0,3.930256540890521,3.7390262426654104
1932,1932,0.9957377918930442,510,0,0,0.0,1.01690929472738,1.0307537956581727,1.0601786347555642,0.9903176749711242,1.053810747639611,1.004544177148741,0.8102372017222292,0.7536533308455107,0.423035857164402,0,3.9411358788447846,3.7792689786235485
1933,1933,1.0231649163770178,415,0,1,3.258096538021482,1.022861495288646,0.999984786274994,0.988327687510108,0.9869597981852865,1.032816044139712,0.9903176749711242,0.7758724080478123,0.7711646606364143,0.0,0,3.8198776349862777,3.748426920067819
1934,1934,0.9637291374803096,415,0,0,0.0,1.0411094823348612,1.030382672860129,1.0366252358514565,0.978566837930225,1.049893902770984,1.0126152065263214,0.8123395143700564,0.7063950542796786,0.6258002855986439,0,3.9399681353273586,3.7279597715963546
1935,1935,1.0181675188505357,510,0,0,0.0,1.0439872977566385,0.9927072832290874,1.042714406447232,1.003916572429902,1.0654944020880708,0.9894972828240028,0.8397691990112335,0.5546183566222742,0.6725029670790563,0,3.991965305303175,3.5407394951052664
1936,1936,1.0069816697157885,415,0,0,0.0,1.0649235063439273,0.979563883308144,1.0421372123548482,0.9860873110883348,1.0269475331073237,0.9934810060205292,0.8310007739998975,0.7063950542796786,0.423035857164402,1,3.9650090258059967,3.6655272546966864
1937,1937,1.0373065206212844,408,0,0,0.0,1.0367883428150193,1.0019873653802,1.0297451189791813,0.9903176749711242,1.0380732337538687,0.9927072832290874,0.815403362323621,0.6258002855986439,0.423035857164402,0,3.92001005787169,3.6108126091790553
1938,1938,1.0147055277003714,415,0,0,0.0,1.0380732337538687,0.978566837930225,1.0248637173933617,0.9979035478286284,1.0122403956147126,1.0104353962561965,0.8123395143700564,0.7063950542796786,0.423035857164402,0,3.8875168611319992,3.693300836294729
1939,1939,1.0019873653802,510,1,1,3.688879454113936,1.017590721921206,0.9986063829166985,1.064696504975687,1.0115369245500676,1.0363630850581809,0.996469488897356,0.7773928950827131,0.6725029670790563,0.0,0,3.896043207037787,3.6791157634431784
1940,1940,0.985200844275134,415,0,1,3.5263605246161616,1.0248637173933617,1.0032813507727991,1.047451986713735,1.003916572429902,1.0057162317424455,1.0141909676964709,0.8470149867369593,0.6725029670790563,0.7063950542796786,1,3.9250469225865015,3.6938918579782287
1941,1941,0.8791286218612396,415,0,0,0.0,0.9971195801471472,1.008158792920829,1.0437355165958448,1.009309683677839,1.0355677817916773,1.0167128902475082,0.8293046663001791,0.7536533308455107,0.5546183566222742,0,3.905727544834848,3.787834697691687
1942,1942,0.9624149872572304,408,0,0,0.0,1.0469840315592949,0.987818703754018,1.037177510086016,0.999984786274994,1.0275833260642635,0.9624149872572304,0.8483908286189654,0.6725029670790563,0.423035857164402,0,3.96013569632854,3.6227214443652986
1943,1943,0.99719132727709,415,0,1,3.4011973816621555,1.044541925139165,1.0191143049145188,1.0451987545610024,1.0115369245500676,1.0190673895866764,1.0104353962561965,0.741511301806249,0.7325687477104176,0.423035857164402,1,3.8503193710930925,3.773655373431201
1944,1944,0.9886644097649396,510,0,0,0.0,1.02593716959611,0.9662729529060342,1.0636867895379785,1.019581045851613,1.0387964255581743,1.0147055277003714,0.7887680926690985,0.6725029670790563,0.5546183566222742,0,3.9171884773613606,3.673062493537075
1945,1945,1.0231649163770178,510,1,1,3.4657359027997265,1.0451443766562367,0.9894972828240028,1.0442654479603934,0.9805436220896986,1.047915176518,1.009875623760096,0.8326639275093545,0.7325687477104176,0.423035857164402,1,3.9699889286439842,3.712485276384215
1946,1946,0.9765185323813282,415,0,0,0.0,1.0523962491480654,0.9842999824276124,1.02898409780704,1.004544177148741,1.0480685296039305,1.0069816697157885,0.8047572096727953,0.5546183566222742,0.423035857164402,0,3.934206086231831,3.550444185914416
1947,1947,1.039200297986071,415,0,1,2.19722457733622,0.9930955267884658,1.0136711282744777,1.063200111839691,1.0006607804515772,1.0383890373747378,1.020501600316601,0.7818171316562723,0.5546183566222742,0.5546183566222742,0,3.876501807659167,3.5894518656649304
1948,1948,1.0332741782140202,408,0,0,0.0,1.030008664286585,0.9942438142135328,1.0615182494866964,0.9886644097649396,1.0369508869742348,0.9986063829166985,0.7900996062387244,0.7063950542796786,0.423035857164402,0,3.918577406986241,3.6879096611748494
1949,1949,0.9949959866312726,415,0,0,0.0,1.0700688121765602,1.009875623760096,1.033309237605451,1.0087374499934136,1.0325319132326305,1.0006607804515772,0.7627869824840867,0.423035857164402,0.423035857164402,1,3.8986969454987284,3.4423097113694894
1950,1950,0.9662729529060342,510,0,0,0.0,1.042771731453067,0.9650147563028656,1.0437635603848927,0.9942438142135328,1.0665300566765838,1.0087374499934136,0.8434712343369151,0.7860478795856021,0.0,0,3.9965365828514585,3.754043900095414
1951,1951,0.851732346927839,415,1,0,0.0,1.0087374499934136,0.996469488897356,1.0266264914167007,0.98338429212101,1.0414644185912862,0.9815065955444632,0.741511301806249,0.7536533308455107,0.0,0,3.81833966180765,3.71501370740834
1952,1952,1.0109891235542634,415,0,0,0.0,1.0265458990419931,1.0136711282744777,1.031850253219713,1.009309683677839,1.0614805421856357,1.0063829237830022,0.7860478795856021,0.6258002855986439,0.7063950542796786,1,3.905924574032944,3.6551640213339627
1953,1953,1.0104353962561965,510,0,0,0.0,1.030008664286585,1.0240216638573814,1.057720306628471,0.9805436220896986,1.0367557665616325,1.015719197900225,0.819331006683021,0.7063950542796786,0.5546183566222742,0,3.9438157441597093,3.7266795381269833
1954,1954,1.0141909676964709,408,0,0,0.0,1.0014607272429872,1.0019873653802,1.0403310247076063,0.9919223562990608,1.0263843131084571,0.999984786274994,0.7900996062387244,0.6725029670790563,0.5546183566222742,0,3.8582756712977746,3.6663974750333113
1955,1955,1.0115369245500676,415,0,0,0.0,1.0470362647247664,1.0141909676964709,1.028907331768412,0.9911259244279969,1.0588166060985782,0.9869597981852865,0.8102372017222292,0.7063950542796786,0.0,0,3.9449974043139857,3.698671744589433
1956,1956,1.002638340774061,415,1,0,0.0,1.031451124103136,0.9986063829166985,1.0382314014560148,0.9993000568565548,1.02940414386438,1.003916572429902,0.816401699882637,0.5546183566222742,0.5546183566222742,1,3.915488369306168,3.5564413688254293
1957,1957,0.423035857164402,408,0,0,0.0,1.0161190314403217,1.0104353962561965,1.053268504822375,0.985200844275134,0.981697224310732,0.9886644097649396,0.6601781369419791,0.5546183566222742,0.0,0,3.711262897515408,3.5389190069185448
1958,1958,1.0006607804515772,415,0,1,2.772588722239781,1.0129342918494788,1.0006607804515772,1.0431426193310451,1.0172024688229897,1.0305314659689024,1.0104353962561965,0.741511301806249,0.6258002855986439,0.423035857164402,0,3.8281196789556753,3.654098931129407
1959,1959,0.9610711304112431,415,0,1,3.367295829986474,1.0059596554466643,0.9894972828240028,1.0434541355644529,1.008158792920829,1.0405719407756018,0.996469488897356,0.7803646465744236,0.7325687477104176,0.5546183566222742,0,3.8703503783611426,3.7266943123526053
1960,1960,0.98338429212101,415,0,0,0.0,1.0097064949943029,1.0147055277003714,1.0535178518192745,1.0136711282744777,1.0570366261637096,1.0087374499934136,0.8301569118312014,0.7325687477104176,0.423035857164402,0,3.9504178848084885,3.7696828536786806
1961,1961,0.9903176749711242,415,0,0,0.0,1.0312320080475197,1.005164330916258,1.0448167478013748,1.001328241641345,1.051601129217814,0.9815065955444632,0.7927077628291277,0.6258002855986439,0.5546183566222742,0,3.9203576478958366,3.6137994537007097
1962,1962,0.9362682541349638,510,0,0,0.0,0.9892487471461864,1.015719197900225,1.0469317384356054,1.007573578755084,1.0474002286738289,0.972187368078744,0.8133725028259741,0.6258002855986439,0.7325687477104176,1,3.8969532170815944,3.621280430332696
1963,1963,1.0032813507727991,415,0,1,3.091042453358316,1.0536758041583776,0.9942438142135328,1.0467744980390934,0.9911259244279969,1.0525351104605771,0.9993000568565548,0.7989278990573876,0.7063950542796786,0.5546183566222742,0,3.951913311715436,3.691064849777763
1964,1964,1.0141909676964709,415,0,1,3.713572066704308,1.0182152865888128,1.0019873653802,1.055808696854009,0.9860873110883348,1.0440987597981954,1.0147055277003714,0.8490701763260848,0.6258002855986439,0.0,0,3.9671929195671023,3.62858048976755
1965,1965,1.039200297986071,415,0,1,3.4657359027997265,1.0354003956610682,1.005164330916258,1.0423689551414588,0.9824533207775524,1.0431994153840698,0.9919223562990608,0.8013040485562493,0.6725029670790563,0.423035857164402,0,3.922272814742846,3.652042975071927
1966,1966,0.98338429212101,510,0,0,0.0,1.008158792920829,0.9942438142135328,1.0582312596858272,1.0141909676964709,1.038921065848597,1.0136711282744777,0.8318363985199613,0.6258002855986439,0.6725029670790563,1,3.937147516975214,3.647906195783125
1967,1967,0.987818703754018,415,0,0,0.0,1.0494258509347398,1.0109891235542634,1.046272962986625,0.9842999824276124,1.0344519411105462,1.022292995628416,0.8212312206090928,0.6258002855986439,0.5546183566222742,0,3.9513819756410036,3.6433823872089355
1968,1968,0.9942438142135328,415,0,0,0.0,0.9618810774615294,0.97330117724734,1.0547220684880043,1.0147055277003714,1.037080519485866,1.0209555590262906,0.8133725028259741,0.6725029670790563,0.0,0,3.8670561682613735,3.6814652310530587
1969,1969,1.009875623760096,415,0,1,3.1780538303479458,1.0634531487858243,0.9869597981852865,1.0683363264056744,1.003916572429902,1.0424555602626822,1.0032813507727991,0.8024695798580879,0.7325687477104176,0.423035857164402,0,3.976714615312269,3.726726469098405
1970,1970,0.97105164486998,510,0,0,0.0,1.046246413112336,0.999984786274994,1.051601129217814,1.009875623760096,1.0324249267957548,1.019581045851613,0.8318363985199613,0.5546183566222742,0.423035857164402,0,3.962108867645866,3.5840598125089773
1971,1971,1.005777194524828,415,0,1,3.4657359027997265,1.008506765369007,1.007573578755084,1.0561508602540046,1.0136711282744777,1.0692743847198405,1.0032813507727991,0.7758724080478123,0.6725029670790563,0.6725029670790563,1,3.9098044183906646,3.6970290248814166
1972,1972,1.0373065206212844,415,0,0,0.0,1.0368859366175398,1.0141909676964709,1.0345203206527556,0.9957377918930442,1.0438755650247635,1.0087374499934136,0.8420101129338243,0.6725029670790563,0.423035857164402,0,3.9572919352288833,3.691169176661985
1973,1973,1.013145908971509,510,0,0,0.0,1.045604544177902,1.0115369245500676,1.0397538052306117,1.022292995628416,1.0370157478545738,1.0115369245500676,0.7536533308455107,0.7325687477104176,0.0,0,3.876027428108599,3.777935592438969
1974,1974,0.9894972828240028,510,0,1,3.555348061489413,1.052442584160067,1.0147055277003714,1.02894573003138,1.0115369245500676,1.063471166177129,0.985200844275134,0.6972029660970256,0.6258002855986439,0.6258002855986439,0,3.8420624464656017,3.6372435821242166
1975,1975,0.9824533207775524,415,0,0,0.0,1.004356685533006,0.9949959866312726,1.0274251562380514,1.002638340774061,1.040751812759001,1.0109891235542634,0.8102372017222292,0.7063950542796786,0.0,0,3.8827708562522876,3.7150185052392755
1976,1976,1.0167128902475082,408,0,0,0.0,1.034758875979825,0.9957377918930442,1.030008664286585,1.022730883502586,1.0470884380590428,1.0063829237830022,0.816401699882637,0.7325687477104176,0.5546183566222742,0,3.92825767820809,3.7574203468890497
1977,1977,1.022730883502586,415,0,0,0.0,1.0565115290619105,1.0136711282744777,0.9966146374331738,0.999984786274994,1.0245286294927516,0.9934810060205292,0.8358958109502946,0.6258002855986439,0.6258002855986439,0,3.9135506069381303,3.6329372061686445
1978,1978,1.0136711282744777,415,0,0,0.0,1.0519302420489074,1.0126152065263214,1.0506472905629405,1.0032813507727991,1.0437635603848927,1.009309683677839,0.7645193580620365,0.7325687477104176,0.6258002855986439,0,3.910860451058777,3.757774988687377
1979,1979,1.022292995628416,510,0,0,0.0,1.0086222366711073,1.0141909676964709,1.0519536579128106,0.9927072832290874,1.0575142502054409,1.004544177148741,0.819331006683021,0.7325687477104176,0.423035857164402,0,3.9374211514723796,3.744011175784717
1980,1980,1.0388899368905145,415,0,0,0.0,1.0621543083304177,1.013145908971509,1.045062688643987,1.0104353962561965,1.0363959337148545,1.0032813507727991,0.8069890155045473,0.6725029670790563,0.5546183566222742,1,3.9506019461938062,3.6993656230795606
1981,1981,1.0209555590262906,415,0,1,3.6635616461296463,1.0480174694388822,0.9979035478286284,1.0473224810384547,0.9637291374803096,1.0332741782140202,0.9869597981852865,0.7989278990573876,0.7711646606364143,0.423035857164402,0,3.9275420277487445,3.719757144130639
1982,1982,0.9456806436315238,415,0,0,0.0,1.000052775387305,1.004544177148741,1.0556150603814114,1.0209555590262906,1.0517659875844012,0.99719132727709,0.795245662433237,0.6725029670790563,0.423035857164402,0,3.9026794857863547,3.6951940305311783
1983,1983,1.0325675221964723,408,0,1,3.1780538303479458,1.0504056359303071,1.0172024688229897,1.0526504997984032,0.9949959866312726,1.0647489965521058,1.005164330916258,0.7832481321537382,0.6725029670790563,0.423035857164402,0,3.951053264434554,3.6898657534495767
1984,1984,1.005777194524828,415,0,0,0.0,1.0471665861538688,1.0019873653802,1.0372097959063549,0.9743938320833514,1.0497957679819407,0.999984786274994,0.8427438869642762,0.7536533308455107,0.6725029670790563,0,3.9769160370064407,3.730019314584056
1985,1985,1.0136711282744777,415,0,0,0.0,1.0082750445665662,0.999984786274994,1.028907331768412,0.987818703754018,1.054124034406499,1.003916572429902,0.7964892999116688,0.7063950542796786,0.5546183566222742,0,3.8877957106531467,3.6981151167385926
1986,1986,0.9860873110883348,408,0,0,0.0,1.0494258509347398,0.9993000568565548,1.0382314014560148,1.0147055277003714,1.040781723904435,1.008158792920829,0.815403362323621,0.7063950542796786,0.0,0,3.9438423386188104,3.7285594317574335
1987,1987,1.0167128902475082,408,0,1,3.49650756146648,1.000323862466601,1.008158792920829,1.0260187739522175,1.008158792920829,1.0364615624754068,0.9894972828240028,0.7914126806490488,0.5546183566222742,0.423035857164402,0,3.8542168795432743,3.5604332252879356
1988,1988,0.9942438142135328,415,0,0,0.0,1.0393547092033288,0.9979035478286284,1.0351650559672234,0.987818703754018,1.0424267099056757,0.9942438142135328,0.7758724080478123,0.7063950542796786,0.6258002855986439,0,3.89281888312404,3.686361120075858
1989,1989,0.9903176749711242,408,0,1,3.6635616461296463,1.0075146914300117,0.9957377918930442,1.0237662038556483,0.9986063829166985,1.0570575005076726,0.9869597981852865,0.8047572096727953,0.5546183566222742,0.0,0,3.8930956054661277,3.5359223296173035
1990,1990,0.6258002855986439,510,1,0,0.0,1.031850253219713,0.999984786274994,1.0552034701251256,0.9894972828240028,1.0385147654391056,1.004544177148741,0.7662224715044368,0.7325687477104176,0.423035857164402,0,3.8917909602883807,3.7265949939581553
1991,1991,0.9507170793714552,510,0,0,0.0,1.0273855331441453,1.0261002420274623,1.032174356376246,1.008158792920829,1.043595040914256,1.008158792920829,0.7758724080478123,0.5546183566222742,0.6258002855986439,0,3.8790273384824596,3.5970361844913947
1992,1992,1.0186431550010258,415,0,0,0.0,1.0226436163389343,1.0141909676964709,1.0508396844277426,1.0087374499934136,1.025773550356757,0.9993000568565548,0.8013040485562493,0.7325687477104176,0.423035857164402,1,3.9005608996796832,3.7547972222568573
1993,1993,0.9743938320833514,408,0,1,3.713572066704308,1.024318030160792,0.9934810060205292,1.060022878096626,0.9949959866312726,1.054412981374921,0.9765185323813282,0.778890100585339,0.7536533308455107,0.0,0,3.9176439902176776,3.718648855878641
1994,1994,0.987818703754018,510,0,1,3.1354942159291497,1.0431710260982288,1.0115369245500676,1.0278196184592618,1.008158792920829,1.0370481448121769,0.98338429212101,0.7900996062387244,0.423035857164402,0.0,0,3.8981383956083917,3.4261158667563087
1995,1995,0.9911259244279969,408,0,0,0.0,1.0264247598676317,1.020501600316601,1.0355677817916773,0.9815065955444632,1.0528803887421552,0.9775519190240616,0.7977165865059108,0.6258002855986439,0.423035857164402,0,3.912589516907375,3.6053604004837694
1996,1996,0.999984786274994,415,0,0,0.0,1.036297319045001,1.009309683677839,1.0635970775253114,1.005777194524828,1.0454966847509102,0.996469488897356,0.7874176770111411,0.7536533308455107,0.423035857164402,0,3.9328087583323637,3.765209697945534
1997,1997,1.015719197900225,415,0,1,3.555348061489413,1.0666807546743473,0.987818703754018,1.0301960318782073,1.008158792920829,1.062247063958063,0.9886644097649396,0.8310007739998975,0.7536533308455107,0.423035857164402,0,3.990124624510515,3.738295237285297
1998,1998,1.0120789147763565,510,1,1,3.4011973816621555,1.0323177002702164,0.996469488897356,1.062117150381431,0.9869597981852865,1.042108162740893,1.019581045851613,0.8173889426906868,0.5546183566222742,0.6258002855986439,1,3.9539319560832276,3.5576286895565294
1999,1999,1.005777194524828,415,1,0,0.0,1.0277016161093295,1.0063829237830022,1.0647315064893526,1.015719197900225,1.0564480953089646,0.97330117724734,0.8024695798580879,0.7536533308455107,0.6258002855986439,0,3.951350797765735,3.749056629776078
2000,2000,0.987818703754018,415,0,0,0.0,1.043482351124484,1.0109891235542634,1.04606013061016,1.0136711282744777,1.032780620122965,1.008158792920829,0.8133725028259741,0.6725029670790563,0.423035857164402,0,3.935695604683583,3.7053220118286267
2001,2001,1.030382672860129,408,0,0,0.0,1.0541686101629997,0.9754660547759244,1.028868902973444,1.001328241641345,1.056086906009853,0.9805436220896986,0.8013040485562493,0.7325687477104176,0.5546183566222742,0,3.940428467702546,3.689906666217386
2002,2002,0.9754660547759244,510,0,1,3.4339872044851463,1.0401798166667544,1.0126152065263214,1.063471166177129,0.9842999824276124,1.0330280376909131,1.0104353962561965,0.8284438879783939,0.6258002855986439,0.5546183566222742,0,3.965122908513191,3.633150870808774
2003,2003,0.9869597981852865,415,0,1,2.8903717578961645,1.0533820172165596,0.9993000568565548,1.0590764854677472,0.9624149872572304,1.0582921763773712,1.0069816697157885,0.8202862443392709,0.6725029670790563,0.423035857164402,0,3.991036923400949,3.64119968090863
2004,2004,0.9842999824276124,408,0,0,0.0,1.0360664135454225,0.9979035478286284,1.0196738716251463,0.987818703754018,1.0352996790210385,1.005164330916258,0.7176087310418087,0.6258002855986439,0.0,0,3.8086486952334164,3.616686868097548
2005,2005,0.9986063829166985,415,0,0,0.0,1.0386714524245122,1.0214053992395804,1.039014328621119,1.007573578755084,1.0384519435813513,1.004544177148741,0.747757924070225,0.5546183566222742,0.0,0,3.8638956486972074,3.58814151176568
2006,2006,1.008158792920829,510,0,0,0.0,1.0367883428150193,1.0167128902475082,1.0564480953089646,0.9934810060205292,1.063936993797671,0.9824533207775524,0.7964892999116688,0.7860478795856021,0.423035857164402,0,3.953662731833324,3.7786950966311923
2007,2007,1.022730883502586,415,0,0,0.0,0.9939399826095217,1.009875623760096,1.0597489586497466,1.0069816697157885,1.0480685296039305,1.005164330916258,0.7964892999116688,0.7989278990573876,0.5546183566222742,0,3.8982467707748674,3.8209495234495297
2008,2008,0.9815065955444632,415,0,0,0.0,1.0450899341590745,0.9456806436315238,1.024402378463813,0.9934810060205292,1.0443762385517166,0.979563883308144,0.778890100585339,0.7325687477104176,0.0,0,3.8927586517599426,3.651294280670615
2009,2009,0.8791286218612396,415,0,0,0.0,0.9976197986917388,0.9993000568565548,1.032174356376246,0.978566837930225,1.0631638422614502,0.9860873110883348,0.8133725028259741,0.6258002855986439,0.7063950542796786,1,3.906330500155409,3.5897544914737582
2010,2010,1.004544177148741,408,0,0,0.0,1.0317779312481266,0.996469488897356,1.0299335126287772,0.9894972828240028,1.0572033445955151,1.004544177148741,0.778890100585339,0.6258002855986439,0.423035857164402,0,3.897804889057758,3.616311234468743
2011,2011,0.9869597981852865,408,0,1,3.49650756146648,0.9547719279530634,0.9698932078063358,1.0445694815558302,0.9934810060205292,1.0264247598676317,1.0147055277003714,0.6800889582869747,0.6725029670790563,0.5546183566222742,0,3.7058551276635,3.6505827086062927
2012,2012,0.9949959866312726,415,0,0,0.0,1.021360598591922,0.9662729529060342,1.030008664286585,1.028482925863037,1.043482351124484,1.009875623760096,0.8013040485562493,0.7063950542796786,0.423035857164402,0,3.89615566255924,3.711026556808846
2013,2013,1.0141909676964709,415,0,0,0.0,1.0567433424484516,1.0087374499934136,1.0509116205109006,1.004544177148741,1.0298582435392996,0.9903176749711242,0.8358958109502946,0.6258002855986439,0.423035857164402,0,3.973409017448947,3.6293995877119225
2014,2014,1.0147055277003714,415,0,1,3.737669618283368,1.0482975920994524,0.9993000568565548,1.05452361665441,0.99719132727709,1.0265055527832043,1.007573578755084,0.7939852844174682,0.6258002855986439,0.423035857164402,0,3.9233120459545354,3.629865248487372
2015,2015,1.0032813507727991,415,0,0,0.0,1.0166143994178054,0.9743938320833514,1.0578024595425084,0.9919223562990608,1.0422532288289434,1.0115369245500676,0.8326639275093545,0.6725029670790563,0.0,0,3.9493340152986116,3.6503560800115364
2016,2016,1.0115369245500676,408,0,0,0.0,1.0378508992433866,1.0109891235542634,1.0605463413012743,0.999984786274994,1.0554205731977775,0.9986063829166985,0.8543099229250745,0.7063950542796786,0.5546183566222742,0,4.008127736667513,3.7159753470256343
2017,2017,1.034314885822944,415,0,0,0.0,1.0392621237186837,1.019581045851613,1.03800981703048,0.9815065955444632,1.064556212952959,1.002638340774061,0.7977165865059108,0.7063950542796786,0.5546183566222742,0,3.9395447402080332,3.710121036449816
2018,2018,0.978566837930225,510,0,0,0.0,1.0265458990419931,1.005777194524828,1.044182179416886,1.0214053992395804,1.052972014150885,0.97330117724734,0.8249123211161004,0.7860478795856021,0.6258002855986439,0,3.9486124137258645,3.7865316505973503
2019,2019,1.022730883502586,415,0,0,0.0,1.051859920962844,1.0069816697157885,1.0474002286738289,1.0141909676964709,1.0366252358514565,1.0136711282744777,0.8310007739998975,0.6725029670790563,0.423035857164402,0,3.966886159488027,3.707346732765793
2020,2020,0.9420819232681112,408,0,0,0.0,1.021762352025895,1.0167128902475082,1.0326386605706757,0.9942438142135328,1.0517894893858508,1.0063829237830022,0.825808803625318,0.6258002855986439,0.0,0,3.9319993056077394,3.643139913842687
2021,2021,1.0126152065263214,510,0,1,3.044522437723423,1.045739011945524,1.001328241641345,1.021895548042924,1.0069816697157885,1.0312685969895006,1.0265055527832043,0.7818171316562723,0.6258002855986439,0.5546183566222742,0,3.880720288634221,3.6606157497389815
2022,2022,1.007573578755084,408,0,0,0.0,0.9822652515435067,1.005777194524828,1.025030405466707,1.0109891235542634,1.0350638369279843,1.001328241641345,0.8091673682554217,0.6258002855986439,0.5546183566222742,0,3.85152686219362,3.6438948453190805
2023,2023,1.013145908971509,408,0,0,0.0,1.0411094823348612,1.0136711282744777,1.0526504997984032,1.009875623760096,1.0605270655091126,1.005164330916258,0.7989278990573876,0.423035857164402,0.5546183566222742,0,3.953214946699765,3.4517469401152336
2024,2024,0.9698932078063358,408,0,1,3.7612001156935615,1.0224247705163243,0.9993000568565548,1.039570030941982,0.9986063829166985,1.0521638517831204,0.978566837930225,0.8013040485562493,0.6258002855986439,0.0,0,3.915462701797676,3.602273563302122
2025,2025,0.9927072832290874,510,0,0,0.0,0.9792666121726692,1.0167128902475082,1.0471405516887569,1.0104353962561965,1.0365271000276444,1.0069816697157885,0.0,0.0,0.5546183566222742,0,3.0629342638890704,3.034129956219493
2026,2026,0.943907056186028,408,0,0,0.0,1.0454426595862158,1.0126152065263214,1.045604544177902,0.9986063829166985,1.0331336821495003,0.9911259244279969,0.8069890155045473,0.7063950542796786,0.0,0,3.9311699014181656,3.708742568150695
2027,2027,1.009309683677839,510,0,0,0.0,1.0157693509159855,0.9942438142135328,1.0478895672438726,0.9911259244279969,1.0397843640315418,0.9942438142135328,0.8202862443392709,0.5546183566222742,0.7063950542796786,1,3.923729526530671,3.534231909477337
2028,2028,1.0176873172212282,510,0,1,2.995732273553991,1.0189734263607209,1.0115369245500676,1.0317779312481266,1.0032813507727991,1.0593744408554937,0.97105164486998,0.8221661298163554,0.6258002855986439,0.5546183566222742,0,3.932291928280696,3.6116702057914902
2029,2029,1.0280938456756414,415,1,0,0.0,1.043819596769744,0.978566837930225,1.046748238488591,1.0063829237830022,1.062597733596982,1.0172024688229897,0.824006498432407,0.6725029670790563,0.0,0,3.977172067287724,3.674655197615273
2030,2030,1.022292995628416,415,0,0,0.0,1.0483990275686097,0.9842999824276124,1.025855428538475,1.013145908971509,1.040391370719793,1.0186431550010258,0.8212312206090928,0.6725029670790563,0.423035857164402,0,3.9358770474359703,3.6885920134792034
2031,2031,1.0063829237830022,415,0,0,0.0,1.0137755232948822,1.0244444982729537,1.0514593382656887,1.0231649163770178,1.043595040914256,0.9687112141532412,0.7773928950827131,0.7860478795856021,0.5546183566222742,0,3.8862227975575396,3.802368508388815
2032,2032,0.9942438142135328,510,0,0,0.0,1.02540339020286,1.0120789147763565,1.0301586166553425,0.9824533207775524,1.0480940381649428,0.9957377918930442,0.7678971825427153,0.7989278990573876,0.6258002855986439,0,3.8715532275658604,3.7891979265043405
2033,2033,1.0063829237830022,415,0,0,0.0,1.0530406100593706,1.0147055277003714,1.0495741815354585,0.9934810060205292,1.0532912304203077,0.996469488897356,0.8183653079108115,0.6725029670790563,0.423035857164402,0,3.974271329925948,3.677158989697313
2034,2034,0.9637291374803096,510,1,0,0.0,1.0115369245500676,0.97330117724734,1.0153667234236896,0.999984786274994,1.0552252283543333,0.98338429212101,0.741511301806249,0.423035857164402,0.0,1,3.8236401781343394,3.3797061128077464
2035,2035,1.039508611695625,408,0,0,0.0,1.028366529717395,0.9979035478286284,1.037787181171831,0.985200844275134,1.051624717542451,1.009309683677839,0.8301569118312014,0.7711646606364143,0.5546183566222742,0,3.9479353402628785,3.7635787364180158
2036,2036,1.008158792920829,510,0,0,0.0,1.028907331768412,1.003916572429902,1.0527885750246886,0.985200844275134,1.0705139613876675,0.9824533207775524,0.7977165865059108,0.7860478795856021,0.6258002855986439,0,3.949926454686679,3.7576186170681907
2037,2037,1.0176873172212282,415,0,0,0.0,1.0490778413520796,0.9979035478286284,1.027662218124235,1.0191143049145188,1.0454426595862158,1.019581045851613,0.7887680926690985,0.7063950542796786,0.5546183566222742,0,3.910950811731629,3.7429939528744387
2038,2038,1.036330213511384,415,0,0,0.0,1.0414054507253565,1.001328241641345,1.0568692744760904,0.978566837930225,1.0495741815354585,1.0006607804515772,0.7574051097683623,0.7860478795856021,0.5546183566222742,0,3.9052540165052676,3.7666037396087493
2039,2039,0.99719132727709,415,0,0,0.0,1.039723226399572,0.967504775196054,1.058776487401312,0.9815065955444632,1.0540123992393708,1.0141909676964709,0.8230911610676044,0.7325687477104176,0.5546183566222742,1,3.9756032741078586,3.695771086147406
2040,2040,0.9886644097649396,408,0,0,0.0,1.011700126577839,1.0019873653802,1.0505749302683174,1.0126152065263214,1.0286762994476948,1.001328241641345,0.8638627871008836,0.5546183566222742,0.423035857164402,0,3.9548141433947346,3.570549170170141
2041,2041,1.0136711282744777,408,0,0,0.0,1.0648014240286447,1.002638340774061,1.052419422652111,0.958289233840266,1.042771731453067,0.972187368078744,0.7860478795856021,0.423035857164402,0.0,1,3.9460404577194246,3.356150799857473
2042,2042,1.0152149060491755,415,0,0,0.0,1.048322972244091,0.9927072832290874,1.034246209550648,0.9662729529060342,1.0460867889468028,0.9754660547759244,0.741511301806249,0.7711646606364143,0.6258002855986439,0,3.8701672725477905,3.70561095154746
2043,2043,0.9227903399258666,408,0,0,0.0,1.0185483891766791,0.987818703754018,1.046537615913696,0.9979035478286284,1.044761914751862,1.004544177148741,0.8374666287558015,0.7536533308455107,0.423035857164402,0,3.9473145485980385,3.7439197595768983
2044,2044,0.9957377918930442,415,0,1,3.218875824868201,0.9797611979118208,0.9894972828240028,1.0387652135428778,1.004544177148741,1.040391370719793,1.009309683677839,0.8284438879783939,0.423035857164402,0.423035857164402,0,3.8873616701528855,3.4263870008149846
2045,2045,0.9815065955444632,408,0,0,0.0,0.999231095481698,1.0147055277003714,1.056973943729655,0.9903176749711242,1.0366905464035732,0.9927072832290874,0.839008674512346,0.5546183566222742,0.5546183566222742,0,3.931904260127272,3.552348842522857
2046,2046,0.8692942392849475,510,0,0,0.0,1.058251574647703,1.0120789147763565,1.06029508817832,1.008158792920829,1.0367557665616325,1.0191143049145188,0.7927077628291277,0.6258002855986439,0.423035857164402,1,3.948010192216783,3.6651522982103484
2047,2047,1.0141909676964709,408,0,1,3.367295829986474,1.0483736899640017,1.015719197900225,1.063200111839691,0.9842999824276124,1.041933481266376,0.9860873110883348,0.751725067666227,0.6258002855986439,0.423035857164402,0,3.905232350736296,3.611906777014816
2048,2048,1.0314875462798236,415,0,0,0.0,1.0009955652948048,1.0104353962561965,1.0599838518650022,0.9775519190240616,1.057410858856826,0.9698932078063358,0.8310007739998975,0.6725029670790563,0.6258002855986439,0,3.9493910500165303,3.6303834901656504
2049,2049,1.0240216638573814,510,0,0,0.0,1.026303318730503,1.0147055277003714,1.0349624011565233,1.0167128902475082,1.053855638099641,1.009875623760096,0.7743279928495146,0.7063950542796786,0.0,0,3.889449350836182,3.747689095987654
2050,2050,0.9805436220896986,415,0,0,0.0,1.0235523012473826,1.0126152065263214,1.0503086098308227,0.999984786274994,1.0543020700169443,0.9979035478286284,0.8266961159266517,0.6725029670790563,0.5546183566222742,0,3.954859097021801,3.683006507709001
2051,2051,1.0126152065263214,408,0,1,3.091042453358316,1.02894573003138,1.009875623760096,1.059036604311926,1.0087374499934136,1.0214053992395804,0.9919223562990608,0.819331006683021,0.7536533308455107,0.423035857164402,0,3.9287187402659076,3.7641887608980813
2052,2052,0.9869597981852865,408,1,0,0.0,1.0048551752326658,1.0209555590262906,1.068974560892826,1.009309683677839,1.0541017297682356,1.016218495895403,0.7773928950827131,0.6725029670790563,0.5546183566222742,0,3.9053243609764405,3.7189867056785895
2053,2053,0.9934810060205292,408,0,0,0.0,1.0400584958675765,1.0136711282744777,1.0419917816691444,0.9903176749711242,1.044182179416886,0.999984786274994,0.7457165247157388,0.6725029670790563,0.423035857164402,0,3.8719489816693455,3.6764765565996527
2054,2054,1.003916572429902,415,0,0,0.0,1.018879285862942,0.9624149872572304,1.0741673574546329,1.013145908971509,1.0258963161813488,0.9979035478286284,0.8091673682554217,0.6258002855986439,0.423035857164402,0,3.928110327754345,3.5992647296560114
2055,2055,0.9523085806942424,408,0,0,0.0,1.053359337835043,0.996469488897356,1.0496481645775166,1.0261002420274623,1.0264247598676317,1.0109891235542634,0.7846582031691327,0.5546183566222742,0.423035857164402,0,3.9140904654493234,3.588177211101356
2056,2056,0.9754660547759244,408,0,0,0.0,1.0584542085535062,1.0069816697157885,1.0464054812686945,1.005164330916258,1.0463260164676929,1.0115369245500676,0.7989278990573876,0.5546183566222742,0.7325687477104176,0,3.9501136053472807,3.5783012818043884
2057,2057,1.0069816697157885,415,0,0,0.0,1.034074083243674,1.002638340774061,1.032886813379921,0.9869597981852865,1.040088855692616,1.002638340774061,0.747757924070225,0.7063950542796786,0.5546183566222742,0,3.854807676386436,3.6986315340130873
2058,2058,1.013145908971509,510,0,0,0.0,1.0104353962561965,0.987818703754018,1.0277409821283674,0.9934810060205292,1.0453615021341385,1.0115369245500676,0.8080847309801162,0.6725029670790563,0.5546183566222742,0,3.8916226114988186,3.665339601403671
2059,2059,1.0141909676964709,415,0,0,0.0,1.0400281162527405,1.020501600316601,1.0530177564626917,1.0273061898515887,1.0576379998931953,0.9860873110883348,0.8574200375514633,0.7325687477104176,0.0,0,4.0081039101600915,3.766463848966942
2060,2060,0.9986063829166985,408,0,0,0.0,1.0219398670899358,1.0109891235542634,1.033309237605451,1.013145908971509,1.0226872692265705,0.979563883308144,0.7939852844174682,0.7063950542796786,0.0,0,3.871921658339425,3.7100939701135953
2061,2061,1.0115369245500676,510,0,1,3.4011973816621555,1.050065126678089,0.9886644097649396,1.0414054507253565,1.008158792920829,1.0445143521775786,0.9934810060205292,0.815403362323621,0.5546183566222742,0.423035857164402,0,3.951388291904645,3.544922565328572
2062,2062,0.9687112141532412,415,0,0,0.0,1.0434259027203387,0.9754660547759244,1.0592753477654189,1.0063829237830022,1.0470101556288598,1.0120789147763565,0.7860478795856021,0.7325687477104176,0.423035857164402,0,3.9357592857002195,3.726496641045701
2063,2063,1.0087374499934136,510,0,0,0.0,1.0463525201075878,0.9775519190240616,0.9993689287922566,0.9986063829166985,1.037787181171831,1.0186431550010258,0.7711646606364143,0.8102372017222292,0.423035857164402,0,3.8546732907080896,3.8050386586640146
2064,2064,1.005164330916258,415,0,0,0.0,1.013409197495172,0.99719132727709,1.037563484630335,1.008158792920829,1.0574935913648222,1.001328241641345,0.8212312206090928,0.6725029670790563,0.423035857164402,0,3.929697494099422,3.679181328918321
2065,2065,0.851732346927839,510,0,0,0.0,1.02894573003138,0.97330117724734,1.0517659875844012,0.9957377918930442,1.0269875147705876,0.9986063829166985,0.8069890155045473,0.7711646606364143,0.423035857164402,0,3.9146882478909157,3.738810012693497
2066,2066,1.0265055527832043,408,0,0,0.0,1.0345203206527556,0.99719132727709,1.0406319754205375,1.0069816697157885,1.048550756542031,0.9993000568565548,0.8405228745078467,0.7711646606364143,0.5546183566222742,0,3.9642259271231706,3.7746377144858476
2067,2067,1.003916572429902,510,1,0,0.0,1.0504540707202217,0.9886644097649396,1.0548538786792232,0.9957377918930442,1.0268273905547514,0.9743938320833514,0.8202862443392709,0.7711646606364143,0.6258002855986439,0,3.952421584293467,3.7299606943777497
2068,2068,0.972187368078744,415,0,1,3.784189633918261,1.0133566488232717,1.002638340774061,1.0253207502000616,1.007573578755084,1.030790750798266,0.996469488897356,0.778890100585339,0.7325687477104176,0.423035857164402,0,3.848358250406938,3.7392501561369187
2069,2069,1.004544177148741,510,0,0,0.0,1.0415821299226158,0.9698932078063358,1.0510312588256203,0.958289233840266,1.051859920962844,0.999984786274994,0.7678971825427153,0.6258002855986439,0.5546183566222742,0,3.9123704922537956,3.5539675135202393
2070,2070,1.028482925863037,415,0,0,0.0,1.0687363482757375,0.967504775196054,1.0288304436016882,1.002638340774061,1.0159195112555786,0.97105164486998,0.8036205267754964,0.7536533308455107,0.423035857164402,1,3.9171068299085006,3.694848091685606
2071,2071,1.016218495895403,415,0,0,0.0,1.0678024548885665,1.009875623760096,1.0382629710766498,1.008158792920829,1.0345203206527556,0.9986063829166985,0.8275744235987819,0.6725029670790563,0.423035857164402,1,3.9681601702167537,3.68914376667668
2072,2072,1.0006607804515772,415,0,0,0.0,1.0261002420274623,1.0147055277003714,1.0450081489918388,1.0240216638573814,1.028405359539056,1.0141909676964709,0.8318363985199613,0.5546183566222742,0.423035857164402,0,3.9313501490783187,3.6075365158764976
2073,2073,1.019581045851613,415,0,0,0.0,1.0198590055260726,0.9993000568565548,1.0380415361076007,1.008158792920829,1.0565537676392047,1.0186431550010258,0.8483908286189654,0.6258002855986439,0.423035857164402,1,3.9628451378918435,3.6519022903770533
2074,2074,0.9637291374803096,415,0,1,3.5263605246161616,1.0423111281715476,1.005777194524828,1.0522104278722295,0.9869597981852865,1.0509355736560304,0.9957377918930442,0.8112944976246211,0.8102372017222292,0.5546183566222742,0,3.956751627324429,3.7987119863253875
2075,2075,1.030382672860129,510,0,0,0.0,1.0398454216399189,0.99719132727709,1.0476584318174806,0.9919223562990608,1.0430857532729936,0.9919223562990608,0.778890100585339,0.7063950542796786,0.5546183566222742,0,3.9094797073157324,3.6874310941548902
2076,2076,1.0424843926306362,510,0,0,0.0,1.0422821875572914,1.0063829237830022,1.03465678484363,1.0277016161093295,1.0506954662089525,1.0152149060491755,0.8183653079108115,0.6725029670790563,0.0,0,3.9459997465206857,3.721802413020564
2077,2077,0.9743938320833514,415,0,0,0.0,1.026262771008648,1.0069816697157885,1.0431994153840698,1.0019873653802,1.051859920962844,1.0063829237830022,0.7678971825427153,0.5546183566222742,0.423035857164402,0,3.889219289898277,3.5699703155012656
2078,2078,1.015719197900225,415,0,0,0.0,1.0158194540864764,1.005164330916258,1.0413168581813366,1.0126152065263214,1.0350976006468584,0.9993000568565548,0.8284438879783939,0.7063950542796786,0.6725029670790563,1,3.9206778008930656,3.723474648578813
2079,2079,1.0120789147763565,510,0,0,0.0,1.0455506462352555,0.9957377918930442,1.0239791793588722,1.0109891235542634,1.0608535987579653,0.999984786274994,0.7627869824840867,0.6725029670790563,0.5546183566222742,0,3.8931704068361794,3.6792146688013583
2080,2080,0.97105164486998,415,0,0,0.0,1.0185009387773685,0.9860873110883348,1.0543020700169443,1.020501600316601,1.0536081788352,1.0147055277003714,0.8275744235987819,0.7325687477104176,0.423035857164402,0,3.953985611228295,3.7538631868157246
2081,2081,0.972187368078744,510,0,0,0.0,1.0486516277295643,0.9860873110883348,1.0471405516887569,1.0115369245500676,1.0381998105641388,1.0120789147763565,0.8143937066027327,0.7063950542796786,0.6258002855986439,0,3.948385696585193,3.7160982046944375
2082,2082,0.999984786274994,510,0,0,0.0,1.0277016161093295,1.0152149060491755,1.0490528807508746,1.0120789147763565,1.047503685924683,0.9949959866312726,0.7964892999116688,0.423035857164402,0.6258002855986439,0,3.920747482696556,3.445325664621207
2083,2083,1.005777194524828,510,0,0,0.0,1.0474002286738289,1.0104353962561965,1.0510312588256203,1.0181675188505357,1.0423689551414588,1.0109891235542634,0.7846582031691327,0.7536533308455107,0.6258002855986439,0,3.925458645810041,3.793245369506506
2084,2084,0.958289233840266,510,0,1,3.6375861597263857,1.034074083243674,1.0019873653802,1.0426857172487656,1.0019873653802,1.0533820172165596,1.009875623760096,0.8202862443392709,0.7860478795856021,0.5546183566222742,0,3.95042806204827,3.7998982341060983
2085,2085,1.0186431550010258,510,0,1,3.4339872044851463,1.0374030468039463,0.9993000568565548,1.0473484116810263,1.003916572429902,1.0541686101629997,1.007573578755084,0.7900996062387244,0.7536533308455107,0.6258002855986439,0,3.929019674886697,3.7644435388870514
2086,2086,0.9979035478286284,408,0,0,0.0,1.0275438318933197,1.0141909676964709,1.0443762385517166,0.9919223562990608,1.0386401569418002,1.0069816697157885,0.8397691990112335,0.7860478795856021,0.0,0,3.9503294263980697,3.799142873296922
2087,2087,1.0115369245500676,510,1,0,0.0,1.0729030229214136,0.9886644097649396,1.0451171634905694,1.0063829237830022,1.0488025146307065,1.0069816697157885,0.8183653079108115,0.7711646606364143,0.423035857164402,1,3.985188008953501,3.773193663900144
2088,2088,0.8956071899398591,408,0,0,0.0,1.0593546401965996,0.987818703754018,1.0624688699329468,0.9743938320833514,1.0336584193792069,0.987818703754018,0.7773928950827131,0.6725029670790563,0.423035857164402,1,3.9328748245914666,3.6225342066704442
2089,2089,0.9815065955444632,408,0,0,0.0,1.0152149060491755,0.99719132727709,1.022861495288646,1.0109891235542634,1.0504540707202217,1.0181675188505357,0.7278042077485497,0.7063950542796786,0.423035857164402,0,3.8163346798065927,3.7327430239615675
2090,2090,1.0006607804515772,510,0,0,0.0,1.05067138483246,0.9957377918930442,1.0621543083304177,1.0176873172212282,1.0527195907273483,1.004544177148741,0.7832481321537382,0.6725029670790563,0.0,1,3.948793416043964,3.6904722533420697
2091,2091,1.026907518550221,408,0,0,0.0,1.0464583810480494,1.0141909676964709,1.0364615624754068,1.0019873653802,1.0675902856539017,1.005777194524828,0.8123395143700564,0.6725029670790563,0.423035857164402,0,3.962849743547414,3.694458494680555
2092,2092,0.9919223562990608,408,0,1,3.4339872044851463,1.0360333346550443,1.0069816697157885,1.055701225651884,1.0032813507727991,1.031011886460428,1.005164330916258,0.815403362323621,0.7063950542796786,0.423035857164402,0,3.9381498090909774,3.721822405684524
2093,2093,0.9927072832290874,510,1,0,0.0,1.0323534691832597,1.019581045851613,1.033970507409735,1.003916572429902,1.0185957945583872,1.013145908971509,0.8143937066027327,0.5546183566222742,0.5546183566222742,1,3.8993134777541147,3.5912618838752977
2094,2094,0.9860873110883348,415,0,1,2.6390573296152584,1.0624688699329468,0.9979035478286284,1.0376914416485343,1.0032813507727991,1.0550508628001387,1.0186431550010258,0.741511301806249,0.7063950542796786,0.5546183566222742,0,3.8967224761878687,3.7262231078821317
2095,2095,1.0063829237830022,415,0,0,0.0,1.046431938822867,0.9949959866312726,1.0347928575775416,0.9754660547759244,1.003916572429902,0.9957377918930442,0.8510749266677547,0.6725029670790563,0.6258002855986439,0,3.936216295498065,3.6387028003792974
2096,2096,1.025691534626503,415,0,0,0.0,1.0504540707202217,0.9949959866312726,1.0682719712179345,1.0147055277003714,1.0391693544220275,1.0147055277003714,0.8523844819950629,0.6258002855986439,0.423035857164402,1,4.010279878355247,3.650207327630659
2097,2097,0.996469488897356,415,0,0,0.0,1.0411094823348612,1.002638340774061,1.053967666643577,1.0069816697157885,0.9955163232783132,0.9949959866312726,0.7977165865059108,0.6258002855986439,0.6258002855986439,0,3.8883100587626624,3.630416282719766
2098,2098,1.0120789147763565,415,0,1,3.218875824868201,1.052511996822228,0.9957377918930442,1.0285216624571625,0.9986063829166985,1.0727585378927722,0.9894972828240028,0.8069890155045473,0.7325687477104176,0.423035857164402,0,3.9607812126767103,3.716410205344163
2099,2099,0.9775519190240616,415,0,1,3.6375861597263857,1.0296317282856953,1.001328241641345,1.0246126165613827,1.005777194524828,1.0251550500048785,1.0126152065263214,0.7302124673395967,0.6725029670790563,0.423035857164402,0,3.8096118621915527,3.692223609771551
2100,2100,1.0214053992395804,510,0,0,0.0,1.02940414386438,1.0191143049145188,1.0452259193354878,0.9957377918930442,1.031011886460428,0.9662729529060342,0.8183653079108115,0.6258002855986439,0.0,0,3.924007257571107,3.606925335312241
2101,2101,0.9815065955444632,510,0,0,0.0,1.0529262249404068,1.003916572429902,1.0429718105027068,1.0087374499934136,1.0570157419251829,0.979563883308144,0.7773928950827131,0.7711646606364143,0.5546183566222742,0,3.9303066724510094,3.763382566367874
2102,2102,0.9507170793714552,415,0,0,0.0,1.054124034406499,0.9942438142135328,1.0240216638573814,1.0126152065263214,1.0185957945583872,1.022292995628416,0.7555463047707869,0.7860478795856021,0.423035857164402,0,3.852287797593055,3.815199895953872
2103,2103,1.0167128902475082,415,1,0,0.0,1.0655287585908688,0.9860873110883348,1.060449876909571,1.0244444982729537,1.0071599537557376,0.9911259244279969,0.8221661298163554,0.5546183566222742,0.0,1,3.955304719072533,3.5562760904115596
2104,2104,1.002638340774061,415,0,0,0.0,1.033623616220411,1.003916572429902,1.0532457676430818,1.0006607804515772,1.0210909403940018,0.9979035478286284,0.8091673682554217,0.6725029670790563,0.423035857164402,0,3.9171276925129166,3.674983867789164
2105,2105,0.972187368078744,415,0,0,0.0,1.0364943426379365,1.001328241641345,1.0383260466098834,1.004544177148741,1.0379463144765462,0.9949959866312726,0.8069890155045473,0.5546183566222742,0.5546183566222742,0,3.9197557192289127,3.555486762043633
2106,2106,1.0120789147763565,510,1,1,3.332204510175204,1.0368208965563384,1.022292995628416,1.0470362647247664,0.967504775196054,1.0649060872618834,1.0147055277003714,0.751725067666227,0.7063950542796786,0.423035857164402,0,3.9004883162092154,3.7108983528045196
2107,2107,1.0265055527832043,408,1,1,3.58351893845611,1.0305685924115433,1.008158792920829,1.0411984711363191,0.9754660547759244,1.0511267407387648,0.9842999824276124,0.8112944976246211,0.5546183566222742,0.6258002855986439,1,3.9341883019112482,3.52254318674664
2108,2108,0.9911259244279969,415,0,1,3.58351893845611,1.0462198477934237,1.022730883502586,1.0444591565461188,1.0120789147763565,1.0330984933326917,1.0069816697157885,0.7627869824840867,0.851732346927839,0.6725029670790563,0,3.8865644801563213,3.89352381492257
2109,2109,0.9927072832290874,510,0,1,2.833213344056216,1.025609380921347,1.005777194524828,1.0458730855877978,1.009309683677839,1.0574315565725811,1.0126152065263214,0.816401699882637,0.5546183566222742,0.6725029670790563,0,3.945315722964363,3.5823204413512633
2110,2110,1.0209555590262906,415,0,0,0.0,1.0581295435829925,0.9919223562990608,1.018879285862942,1.0109891235542634,1.0423689551414588,1.0063829237830022,0.8091673682554217,0.7536533308455107,0.5546183566222742,0,3.928545152842815,3.7629477344818376
2111,2111,1.005777194524828,415,0,0,0.0,1.0511028892720695,1.0063829237830022,1.038952174106127,0.985200844275134,1.0452530680149186,1.0069816697157885,0.816401699882637,0.5546183566222742,0.0,1,3.9517098312757524,3.5531837943961992
2112,2112,0.9942438142135328,408,0,0,0.0,1.0288304436016882,1.0136711282744777,1.0354003956610682,1.0069816697157885,1.0577614022798418,1.0063829237830022,0.8202862443392709,0.7063950542796786,0.5546183566222742,0,3.942278485881869,3.733430776052947
2113,2113,0.9927072832290874,408,0,0,0.0,1.0280156532119589,0.9919223562990608,1.065097309262763,0.9942438142135328,1.055701225651884,1.005164330916258,0.8249123211161004,0.423035857164402,0.423035857164402,0,3.973726509242706,3.414366358593254
2114,2114,1.0240216638573814,415,0,1,3.49650756146648,1.069462657656574,0.99719132727709,1.0628360376947,1.0069816697157885,1.046748238488591,1.009309683677839,0.747757924070225,0.6258002855986439,0.423035857164402,1,3.9268048579100903,3.6392829662693615
2115,2115,1.026907518550221,408,0,0,0.0,1.0290990186556717,1.026907518550221,1.0587965513432556,0.9934810060205292,1.0507676331077975,1.0019873653802,0.7964892999116688,0.6258002855986439,0.5546183566222742,0,3.9351525030183936,3.648176175549594
2116,2116,1.0325675221964723,408,0,1,3.1354942159291497,1.048195929279713,0.996469488897356,1.0231216847849196,1.003916572429902,1.0261815742406322,1.008158792920829,0.824006498432407,0.5546183566222742,0.5546183566222742,0,3.921505686737672,3.5631632108703615
2117,2117,0.9949959866312726,415,0,1,3.58351893845611,1.0364615624754068,1.007573578755084,1.043256141591183,1.002638340774061,1.017879950886294,0.9824533207775524,0.8183653079108115,0.6258002855986439,0.423035857164402,0,3.915962962863695,3.6184655259053415
2118,2118,0.97105164486998,415,0,0,0.0,1.0384205010347205,1.0172024688229897,1.051836456063146,1.001328241641345,1.052419422652111,0.9815065955444632,0.805879938962908,0.6258002855986439,0.0,0,3.9485563187128854,3.6258375916074415
2119,2119,1.003916572429902,415,0,0,0.0,1.0157693509159855,1.0063829237830022,1.0388899368905145,1.003916572429902,1.055138131289634,0.98338429212101,0.825808803625318,0.7536533308455107,0.5546183566222742,0,3.9356062227214523,3.7473371191794254
2120,2120,1.005164330916258,408,0,0,0.0,1.044237708534132,0.99719132727709,1.013514132014465,0.9934810060205292,1.053359337835043,0.97330117724734,0.7325687477104176,0.7325687477104176,0.5546183566222742,0,3.8436799260940573,3.696542258255377
2121,2121,0.97105164486998,415,0,1,3.5263605246161616,1.039570030941982,1.009309683677839,1.067900023030354,0.9949959866312726,1.0591760296192412,0.9610711304112431,0.8221661298163554,0.6725029670790563,0.423035857164402,0,3.9888122134079325,3.6378797677994115
2122,2122,1.005777194524828,415,0,1,3.218875824868201,1.0612536080628718,1.0019873653802,1.0423400506926392,1.013145908971509,1.0657343206223049,1.008158792920829,0.8080847309801162,0.6258002855986439,0.6258002855986439,0,3.9774127103579326,3.649092352871182
2123,2123,0.9765185323813282,415,1,1,3.688879454113936,1.0244444982729537,1.0235951562943069,1.0544793955905645,0.9949959866312726,1.0661425050226525,0.9805436220896986,0.8133725028259741,0.7063950542796786,0.423035857164402,0,3.958438901712144,3.705529819294957
2124,2124,0.97105164486998,408,1,1,3.091042453358316,1.0282887765244817,1.0019873653802,1.0268273905547514,0.9949959866312726,1.0469840315592949,1.0109891235542634,0.7989278990573876,0.6725029670790563,0.423035857164402,0,3.9010280976959155,3.6804754426447923
2125,2125,0.996469488897356,408,1,0,0.0,1.0555287270703315,1.0087374499934136,1.0388899368905145,1.001328241641345,1.030605690202162,1.0063829237830022,0.8212312206090928,0.5546183566222742,0.5546183566222742,1,3.946255574772101,3.571066972040035
2126,2126,1.0032813507727991,415,0,0,0.0,1.0524657336834242,1.0109891235542634,1.040240358802432,1.015719197900225,1.02898409780704,1.0152149060491755,0.815403362323621,0.7325687477104176,0.7063950542796786,0,3.937093552616517,3.7744919752140813
2127,2127,1.0120789147763565,408,0,0,0.0,1.0637047095491816,1.0141909676964709,1.0575142502054409,0.9957377918930442,1.0526274457400684,1.0019873653802,0.8326639275093545,0.6725029670790563,0.0,1,4.006510333004045,3.6844190920487714
2128,2128,1.019581045851613,415,0,1,3.1780538303479458,1.0352660591273697,1.025691534626503,1.0533820172165596,0.9979035478286284,1.0648537875503736,1.002638340774061,0.8266961159266517,0.423035857164402,0.423035857164402,0,3.9801979798209546,3.4492692803935947
2129,2129,0.9911259244279969,415,0,0,0.0,1.0484496603403068,1.0109891235542634,1.043482351124484,1.0069816697157885,1.0488777699745275,1.005164330916258,0.7964892999116688,0.6258002855986439,0.423035857164402,0,3.9372990813509876,3.648935409784954
2130,2130,1.005164330916258,415,0,0,0.0,1.023035107569892,1.002638340774061,1.0482721977454297,0.9650147563028656,1.0330280376909131,1.001328241641345,0.7034111138230227,0.6725029670790563,0.5546183566222742,0,3.8077464568292574,3.641484305797328
2131,2131,1.007573578755084,510,0,0,0.0,1.0470623588628805,1.009875623760096,1.0538331985260525,0.9815065955444632,1.0570575005076726,0.9957377918930442,0.7887680926690985,0.7063950542796786,0.6258002855986439,0,3.946721150565704,3.693515065477282
2132,2132,1.009309683677839,415,0,0,0.0,1.038827616770826,1.0126152065263214,1.030790750798266,0.996469488897356,1.0596113516761645,1.015719197900225,0.795245662433237,0.7860478795856021,0.0,0,3.9244753816784934,3.8108517729095044
2133,2133,1.0296317282856953,408,0,1,3.4339872044851463,0.9694232858393902,1.004544177148741,1.05736943419691,1.0087374499934136,1.0508636759093637,0.999984786274994,0.824006498432407,0.7063950542796786,0.423035857164402,0,3.901662894378071,3.719661467696827
2134,2134,0.9743938320833514,510,0,0,0.0,1.046272962986625,0.9919223562990608,1.043256141591183,1.009875623760096,1.0587162403776835,0.9903176749711242,0.749760341930018,0.6258002855986439,0.423035857164402,0,3.8980056868855093,3.6179159406289245
2135,2135,0.972187368078744,510,0,0,0.0,1.0492273164114143,0.9815065955444632,1.033970507409735,0.97330117724734,1.0319945701735174,1.0136711282744777,0.7989278990573876,0.7063950542796786,0.423035857164402,0,3.9141202930520542,3.6748739553459595
2136,2136,0.9775519190240616,415,0,0,0.0,1.0511267407387648,1.0152149060491755,1.0581091720470432,1.009309683677839,1.0348946564785717,0.9934810060205292,0.7846582031691327,0.423035857164402,0.5546183566222742,0,3.9287887724335118,3.4410414529119455
2137,2137,1.0032813507727991,415,0,0,0.0,1.0578229737988325,0.9911259244279969,1.0397538052306117,1.0115369245500676,1.0081005688143545,1.008158792920829,0.8334834996046646,0.7536533308455107,0.0,0,3.939160847448463,3.764474972744405
2138,2138,0.8449070458972404,415,0,0,0.0,1.014756697119516,1.0191143049145188,1.048424351022507,0.9927072832290874,1.0530177564626917,0.9202501631240612,0.8523844819950629,0.7063950542796786,0.5546183566222742,0,3.9685832865997774,3.638466805547346
2139,2139,0.9942438142135328,415,0,0,0.0,1.0660577873708723,1.0218511892271116,1.0579049351839018,0.9805436220896986,1.0204559752499605,1.013145908971509,0.8326639275093545,0.5546183566222742,0.6725029670790563,1,3.9770826253140887,3.570159076910593
2140,2140,1.043341100287541,415,0,0,0.0,1.0527425973260325,0.999984786274994,1.0491526406294132,1.009309683677839,1.0391693544220275,1.008158792920829,0.7927077628291277,0.6258002855986439,0.0,0,3.9337723552066004,3.643253548472306
2141,2141,0.9538597857904456,415,1,0,0.0,1.0023789165743175,1.007573578755084,1.0672617904683672,1.003916572429902,1.031922466093783,0.9698932078063358,0.8350993109078182,0.7325687477104176,0.5546183566222742,1,3.9366624840442856,3.713952106701739
2142,2142,1.03566792986984,510,0,0,0.0,1.0349285409218254,1.015719197900225,1.0392312210766217,0.9986063829166985,1.079514924422257,0.9805436220896986,0.8266961159266517,0.7536533308455107,0.5546183566222742,0,3.9803708023473563,3.7485225337521326
2143,2143,1.0407218823608209,415,1,1,3.295836866004329,1.0438475894039112,1.0115369245500676,1.0338320543585269,0.9754660547759244,1.0437635603848927,1.013145908971509,0.8405228745078467,0.6258002855986439,0.423035857164402,1,3.961966078655177,3.6259491738961445
2144,2144,0.9919223562990608,408,1,0,0.0,1.012186625466743,0.9927072832290874,1.0517659875844012,1.0176873172212282,1.0453344176589752,1.008158792920829,0.8001236021366125,0.6258002855986439,0.6258002855986439,0,3.9094106328467326,3.644353678969788
2145,2145,1.004544177148741,510,1,0,0.0,1.0575348993484073,1.0181675188505357,1.0239791793588722,0.99719132727709,1.0672947543365952,1.0191143049145188,0.8212312206090928,0.5546183566222742,0.423035857164402,1,3.9700400536529674,3.5890915076644188
2146,2146,1.0218511892271116,408,0,1,3.332204510175204,1.0406319754205375,0.9911259244279969,1.0496727986811845,1.0265055527832043,1.0259779888355192,1.0087374499934136,0.7989278990573876,0.6725029670790563,0.6258002855986439,0,3.915210661994629,3.6988718942836707
2147,2147,1.0296317282856953,408,0,1,3.091042453358316,1.043028817050272,0.996469488897356,1.0478895672438726,0.9911259244279969,0.9943950908194952,1.009309683677839,0.7803646465744236,0.6725029670790563,0.0,0,3.865678121688063,3.6694080640822486
2148,2148,1.025691534626503,415,0,0,0.0,1.0188321489445942,1.0006607804515772,1.0399368584308264,1.0032813507727991,1.0454696801372896,1.0063829237830022,0.4414742018033659,0.5546183566222742,0.5546183566222742,0,3.5457128893160763,3.5649434116296534
2149,2149,1.0120789147763565,510,0,1,2.5649493574615367,1.0496727986811845,1.007573578755084,1.0280938456756414,1.013145908971509,1.0379463144765462,0.987818703754018,0.7860478795856021,0.7325687477104176,0.5546183566222742,0,3.901760838418974,3.7411069391910288
2150,2150,1.028482925863037,408,0,0,0.0,1.0238088728874757,0.99719132727709,1.0403612074905264,0.999984786274994,1.0511267407387648,0.9949959866312726,0.7927077628291277,0.7063950542796786,0.5546183566222742,0,3.9080045839458943,3.6985671544630354
2151,2151,0.97330117724734,415,1,0,0.0,1.061856148588589,1.015719197900225,1.0299335126287772,1.009875623760096,1.0577408592569009,0.979563883308144,0.7887680926690985,0.7989278990573876,0.0,1,3.938298613143365,3.8040866040258527
2152,2152,1.0382629710766498,415,0,0,0.0,1.0506231833876123,1.005777194524828,1.0562997278189716,1.0032813507727991,1.0484496603403068,0.9815065955444632,0.747757924070225,0.7063950542796786,0.6258002855986439,1,3.9031304956171153,3.6969601951217688
2153,2153,0.9754660547759244,415,0,0,0.0,1.008216951459733,1.0126152065263214,1.0487774016960965,1.016218495895403,1.0408414885284938,1.0240216638573814,0.8275744235987819,0.7325687477104176,0.0,0,3.925410265283105,3.7854241139895235
2154,2154,0.967504775196054,415,0,0,0.0,1.046299497432887,1.008158792920829,1.015969465435553,1.009875623760096,1.0643449122287534,1.0115369245500676,0.7253419261773606,0.7860478795856021,0.0,0,3.8519558012745545,3.815619220816595
2155,2155,0.943907056186028,415,0,0,0.0,1.067245298957172,1.0231649163770178,1.0280156532119589,0.9986063829166985,1.043819596769744,0.9743938320833514,0.7592308162427008,0.6258002855986439,0.6725029670790563,1,3.8983113651815753,3.6219654169757116
2156,2156,0.8956071899398591,510,0,0,0.0,1.054700062024987,0.9775519190240616,1.0466167134078914,1.0126152065263214,1.0493515026364335,0.9894972828240028,0.8405228745078467,0.7325687477104176,0.5546183566222742,0,3.9911911525771586,3.7122331560848036
2157,2157,1.025691534626503,408,0,0,0.0,1.051742473458487,0.9894972828240028,1.022774459229829,1.004544177148741,1.0564692500235202,1.008158792920829,0.6416423861753442,0.6258002855986439,0.423035857164402,0,3.77262856888718,3.6280005384922167
2158,2158,1.0152149060491755,510,0,1,3.367295829986474,1.033623616220411,0.9698932078063358,1.0527425973260325,0.9942438142135328,1.0350300491277933,0.9911259244279969,0.7662224715044368,0.6258002855986439,0.5546183566222742,0,3.8876187341786737,3.581063232046509
2159,2159,1.0147055277003714,415,0,0,0.0,1.025609380921347,1.0172024688229897,1.0443485659337182,0.9894972828240028,1.046563996986828,0.9886644097649396,0.8318363985199613,0.7860478795856021,0.0,1,3.9483583423618542,3.7814120409975343
2160,2160,0.9610711304112431,510,1,0,0.0,1.0064431101744091,0.985200844275134,1.015969465435553,1.002638340774061,1.0002562206943804,0.99719132727709,0.8284438879783939,0.6258002855986439,0.0,0,3.851112684282737,3.6108307979249292
2161,2161,0.985200844275134,415,0,0,0.0,1.0498693890742288,0.9911259244279969,1.033623616220411,1.0167128902475082,1.0469317384356054,0.9805436220896986,0.8310007739998975,0.6725029670790563,0.423035857164402,0,3.961425517730143,3.6608854038442606
2162,2162,0.8202862443392709,415,0,0,0.0,1.0454426595862158,1.001328241641345,1.047529513507924,0.9957377918930442,1.038921065848597,0.9993000568565548,0.7964892999116688,0.7536533308455107,0.5546183566222742,0,3.9283825388544056,3.7500194212364546
2163,2163,0.972187368078744,510,0,0,0.0,1.047786985519894,0.9979035478286284,1.0338320543585269,1.0109891235542634,1.0152149060491755,0.9860873110883348,0.8382411892305852,0.6258002855986439,0.6258002855986439,0,3.935075135158182,3.6207802680698706
2164,2164,0.99719132727709,415,0,1,3.80666248977032,1.028482925863037,0.9993000568565548,1.0612915128628846,0.9815065955444632,1.0323534691832597,1.0147055277003714,0.7989278990573876,0.423035857164402,0.5546183566222742,0,3.921055806966569,3.4185480372657917
2165,2165,1.0167128902475082,415,1,1,3.4011973816621555,1.0585350006918597,0.9886644097649396,1.032816044139712,1.009875623760096,1.060681033423442,1.0126152065263214,0.8580278252863395,0.7325687477104176,0.423035857164402,1,4.010059903541353,3.7437239877617747
2166,2166,1.0314875462798236,408,0,0,0.0,1.033762676392974,1.0126152065263214,1.0686087515806848,1.0186431550010258,1.0316329587935256,1.0147055277003714,0.7989278990573876,0.5546183566222742,0.423035857164402,0,3.932932285824572,3.600582245849993
2167,2167,0.9869597981852865,415,0,0,0.0,1.0375955065726628,0.9903176749711242,1.034074083243674,0.9911259244279969,1.0503328859531504,1.0244444982729537,0.8463183195479455,0.7711646606364143,0.0,0,3.9683207953174326,3.7770527583084887
2168,2168,0.9275973506953992,415,0,0,0.0,1.0530177564626917,1.0006607804515772,1.0432844785521025,1.005164330916258,1.05831246316127,1.0087374499934136,0.7536533308455107,0.7536533308455107,0.6258002855986439,0,3.908268029021575,3.7682158922067597
2169,2169,1.022730883502586,408,1,0,0.0,1.0600423781271575,0.9886644097649396,1.0364615624754068,1.0115369245500676,1.0423400506926392,0.999984786274994,0.816401699882637,0.6725029670790563,0.423035857164402,0,3.9552456911778404,3.672689087669058
2170,2170,0.9805436220896986,408,0,0,0.0,1.0382314014560148,1.0104353962561965,1.027622788125207,1.009875623760096,1.0343834629215896,0.9869597981852865,0.7964892999116688,0.7536533308455107,0.5546183566222742,0,3.89672695241448,3.7609241490470895
2171,2171,0.9824533207775524,415,0,0,0.0,1.068142967257483,0.9927072832290874,1.0500162718517656,1.0019873653802,1.058170258315182,1.0147055277003714,0.8230911610676044,0.7063950542796786,0.6258002855986439,1,3.999420658492035,3.7157952305893374
2172,2172,1.0209555590262906,415,0,1,3.737669618283368,1.032210232660216,0.9894972828240028,1.0698211855585744,0.985200844275134,1.0315239407985322,1.009875623760096,0.819331006683021,0.7063950542796786,0.0,0,3.9528863657003437,3.6909688051389113
2173,2173,1.025691534626503,415,0,0,0.0,1.0369184229946713,0.9949959866312726,1.061177699100015,1.0136711282744777,1.0510312588256203,0.9775519190240616,0.824006498432407,0.6725029670790563,0.423035857164402,0,3.973133879352714,3.6587220010088686
2174,2174,1.0218511892271116,510,0,0,0.0,1.00839103502399,0.996469488897356,1.0462198477934237,1.009309683677839,1.0214053992395804,1.0069816697157885,0.816401699882637,0.7063950542796786,0.0,0,3.892417981939631,3.7191558965706624
2175,2175,0.9743938320833514,415,1,0,0.0,1.046537615913696,0.9911259244279969,1.0360994692785148,0.9942438142135328,1.0593150119552202,1.0069816697157885,0.7758724080478123,0.6258002855986439,0.6258002855986439,0,3.9178245051952434,3.6181516939559617
2176,2176,1.028482925863037,510,0,1,3.044522437723423,1.0480685296039305,1.007573578755084,1.00039141791193,0.9894972828240028,1.035232415341425,1.025691534626503,0.7695443153937457,0.7063950542796786,0.423035857164402,0,3.853236678251031,3.729157450485268
2177,2177,1.032210232660216,408,0,0,0.0,0.9526219854766028,1.0147055277003714,1.0252379702797614,1.0218511892271116,1.0450081489918388,1.0006607804515772,0.8212312206090928,0.8293046663001791,0.423035857164402,0,3.8440993253572957,3.866522163679239
2178,2178,0.9805436220896986,510,0,0,0.0,1.0241488972044337,1.020501600316601,1.021360598591922,0.999984786274994,1.0512458085155874,1.0006607804515772,0.8123395143700564,0.6258002855986439,0.5546183566222742,0,3.909094818682,3.646947452641816
2179,2179,1.0032813507727991,415,0,0,0.0,1.056973943729655,0.9949959866312726,1.053653273785326,1.0109891235542634,1.0293661085264036,0.9919223562990608,0.795245662433237,0.7536533308455107,0.6725029670790563,0,3.9352389884746217,3.7515607973301073
2180,2180,1.0167128902475082,415,0,0,0.0,1.0458195032891855,1.0181675188505357,1.0436512826113629,0.979563883308144,1.0218067905767407,1.0120789147763565,0.8310007739998975,0.6258002855986439,0.0,0,3.9422783504771868,3.63561060253368
2181,2181,0.9474052700602774,408,0,0,0.0,0.9370747049428568,1.005777194524828,1.0358011314943103,0.9903176749711242,1.0257325597118,0.9949959866312726,0.7860478795856021,0.5546183566222742,0.5546183566222742,0,3.7846562757345694,3.5457092127494994
2182,2182,1.0200434531560645,408,0,0,0.0,1.0642742472010065,1.005164330916258,1.052811546147184,1.0200434531560645,1.041816659873556,0.9934810060205292,0.7846582031691327,0.6258002855986439,0.423035857164402,1,3.943560656390879,3.6444890756914954
2183,2183,1.0421952569460855,415,0,1,3.4657359027997265,0.9797611979118208,0.9650147563028656,1.0165650815518144,1.005777194524828,1.029820564851864,1.007573578755084,0.8173889426906868,0.6258002855986439,0.0,0,3.8435357870061857,3.6041658151814215
2184,2184,0.97105164486998,510,0,0,0.0,1.0587363319263423,0.9775519190240616,1.0552252283543333,1.0214053992395804,1.044761914751862,0.9986063829166985,0.8427438869642762,0.6725029670790563,0.0,1,4.001467361996814,3.6700666682593965
2185,2185,1.016218495895403,510,0,0,0.0,1.0416995432195997,1.0209555590262906,1.058676029618862,1.0104353962561965,1.038983261688513,1.009309683677839,0.7989278990573876,0.6258002855986439,0.423035857164402,0,3.9382867335843623,3.6665009245589695
2186,2186,1.0252793777568705,415,0,0,0.0,1.0206382245007952,1.0032813507727991,1.0574522445568508,1.0176873172212282,1.0515066517122882,0.9765185323813282,0.816401699882637,0.5546183566222742,0.0,0,3.945998820652571,3.5521055569976294
2187,2187,1.0006607804515772,408,0,1,3.367295829986474,1.062817753183669,0.9979035478286284,1.0399368584308264,1.001328241641345,1.0679324960108216,0.9860873110883348,0.7348749836529411,0.7711646606364143,0.423035857164402,0,3.9055620912782576,3.756483761194722
2188,2188,1.022292995628416,510,0,1,3.9318256327243257,1.0402706003870503,0.9986063829166985,1.037627506704872,1.0063829237830022,1.048322972244091,1.002638340774061,0.8212312206090928,0.6725029670790563,0.5546183566222742,0,3.9474522999451063,3.6801306145528176
2189,2189,1.0244444982729537,415,0,1,3.6635616461296463,1.032674190053846,1.005164330916258,1.0218511892271116,1.0109891235542634,1.0561082343760098,1.0176873172212282,0.683712430279746,0.7325687477104176,0.0,0,3.7943460439367134,3.766409519402167
2190,2190,1.0136711282744777,415,0,1,2.995732273553991,1.0376594850543748,1.0087374499934136,1.0476069083535615,1.002638340774061,1.050959514047514,1.015719197900225,0.7989278990573876,0.7325687477104176,0.423035857164402,0,3.935153806512838,3.7596637363781173
2191,2191,1.0307537956581727,415,0,0,0.0,1.043028817050272,1.004544177148741,0.9950706293329976,0.9993000568565548,1.0661763451139217,0.9894972828240028,0.8024695798580879,0.6258002855986439,0.423035857164402,0,3.9067453713552798,3.6191418024279423
2192,2192,0.9538597857904456,415,0,0,0.0,1.064993112038457,1.0176873172212282,1.017879950886294,1.002638340774061,1.033901331273697,1.005777194524828,0.7939852844174682,0.7325687477104176,0.423035857164402,0,3.910759678615916,3.7586716002305347
2193,2193,1.001328241641345,408,0,0,0.0,1.021895548042924,0.9894972828240028,1.0301211723265706,1.013145908971509,1.0310486435814583,0.9903176749711242,0.8001236021366125,0.7063950542796786,0.5546183566222742,0,3.883188966087566,3.699355921046315
2194,2194,1.0032813507727991,415,0,1,3.218875824868201,1.0110441684052134,0.9993000568565548,1.0320305815099184,0.9927072832290874,1.037080519485866,0.9957377918930442,0.8293046663001791,0.7860478795856021,0.5546183566222742,0,3.909459935701177,3.7737930115642886
2195,2195,0.9553725127999176,408,0,0,0.0,1.034758875979825,1.009309683677839,1.0233805066343973,0.9775519190240616,1.043341100287541,0.9934810060205292,0.8202862443392709,0.6258002855986439,0.0,0,3.9217667272410344,3.606142894321074
2196,2196,1.0126152065263214,510,0,0,0.0,1.0480174694388822,0.9986063829166985,1.022730883502586,1.0273061898515887,1.0271869314185005,1.003916572429902,0.7977165865059108,0.423035857164402,0.5546183566222742,0,3.8956518708658794,3.452865002362591
2197,2197,0.99719132727709,415,1,0,0.0,1.0575142502054409,1.0167128902475082,1.024738327874205,1.009309683677839,1.0386401569418002,1.0032813507727991,0.8173889426906868,0.6258002855986439,0.0,0,3.9382816777121326,3.6551042102967903
2198,2198,0.9927072832290874,408,0,0,0.0,1.0269875147705876,0.979563883308144,1.0631819808604492,0.996469488897356,1.033762676392974,1.0296317282856953,0.7371330092563764,0.6258002855986439,0.5546183566222742,0,3.861065181280387,3.631465386089839
2199,2199,1.0152149060491755,415,0,0,0.0,1.0138276403642967,0.9979035478286284,1.0503813989898785,1.004544177148741,1.0473743275543008,1.0152149060491755,0.7818171316562723,0.6725029670790563,0.5546183566222742,0,3.893400498564748,3.690165598105601
2200,2200,1.030008664286585,408,0,1,3.332204510175204,1.0419917816691444,1.022292995628416,1.0441543896884633,1.0115369245500676,1.0550508628001387,1.009875623760096,0.8434712343369151,0.7711646606364143,0.423035857164402,0,3.9846682684946613,3.814870204574994
2201,2201,1.0176873172212282,510,0,0,0.0,1.0552687127970892,0.996469488897356,1.0487271340111737,0.99719132727709,1.0548099854226805,1.0181675188505357,0.8366848759673883,0.7325687477104176,0.0,1,3.9954907081983317,3.744397082735399
2202,2202,1.0191143049145188,408,1,0,0.0,1.048474955536601,1.0063829237830022,1.075475812267577,0.9927072832290874,1.0175423543659758,1.015719197900225,0.8574200375514633,0.5546183566222742,0.7063950542796786,1,3.998913159721617,3.5694277615345884
2203,2203,1.0307537956581727,408,0,0,0.0,1.0358011314943103,1.0109891235542634,1.0576791725218326,0.9775519190240616,1.0530634519646838,1.005164330916258,0.0,0.0,0.5546183566222742,0,3.1465437559808267,2.993705373494583
2204,2204,1.025691534626503,510,1,1,3.4339872044851463,1.0367557665616325,1.0069816697157885,1.02898409780704,1.0120789147763565,1.0526735419748423,0.9919223562990608,0.8112944976246211,0.6258002855986439,0.423035857164402,0,3.929707903968136,3.6367832263898494
2205,2205,0.9957377918930442,415,1,1,3.295836866004329,1.03465678484363,1.005164330916258,1.0409607877471725,1.005164330916258,1.0477356076696798,0.9842999824276124,0.8318363985199613,0.6258002855986439,0.0,1,3.955189578780444,3.620428929858772
2206,2206,1.0176873172212282,510,0,1,3.332204510175204,0.6013525312800371,1.0104353962561965,1.057140899111359,1.003916572429902,1.0547220684880043,1.030008664286585,0.7887680926690985,0.7063950542796786,0.6258002855986439,0,3.5019835915484983,3.750755687252362
2207,2207,1.008158792920829,415,0,0,0.0,1.0395393314192345,1.0248637173933617,1.0473224810384547,1.005777194524828,1.054788022506652,1.0120789147763565,0.7977165865059108,0.5546183566222742,0.423035857164402,0,3.939366421470252,3.597338183316821
2208,2208,0.9942438142135328,415,0,0,0.0,1.038858787206424,0.9957377918930442,1.0282887765244817,0.9934810060205292,1.0248637173933617,1.002638340774061,0.7627869824840867,0.6258002855986439,0.423035857164402,0,3.854798263608354,3.6176574242862785
2209,2209,1.0032813507727991,510,0,1,2.302585092994046,1.0315239407985322,1.0120789147763565,1.0468793852262814,1.0147055277003714,1.023208110040732,0.97330117724734,0.8080847309801162,0.7860478795856021,0.0,0,3.909696167045662,3.78613349930967
2210,2210,0.8791286218612396,415,0,0,0.0,1.0502113743438826,1.0244444982729537,1.048550756542031,1.0109891235542634,1.0480940381649428,1.009309683677839,0.824006498432407,0.5546183566222742,0.423035857164402,0,3.9708626674832637,3.5993616621273308
2211,2211,1.025691534626503,408,0,1,3.4657359027997265,1.048424351022507,0.9986063829166985,1.05067138483246,1.015719197900225,1.0529262249404068,1.008158792920829,0.8069890155045473,0.423035857164402,0.5546183566222742,0,3.9590109762999215,3.4455202309021544
2212,2212,0.9202501631240612,408,0,0,0.0,1.0313051580395565,1.0115369245500676,1.0428861684705877,1.013145908971509,1.0041685189358711,0.9927072832290874,0.7555463047707869,0.7536533308455107,0.423035857164402,0,3.8339061502168024,3.771043447596175
2213,2213,0.9687112141532412,408,0,1,3.713572066704308,1.005777194524828,0.9860873110883348,1.0384519435813513,1.002638340774061,1.0363630850581809,1.0115369245500676,0.8013040485562493,0.5546183566222742,0.5546183566222742,1,3.8818962717206094,3.554880933034738
2214,2214,1.0069816697157885,415,0,0,0.0,1.0454156230802891,1.007573578755084,1.0323534691832597,1.0087374499934136,1.0296317282856953,1.003916572429902,0.8326639275093545,0.423035857164402,0.6258002855986439,0,3.940064748058598,3.443263458342802
2215,2215,1.0265055527832043,408,0,0,0.0,1.0611206802238689,0.99719132727709,1.052256955560381,0.9894972828240028,1.062909098461326,0.9903176749711242,0.7371330092563764,0.423035857164402,0.0,1,3.9134197435019527,3.400042142236619
2216,2216,0.9993000568565548,415,0,0,0.0,1.0518129788747874,1.0120789147763565,1.0448441397728827,1.0087374499934136,1.0354674211985757,1.005777194524828,0.839008674512346,0.7325687477104176,0.423035857164402,0,3.9711332143585913,3.7591623070050155
2217,2217,1.0181675188505357,415,0,0,0.0,1.0380732337538687,0.9986063829166985,1.0604305583668463,0.99719132727709,1.0416115111330717,0.9942438142135328,0.7695443153937457,0.6725029670790563,0.0,0,3.909659618647532,3.6625444914863774
2218,2218,1.0209555590262906,415,0,0,0.0,0.7678971825427153,0.9927072832290874,1.0354674211985757,1.002638340774061,1.0402706003870503,0.987818703754018,0.8284438879783939,0.5546183566222742,0.5546183566222742,0,3.672079092106735,3.537782684379441
2219,2219,0.999984786274994,415,0,1,3.1780538303479458,1.0392312210766217,0.9942438142135328,1.0266667376343306,0.9949959866312726,1.0736038583584055,1.007573578755084,0.8133725028259741,0.7536533308455107,0.423035857164402,0,3.9528743198953316,3.7504667104454006
2220,2220,1.0069816697157885,415,0,0,0.0,1.04606013061016,0.9869597981852865,1.05885668808052,1.0126152065263214,1.0274251562380514,0.9775519190240616,0.8069890155045473,0.6258002855986439,0.0,0,3.9393309904332785,3.602927209334313
2221,2221,1.015719197900225,415,0,0,0.0,1.0235951562943069,1.0063829237830022,1.029137264927126,1.0032813507727991,0.9540127610450848,0.9934810060205292,0.8249123211161004,0.423035857164402,0.5546183566222742,0,3.8316575033826177,3.4261811377407323
2222,2222,0.925237402907562,415,0,0,0.0,1.03800981703048,0.9662729529060342,1.0628543144719207,1.0032813507727991,1.0632363509626346,0.9903176749711242,0.7278042077485497,0.7536533308455107,0.5546183566222742,0,3.891904690213585,3.713525309495468
2223,2223,1.022292995628416,408,1,0,0.0,1.0535178518192745,1.004544177148741,1.0372097959063549,0.9911259244279969,1.0590565494328688,0.9886644097649396,0.839008674512346,0.6725029670790563,0.0,1,3.988792871670844,3.6568374784207336
2224,2224,0.9942438142135328,415,0,0,0.0,1.0387339806992983,1.0120789147763565,1.0404215144187952,1.0136711282744777,1.049500077110868,0.999984786274994,0.8047572096727953,0.7536533308455107,0.423035857164402,0,3.9334127819017564,3.7793881601713393
2225,2225,1.0120789147763565,408,0,1,2.995732273553991,1.029895892784139,1.005164330916258,1.0399368584308264,1.013145908971509,1.042108162740893,1.0120789147763565,0.7743279928495146,0.5546183566222742,0.6258002855986439,0,3.8862689068053733,3.585007511286398
2226,2226,1.015719197900225,510,0,1,3.1780538303479458,1.0552252283543333,0.9942438142135328,1.0593744408554937,1.005777194524828,1.054057086919776,1.007573578755084,0.844192254799312,0.6258002855986439,0.5546183566222742,0,4.012849010928916,3.633394873092088
2227,2227,1.0261002420274623,415,1,0,0.0,1.0093665587898295,1.0172024688229897,1.068029766245067,0.9993000568565548,1.0483483381940475,0.9894972828240028,0.8047572096727953,0.7325687477104176,0.423035857164402,0,3.930501872901739,3.738568556213965
2228,2228,1.0063829237830022,510,0,1,2.302585092994046,0.9946212128722536,1.002638340774061,1.069836704874835,1.008158792920829,0.987733413356621,0.9927072832290874,0.7743279928495146,0.6725029670790563,0.6258002855986439,0,3.826519323953224,3.676007384003034
2229,2229,1.0147055277003714,408,0,1,3.80666248977032,1.0120789147763565,0.9919223562990608,1.0277409821283674,1.0141909676964709,1.0556150603814114,1.001328241641345,0.8202862443392709,0.5546183566222742,0.423035857164402,0,3.915721201625406,3.5620599222591514
2230,2230,1.022292995628416,510,0,0,0.0,1.029820564851864,0.9886644097649396,1.0205471835001672,0.9986063829166985,1.0569530297552343,0.985200844275134,0.7874176770111411,0.5546183566222742,0.423035857164402,0,3.8947384551184063,3.5270899935790467
2231,2231,0.9754660547759244,510,0,1,3.4657359027997265,1.036723167767421,0.9765185323813282,1.0439593899983166,0.9815065955444632,1.0493762989946132,1.0019873653802,0.8310007739998975,0.7325687477104176,0.423035857164402,0,3.961059630760248,3.692581241016409
2232,2232,1.031850253219713,408,0,0,0.0,1.0295180703021112,0.9911259244279969,1.037563484630335,1.0167128902475082,1.035967107282521,0.9957377918930442,0.7302124673395967,0.5546183566222742,0.6725029670790563,1,3.8332611295545638,3.5581949631908234
2233,2233,0.9698932078063358,415,1,1,3.49650756146648,1.0490279063718797,0.9979035478286284,1.0533820172165596,1.0200434531560645,1.0419626406410782,1.022292995628416,0.8310007739998975,0.6258002855986439,0.0,1,3.975373338229415,3.6660402822117524
2234,2234,1.0141909676964709,415,0,1,3.218875824868201,1.0512458085155874,0.9886644097649396,1.052972014150885,0.979563883308144,1.033762676392974,1.0181675188505357,0.7860478795856021,0.8293046663001791,0.423035857164402,0,3.924028378645048,3.8157004782237984
2235,2235,1.0191143049145188,408,0,1,3.4339872044851463,1.0398149028265846,1.0126152065263214,1.0561934450541082,1.0240216638573814,1.030679799990252,1.004544177148741,0.761024447518017,0.7536533308455107,0.0,0,3.8877125953889617,3.7948343783779546
2236,2236,0.8743695839948721,408,0,0,0.0,1.0403612074905264,0.9949959866312726,1.0570157419251829,0.9553725127999176,1.0609491734305798,1.005777194524828,0.8230911610676044,0.7325687477104176,0.5546183566222742,0,3.9814172839138937,3.688714441666436
2237,2237,1.009875623760096,415,0,0,0.0,1.046537615913696,1.0277016161093295,1.0476069083535615,1.005164330916258,1.0376594850543748,1.001328241641345,0.778890100585339,0.6725029670790563,0.0,0,3.910694109906971,3.7066971557459887
2238,2238,0.985200844275134,408,0,0,0.0,1.040088855692616,0.9993000568565548,1.0474002286738289,1.001328241641345,1.062671197948159,0.9886644097649396,0.8133725028259741,0.6725029670790563,0.6258002855986439,0,3.963532785140578,3.661795675341896
2239,2239,1.008158792920829,415,0,0,0.0,1.0500407058806351,0.9824533207775524,1.0348946564785717,0.98338429212101,1.0592356475667055,0.9986063829166985,0.7860478795856021,0.6258002855986439,0.5546183566222742,0,3.9302188895115147,3.5902442814139044
2240,2240,1.007573578755084,415,0,0,0.0,1.0444867626526977,1.0032813507727991,1.035232415341425,0.9927072832290874,1.053540450739518,1.0104353962561965,0.816401699882637,0.6258002855986439,0.6258002855986439,0,3.9496613286162776,3.632224315856727
2241,2241,0.9869597981852865,415,0,1,2.8903717578961645,1.03428056010004,1.0109891235542634,1.0549415351682323,0.9979035478286284,1.0473743275543008,1.0109891235542634,0.7874176770111411,0.5546183566222742,0.423035857164402,0,3.9240140998337143,3.5745001515594295
2242,2242,0.932077249682868,510,0,0,0.0,1.0368859366175398,1.008158792920829,1.0473484116810263,1.0006607804515772,1.0226872692265705,1.008158792920829,0.7887680926690985,0.6258002855986439,0.7063950542796786,1,3.895689710194235,3.6427786518918794
2243,2243,1.008158792920829,415,0,1,3.4011973816621555,1.0094233710965843,0.9957377918930442,1.0590764854677472,1.001328241641345,1.0505749302683174,1.0181675188505357,0.7860478795856021,0.7325687477104176,0.7325687477104176,1,3.9051226664182512,3.7478023000953424
2244,2244,0.9860873110883348,415,0,0,0.0,0.9940161009967312,0.9824533207775524,1.0481195323981587,0.9650147563028656,1.044541925139165,1.0265055527832043,0.8080847309801162,0.7325687477104176,0.423035857164402,0,3.894762289514171,3.7065423775740403
2245,2245,1.0209555590262906,415,0,0,0.0,1.05502901881936,1.0019873653802,1.0556366174291556,1.009309683677839,1.044182179416886,1.020501600316601,0.7574051097683623,0.5546183566222742,0.0,0,3.912252925433764,3.586417005996915
2246,2246,0.9490833369538014,415,0,1,3.332204510175204,1.0332741782140202,0.9949959866312726,1.0178318618817308,1.013145908971509,1.063054850319348,0.9993000568565548,0.7662224715044368,0.6725029670790563,0.5546183566222742,0,3.880383361919536,3.679944919538393
2247,2247,0.9662729529060342,408,0,1,3.332204510175204,1.017879950886294,1.0087374499934136,1.0047309982142991,1.0019873653802,1.0329927707949926,0.9815065955444632,0.7874176770111411,0.6258002855986439,0.0,0,3.8430213969067264,3.6180316965167205
2248,2248,1.0280938456756414,415,0,0,0.0,1.042714406447232,1.0063829237830022,1.0645386441892477,1.004544177148741,1.050550784298696,0.9894972828240028,0.7202465379832546,0.6258002855986439,0.0,0,3.8780503729184304,3.62622466935439
2249,2249,1.0186431550010258,415,0,0,0.0,0.9606619961761532,1.019581045851613,1.0575761685751008,1.005777194524828,1.037177510086016,1.0214053992395804,0.8112944976246211,0.6725029670790563,0.423035857164402,0,3.8667101724618917,3.7192666066950784
2250,2250,1.0069816697157885,510,0,1,3.332204510175204,1.0628725835213944,1.005164330916258,1.0504298598360993,1.028482925863037,1.054412981374921,0.97105164486998,0.8405228745078467,0.7536533308455107,0.5546183566222742,0,4.008238299240261,3.7583522324947856
2251,2251,1.022292995628416,408,1,0,0.0,1.0579663060315367,1.009875623760096,1.0555503261851054,1.0126152065263214,1.0360664135454225,1.002638340774061,0.8091673682554217,0.6258002855986439,0.0,1,3.9587504140174867,3.6509294566591226
2252,2252,0.9842999824276124,510,0,0,0.0,0.996104888113316,1.0244444982729537,1.0473224810384547,0.98338429212101,1.0427430778418632,0.9842999824276124,0.7900996062387244,0.5546183566222742,0.423035857164402,0,3.876270053232359,3.54674712944385
2253,2253,0.8918212615283342,415,0,0,0.0,1.05313190764304,1.0200434531560645,1.0120249740131546,1.0186431550010258,1.0399368584308264,1.0218511892271116,0.8530314073208307,0.5546183566222742,0.0,0,3.958125147407852,3.615156154006476
2254,2254,1.03465678484363,408,0,0,0.0,1.024654556181075,0.9894972828240028,1.0521638517831204,1.0087374499934136,1.0196738716251463,0.9754660547759244,0.7989278990573876,0.6725029670790563,0.5546183566222742,0,3.895420178646729,3.6462037546723973
2255,2255,0.912001235290911,408,0,0,0.0,0.9596963204464736,0.9765185323813282,1.0380415361076007,0.999984786274994,1.055701225651884,1.0032813507727991,0.8013040485562493,0.7711646606364143,0.423035857164402,0,3.8547431307622078,3.7509493300655357
2256,2256,0.978566837930225,415,0,0,0.0,1.0481195323981587,0.9934810060205292,1.019581045851613,1.0109891235542634,1.0486516277295643,1.005164330916258,0.7914126806490488,0.6258002855986439,0.6258002855986439,0,3.907764886628385,3.6354347460896945
2257,2257,0.9568484637059635,510,1,0,0.0,1.0565959658270785,1.013145908971509,1.0432277872084412,0.987818703754018,1.0419043035236824,0.958289233840266,0.8102372017222292,0.5546183566222742,0.0,1,3.9519652582814313,3.5138722031880674
2258,2258,0.6258002855986439,408,0,0,0.0,1.0231649163770178,1.0019873653802,1.0564480953089646,1.007573578755084,1.06338100384778,0.9934810060205292,0.7348749836529411,0.6258002855986439,0.6725029670790563,0,3.8778689991867035,3.628842235754457
2259,2259,0.932077249682868,415,0,0,0.0,1.0127749992492736,1.0109891235542634,1.046537615913696,1.005777194524828,1.0451171634905694,1.001328241641345,0.8405228745078467,0.5546183566222742,0.5546183566222742,0,3.9449526531613857,3.572712916342711
2260,2260,1.005164330916258,415,0,0,0.0,1.0591760296192412,1.007573578755084,1.0201354210800175,0.98338429212101,1.0375314408504253,0.996469488897356,0.805879938962908,0.7711646606364143,0.6258002855986439,0,3.922722830512592,3.7585920204098637
2261,2261,0.9026284412459752,408,0,0,0.0,0.9899909938743668,1.005777194524828,1.0452802006169184,1.0019873653802,1.0504540707202217,1.0152149060491755,0.7874176770111411,0.6725029670790563,0.423035857164402,0,3.873142942222648,3.69548243303326
2262,2262,0.8293046663001791,408,0,0,0.0,1.049524792095424,1.002638340774061,1.0471926057401506,0.9869597981852865,1.0582312596858272,1.009875623760096,0.8342952500710278,0.7711646606364143,0.5546183566222742,0,3.9892439075924297,3.770638423355858
2263,2263,0.9568484637059635,408,0,0,0.0,1.0486768104764748,1.005164330916258,1.0285990427384548,0.9903176749711242,1.0210909403940018,1.008158792920829,0.8183653079108115,0.6725029670790563,0.5546183566222742,0,3.916732101519743,3.676143765887268
2264,2264,1.0109891235542634,415,0,1,3.258096538021482,1.0186431550010258,0.985200844275134,1.0640615528013997,1.0087374499934136,1.0373387180374702,1.0087374499934136,0.816401699882637,0.7063950542796786,0.423035857164402,0,3.936445125722533,3.70907079854164
2265,2265,1.030008664286585,408,0,0,0.0,1.0278981274978605,1.0063829237830022,1.0288304436016882,1.009875623760096,1.0483990275686097,0.9927072832290874,0.6512414542310517,0.6258002855986439,0.423035857164402,0,3.7563690528992097,3.63476611637083
2266,2266,0.9698932078063358,415,0,0,0.0,1.0411688271461192,1.0152149060491755,1.0050408884477555,0.9993000568565548,1.0384519435813513,1.0063829237830022,0.8080847309801162,0.7063950542796786,0.5546183566222742,0,3.8927463901553425,3.7272929409684115
2267,2267,0.9568484637059635,510,0,0,0.0,1.0187849674768723,0.987818703754018,1.024738327874205,1.0032813507727991,1.0580275912477506,0.9949959866312726,0.8230911610676044,0.6725029670790563,0.6258002855986439,0,3.924642047666432,3.658599008237146
2268,2268,1.0261002420274623,510,0,0,0.0,1.011862808720251,0.985200844275134,1.0478126526752236,1.002638340774061,1.0490279063718797,0.9805436220896986,0.8069890155045473,0.7325687477104176,0.423035857164402,0,3.9156923832719017,3.7009515548493113
2269,2269,1.0141909676964709,415,0,1,3.1780538303479458,1.049893902770984,1.0109891235542634,1.0572864677251868,0.9911259244279969,1.0564057554441313,1.0126152065263214,0.7574051097683623,0.7063950542796786,0.5546183566222742,0,3.9209912357086645,3.72112530878826
2270,2270,0.9957377918930442,408,0,0,0.0,0.9690683376467844,0.996469488897356,1.0425995426257593,0.9986063829166985,1.0249054426520634,0.987818703754018,0.8143937066027327,0.7860478795856021,0.423035857164402,0,3.85096702952734,3.7689424551536743
2271,2271,1.0265055527832043,408,1,0,0.0,1.0394471115475157,1.0104353962561965,1.033168845010772,1.0087374499934136,1.009309683677839,0.9934810060205292,0.8001236021366125,0.6725029670790563,0.423035857164402,0,3.882049242372739,3.6851568193491957
2272,2272,1.0311220734769209,415,0,0,0.0,1.0341085584241267,0.9765185323813282,1.0251965277140376,0.9824533207775524,1.0236379740188406,1.009309683677839,0.8024695798580879,0.6258002855986439,0.0,1,3.885412640015093,3.5940818224353634
2273,2273,0.9824533207775524,510,0,1,3.332204510175204,1.0292899478010715,1.0152149060491755,1.042857585789689,1.0277016161093295,1.0616311752138023,0.9927072832290874,0.8310007739998975,0.5546183566222742,0.6725029670790563,0,3.96477948280446,3.590242162009867
2274,2274,0.9934810060205292,415,0,0,0.0,1.043707455716753,0.987818703754018,1.0404215144187952,0.9949959866312726,1.0207290988155526,0.999984786274994,0.8555684673924718,0.6725029670790563,0.5546183566222742,0,3.9604265363435727,3.655302443739341
2275,2275,1.0019873653802,510,0,0,0.0,1.0183106854264543,0.9860873110883348,1.0482467891672995,1.0141909676964709,1.0251550500048785,1.0235951562943069,0.8397691990112335,0.7860478795856021,0.5546183566222742,0,3.931481723609866,3.8099213146647144
2276,2276,1.019581045851613,510,0,0,0.0,1.040691932686988,1.0087374499934136,1.0443208766415584,1.0032813507727991,1.044898874699656,1.0167128902475082,0.8013040485562493,0.8102372017222292,0.5546183566222742,0,3.9312157325844512,3.8389688927359504
2277,2277,0.9949959866312726,510,0,0,0.0,1.018737741382231,0.979563883308144,1.047940771359537,0.9765185323813282,1.0481450123184577,1.002638340774061,0.8024695798580879,0.6725029670790563,0.7063950542796786,1,3.917293104918313,3.6312237235425897
2278,2278,1.015719197900225,415,1,0,0.0,1.0169582761051374,1.0063829237830022,1.0185957945583872,0.999984786274994,1.05670128506176,1.0186431550010258,0.7393445645824166,0.7325687477104176,0.6725029670790563,1,3.831599920307701,3.75757961276944
2279,2279,1.0191143049145188,510,0,1,3.295836866004329,1.0578024595425084,1.007573578755084,1.0504782685956224,1.0152149060491755,1.0452802006169184,1.013145908971509,0.825808803625318,0.6725029670790563,0.423035857164402,0,3.9793697323803676,3.7084373608548242
2280,2280,1.0019873653802,415,0,0,0.0,1.0165157152687632,0.9957377918930442,1.026262771008648,0.978566837930225,1.0347928575775416,0.9993000568565548,0.8047572096727953,0.7325687477104176,0.423035857164402,0,3.8823285535277483,3.7061734343902417
2281,2281,0.9275973506953992,408,0,0,0.0,1.0366905464035732,1.0252793777568705,1.0486516277295643,0.9775519190240616,1.0549415351682323,1.0261002420274623,0.7977165865059108,0.6258002855986439,0.423035857164402,0,3.9380002958072806,3.654731824407038
2282,2282,0.9934810060205292,415,0,0,0.0,1.01636732504098,0.996469488897356,1.0361325018842302,1.005777194524828,1.0576173991122273,1.008158792920829,0.7627869824840867,0.7063950542796786,0.6258002855986439,0,3.872904208521524,3.716800530622692
2283,2283,1.0231649163770178,415,0,0,0.0,1.0606618171882107,1.0191143049145188,1.030008664286585,1.019581045851613,1.0219841464337474,1.007573578755084,0.816401699882637,0.7860478795856021,0.5546183566222742,0,3.92905632779118,3.832316809106818
2284,2284,1.0410203227048376,510,0,0,0.0,1.0494010817561192,0.987818703754018,1.0249887866330991,1.0126152065263214,1.0193948736897374,0.9775519190240616,0.8173889426906868,0.7536533308455107,0.423035857164402,0,3.9111736847696426,3.7316391601499115
2285,2285,0.999984786274994,415,0,1,3.5263605246161616,1.0392930059372187,1.0115369245500676,1.0445694815558302,0.9934810060205292,1.0374351782098206,0.9911259244279969,0.8036205267754964,0.8449070458972404,0.6258002855986439,0,3.924918192478366,3.841050900895834
2286,2286,1.009875623760096,408,0,0,0.0,1.0033452205422333,1.0136711282744777,1.0480174694388822,0.9754660547759244,1.038104909996007,1.009875623760096,0.8024695798580879,0.7063950542796786,0.5546183566222742,0,3.8919371798352103,3.7054078610901766
2287,2287,1.007573578755084,415,0,1,3.737669618283368,1.0355343519144948,1.0087374499934136,1.021895548042924,0.9860873110883348,1.0393238677571432,1.004544177148741,0.8080847309801162,0.7536533308455107,0.0,0,3.9048384986946783,3.7530222690760002
2288,2288,1.0147055277003714,510,0,1,3.044522437723423,1.0473743275543008,1.0087374499934136,1.048195929279713,1.0141909676964709,1.0537882854297511,1.0069816697157885,0.7914126806490488,0.5546183566222742,0.0,0,3.940771222912814,3.5845284440279475
2289,2289,1.0120789147763565,415,0,0,0.0,0.971848987682249,1.0032813507727991,1.0430003225771265,0.9993000568565548,1.0469055693496268,0.9934810060205292,0.7989278990573876,0.7325687477104176,0.423035857164402,0,3.8606827786663898,3.728631161360301
2290,2290,1.031850253219713,415,0,0,0.0,1.0361325018842302,1.002638340774061,1.0478383053375802,0.9824533207775524,1.024233536561571,0.9775519190240616,0.815403362323621,0.6725029670790563,0.423035857164402,0,3.923607706107002,3.635146547654732
2291,2291,0.8692942392849475,415,1,0,0.0,1.0536081788352,1.001328241641345,1.0461134317386946,1.0147055277003714,1.038952174106127,0.9993000568565548,0.6906484519601133,0.6725029670790563,0.0,0,3.829322236640135,3.6878367932773273
2292,2292,1.0136711282744777,415,1,1,3.49650756146648,1.0360002325774176,1.0032813507727991,1.0467219638044187,0.9979035478286284,1.0520938966935192,0.996469488897356,0.8221661298163554,0.6725029670790563,0.0,0,3.9569822228917113,3.6701573545778396
2293,2293,1.0167128902475082,415,0,0,0.0,1.0506231833876123,1.003916572429902,1.0251965277140376,0.9934810060205292,1.0438755650247635,1.005777194524828,0.7711646606364143,0.5546183566222742,0.0,0,3.8908599367628276,3.557793129597534
2294,2294,1.030008664286585,510,0,0,0.0,1.0536081788352,1.0152149060491755,1.0387339806992983,0.996469488897356,1.0400281162527405,1.0280938456756414,0.7662224715044368,0.6725029670790563,0.423035857164402,0,3.898592747291676,3.7122812077012295
2295,2295,1.008158792920829,415,0,0,0.0,1.022292995628416,1.0181675188505357,1.0486768104764748,1.0120789147763565,1.038921065848597,0.9927072832290874,0.7989278990573876,0.7063950542796786,0.5546183566222742,0,3.9088187710108753,3.7293487711356583
2296,2296,0.9993000568565548,510,0,0,0.0,1.024654556181075,1.008158792920829,1.0370157478545738,1.0069816697157885,1.0411984711363191,0.9942438142135328,0.7743279928495146,0.6258002855986439,0.5546183566222742,0,3.877196768021482,3.6351845624487944
2297,2297,0.9957377918930442,408,0,0,0.0,1.0246126165613827,1.0172024688229897,1.01729981421667,1.013145908971509,1.0611587011195625,0.979563883308144,0.6939710885058578,0.6725029670790563,0.423035857164402,0,3.797042220403473,3.682415228181699
2298,2298,1.005777194524828,415,0,1,3.091042453358316,1.0265055527832043,1.009875623760096,1.0434259027203387,0.9420819232681112,1.059846984502134,0.9979035478286284,0.7818171316562723,0.6258002855986439,0.5546183566222742,0,3.9115955716619495,3.5756613804554793
2299,2299,1.0032813507727991,510,0,0,0.0,1.049500077110868,1.016218495895403,1.040901176415461,1.0032813507727991,1.0619495440715314,1.001328241641345,0.805879938962908,0.6725029670790563,0.423035857164402,0,3.958230736560768,3.6933310553886036
2300,2300,0.9993000568565548,415,0,0,0.0,1.0273855331441453,0.999984786274994,1.0585148166103155,1.0120789147763565,1.0444591565461188,1.0141909676964709,0.7727589769680201,0.5546183566222742,0.423035857164402,0,3.9031184832685994,3.5808730253700958
2301,2301,1.015719197900225,415,0,0,0.0,1.045388570602082,0.9942438142135328,1.0225124253755895,1.009309683677839,1.0508876545995445,1.002638340774061,0.7989278990573876,0.6725029670790563,0.0,0,3.917716549634604,3.678694805744489
2302,2302,1.0240216638573814,510,0,1,3.367295829986474,1.0671462155211724,1.015719197900225,1.0558301598036814,1.0181675188505357,1.0288304436016882,1.004544177148741,0.761024447518017,0.6258002855986439,0.423035857164402,0,3.9128312664445595,3.6642311794981457
2303,2303,0.98338429212101,415,0,1,2.995732273553991,1.0469578925001817,0.9957377918930442,1.05452361665441,0.9934810060205292,1.0483483381940475,1.003916572429902,0.8301569118312014,0.6258002855986439,0.6725029670790563,0,3.979986759179841,3.6189356559421193
2304,2304,1.0172024688229897,408,0,1,3.218875824868201,0.9661483369204136,1.0167128902475082,1.0667308692695845,0.9957377918930442,1.031085372573731,0.9815065955444632,0.8212312206090928,0.7325687477104176,0.0,0,3.8851957993728217,3.726526025395433
2305,2305,1.028868902973444,415,0,0,0.0,1.051577528484576,1.003916572429902,1.0317417292556843,1.0218511892271116,1.0450354269275155,1.008158792920829,0.8249123211161004,0.5546183566222742,0.0,0,3.9532670057838764,3.588544911200117
2306,2306,1.0006607804515772,408,0,1,3.49650756146648,0.9957377918930442,0.9934810060205292,1.0615559240566703,1.0104353962561965,1.0398759204956818,1.0069816697157885,0.7803646465744236,0.7325687477104176,0.5546183566222742,1,3.87753428301982,3.743466819702932
2307,2307,1.0115369245500676,408,0,0,0.0,1.0263843131084571,1.0181675188505357,1.006503226884803,0.9824533207775524,1.0435387304704578,1.005164330916258,0.8112944976246211,0.6725029670790563,0.5546183566222742,0,3.8877207680883394,3.6782881376234027
2308,2308,0.8580278252863395,415,1,0,0.0,1.0324962777023,1.013145908971509,1.051742473458487,0.996469488897356,1.071045016518307,0.9986063829166985,0.8342952500710278,0.6258002855986439,0.0,1,3.989579017750122,3.6340220663842073
2309,2309,1.005777194524828,415,0,1,3.044522437723423,1.040391370719793,1.0109891235542634,1.0576173991122273,0.996469488897356,1.0713454915257803,1.005164330916258,0.7846582031691327,0.5546183566222742,0.423035857164402,0,3.954012464526933,3.567241299990152
2310,2310,1.0147055277003714,415,0,0,0.0,0.9927851548306356,1.002638340774061,1.0583327405685998,1.0104353962561965,1.026907518550221,0.9869597981852865,0.7874176770111411,0.7860478795856021,0.5546183566222742,0,3.8654430909605972,3.786081414801146
2311,2311,1.0167128902475082,408,0,0,0.0,1.0474778436650976,0.9949959866312726,1.0482721977454297,1.0176873172212282,1.0403612074905264,0.9815065955444632,0.8133725028259741,0.5546183566222742,0.5546183566222742,0,3.9494837517270276,3.548808256019238
2312,2312,1.016218495895403,415,0,0,0.0,1.0280938456756414,1.001328241641345,1.0145003309127898,1.0136711282744777,1.0287919536082624,0.9886644097649396,0.7887680926690985,0.5546183566222742,0.5546183566222742,0,3.860154222865792,3.5582821363030366
2313,2313,1.015719197900225,510,0,1,3.49650756146648,1.0474778436650976,0.985200844275134,1.056617049797331,0.9860873110883348,1.046537615913696,0.9919223562990608,0.7457165247157388,0.5546183566222742,0.6258002855986439,0,3.896349034091863,3.517828868284804
2314,2314,1.016218495895403,415,0,0,0.0,1.0528574529947023,0.9687112141532412,1.0380415361076007,1.009309683677839,1.0632544591181856,1.0126152065263214,0.8036205267754964,0.7325687477104176,0.6258002855986439,0,3.9577739749959857,3.7232048520678194
2315,2315,1.020501600316601,510,0,0,0.0,1.0372420595836729,0.99719132727709,1.0405719407756018,1.0006607804515772,1.0432844785521025,0.9942438142135328,0.7436347908732243,0.6258002855986439,0.5546183566222742,0,3.8647332697846015,3.6178962075408436
2316,2316,0.423035857164402,415,0,1,3.295836866004329,1.0263438327465744,0.9765185323813282,1.0359339587402778,0.9754660547759244,1.0362644016295142,1.0104353962561965,0.7989278990573876,0.5546183566222742,0.423035857164402,0,3.8974700921737537,3.5170383400357235
2317,2317,1.0069816697157885,415,0,0,0.0,1.0584744205490826,1.007573578755084,1.0041685189358711,1.0087374499934136,1.0189734263607209,1.026907518550221,0.7964892999116688,0.7063950542796786,0.423035857164402,0,3.878105665757343,3.7496136015783974
2318,2318,0.996469488897356,415,0,1,3.044522437723423,1.0261409250907056,1.001328241641345,1.061762551469606,1.005164330916258,1.0225999247766815,1.002638340774061,0.7371330092563764,0.6258002855986439,0.423035857164402,0,3.8476364105933696,3.6349311989303077
2319,2319,1.037627506704872,408,1,0,0.0,1.0164663004811396,1.0209555590262906,1.024106522721778,0.9860873110883348,1.060003369344985,1.0104353962561965,0.8143937066027327,0.5546183566222742,0.5546183566222742,1,3.914969899150635,3.5720966229930964
2320,2320,1.015719197900225,415,0,0,0.0,1.0467219638044187,0.9523085806942424,1.053540450739518,1.0126152065263214,1.053945283476273,1.001328241641345,0.7964892999116688,0.8102372017222292,0.423035857164402,0,3.950696997931879,3.776489230584138
2321,2321,1.0349962372145658,415,0,0,0.0,1.0632906526470205,0.943907056186028,1.0341430086116687,1.0252793777568705,1.0583732672856547,1.0006607804515772,0.7818171316562723,0.6725029670790563,0.423035857164402,1,3.937624060200616,3.6423501814735326
2322,2322,1.0214053992395804,415,0,0,0.0,1.0415821299226158,0.943907056186028,1.0319945701735174,1.008158792920829,1.052280201283179,1.002638340774061,0.7773928950827131,0.5546183566222742,0.423035857164402,0,3.9032497964620254,3.509322546503192
2323,2323,1.0209555590262906,415,0,1,3.9318256327243257,1.046563996986828,1.0191143049145188,1.0204559752499605,1.005164330916258,1.022160868083517,1.0069816697157885,0.8112944976246211,0.6725029670790563,0.5546183566222742,0,3.9004753379449264,3.703763272625622
2324,2324,0.9979035478286284,415,0,0,0.0,1.0605656085643635,1.0032813507727991,1.053540450739518,1.020501600316601,1.025855428538475,1.004544177148741,0.7773928950827131,0.7325687477104176,0.423035857164402,1,3.9173543829250694,3.7608958759485587
2325,2325,1.022730883502586,415,0,0,0.0,1.0543020700169443,1.005164330916258,1.0254858907232638,0.99719132727709,1.0170560957706944,1.001328241641345,0.816401699882637,0.423035857164402,0.0,0,3.9132457563935397,3.426719756999095
2326,2326,1.0311220734769209,510,0,0,0.0,1.011427832862101,1.001328241641345,1.0420790948865386,1.0032813507727991,1.058170258315182,1.007573578755084,0.8221661298163554,0.7063950542796786,0.0,0,3.9338433158801767,3.718578225448906
2327,2327,1.004544177148741,415,0,1,3.555348061489413,1.0230784152030536,0.987818703754018,1.0244444982729537,1.007573578755084,1.0394471115475157,0.985200844275134,0.8183653079108115,0.7536533308455107,0.423035857164402,0,3.9053353329343348,3.7342464576297463
2328,2328,1.0277016161093295,408,0,1,3.332204510175204,1.046826971803513,1.009875623760096,1.0296317282856953,0.987818703754018,1.056617049797331,1.009309683677839,0.7574051097683623,0.7325687477104176,0.0,0,3.8904808596549016,3.739572758902371
2329,2329,0.92987564040383,408,0,0,0.0,1.021360598591922,1.001328241641345,1.055958719252284,1.0191143049145188,1.053268504822375,1.0104353962561965,0.8427438869642762,0.5546183566222742,0.6258002855986439,0,3.9733317096308576,3.5854962994343342
2330,2330,0.9202501631240612,415,1,0,0.0,1.0329221586751836,1.0019873653802,1.028907331768412,1.003916572429902,1.0161190314403217,1.005164330916258,0.741511301806249,0.6725029670790563,0.0,0,3.819459823690166,3.6835712358054167
2331,2331,0.9610711304112431,415,0,0,0.0,1.0553338595673334,1.0191143049145188,1.042108162740893,0.9596963204464736,1.024318030160792,0.9903176749711242,0.7874176770111411,0.6725029670790563,0.423035857164402,0,3.9091777294801595,3.6416312674111735
2332,2332,1.0069816697157885,408,0,0,0.0,0.9962510261353468,0.9957377918930442,1.0462198477934237,1.008158792920829,1.0347928575775416,0.999984786274994,0.7228234639800664,0.7063950542796786,0.5546183566222742,0,3.800087195486378,3.710276425368546
2333,2333,0.9860873110883348,408,0,0,0.0,1.0079255017283957,1.007573578755084,1.0468531860495816,1.0172024688229897,1.050065126678089,1.0126152065263214,0.7695443153937457,0.7063950542796786,0.423035857164402,1,3.874388129849812,3.7437863083840734
2334,2334,0.9919223562990608,408,0,1,2.8903717578961645,0.9955902476498096,0.9942438142135328,1.0525813019323045,0.98338429212101,1.0335190538006391,1.0120789147763565,0.7900996062387244,0.7536533308455107,0.6725029670790563,1,3.8717902096214774,3.74336035195641
2335,2335,0.9687112141532412,415,0,1,2.772588722239781,1.0568063534209156,1.0063829237830022,1.0406619637145555,0.9775519190240616,1.0582921763773712,1.022292995628416,0.7989278990573876,0.6258002855986439,0.5546183566222742,0,3.9546883925702296,3.6320281240341235
2336,2336,1.0006607804515772,415,0,1,3.49650756146648,1.0393238677571432,0.9986063829166985,1.0601786347555642,1.0141909676964709,1.0451443766562367,0.932077249682868,0.747757924070225,0.6725029670790563,0.7063950542796786,0,3.8924048032391685,3.617377567375094
2337,2337,1.0218511892271116,408,1,0,0.0,1.0393238677571432,1.004544177148741,1.024402378463813,1.0104353962561965,1.0442931706566545,1.0152149060491755,0.8036205267754964,0.7860478795856021,0.5546183566222742,0,3.9116399436531077,3.8162423590397148
2338,2338,1.0214053992395804,408,0,0,0.0,1.0297073517086992,1.002638340774061,1.0218067905767407,0.9911259244279969,1.0396926275141585,0.9894972828240028,0.6644221388979804,0.7860478795856021,0.6258002855986439,0,3.7556289086975787,3.7693094276116628
2339,2339,0.9934810060205292,415,0,1,2.995732273553991,1.0335539334655686,1.0152149060491755,1.040391370719793,0.9949959866312726,1.0562359888495925,0.9860873110883348,0.0,0.0,0.423035857164402,0,3.130181293034954,2.9962982037687826
2340,2340,1.026907518550221,415,0,0,0.0,1.062117150381431,1.005164330916258,1.0446245448277434,0.9934810060205292,1.062395060844985,1.0019873653802,0.7695443153937457,0.5546183566222742,0.5546183566222742,1,3.938681071447905,3.5552510589392616
2341,2341,1.0019873653802,415,0,0,0.0,1.0363630850581809,1.003916572429902,1.002052826529067,1.013145908971509,1.0472965356110098,1.0172024688229897,0.7662224715044368,0.5546183566222742,0.5546183566222742,0,3.8519349187026948,3.5888833068466752
2342,2342,1.015719197900225,415,0,0,0.0,1.0368859366175398,0.9860873110883348,1.0396926275141585,0.999984786274994,1.0303454025431449,0.99719132727709,0.7874176770111411,0.5546183566222742,0.5546183566222742,0,3.8943416436859843,3.5378817812626933
2343,2343,1.0176873172212282,415,1,0,0.0,1.0576585910269412,0.9934810060205292,1.049942890243846,1.0032813507727991,1.030270775172899,1.0152149060491755,0.8293046663001791,0.6258002855986439,0.423035857164402,0,3.967176922743865,3.637777548441148
2344,2344,1.0280938456756414,415,0,0,0.0,1.0350638369279843,0.9949959866312726,1.0405719407756018,0.9903176749711242,1.0139317141272546,1.002638340774061,0.683712430279746,0.6258002855986439,0.0,0,3.7732799221105866,3.613752287975102
2345,2345,1.0398149028265846,408,0,0,0.0,1.0234235115719263,0.99719132727709,1.0563421694222257,1.0115369245500676,1.030790750798266,0.9869597981852865,0.8080847309801162,0.6725029670790563,0.423035857164402,0,3.918641162772534,3.668191017091501
2346,2346,0.9650147563028656,510,0,0,0.0,1.0469055693496268,1.0172024688229897,1.0560655673466603,1.007573578755084,1.030975101170884,0.9942438142135328,0.8405228745078467,0.5546183566222742,0.6725029670790563,0,3.9744691123750178,3.5736382184138806
2347,2347,0.9650147563028656,408,0,0,0.0,1.0364615624754068,1.009875623760096,1.059532524035541,1.0152149060491755,1.039014328621119,0.9934810060205292,0.0,0.0,0.6725029670790563,0,3.135008415132067,3.0185715358298006
2348,2348,1.007573578755084,415,0,0,0.0,1.0470362647247664,1.0126152065263214,1.0329927707949926,1.004544177148741,1.0445694815558302,0.9765185323813282,0.7914126806490488,0.7063950542796786,0.0,0,3.916011197724638,3.7000729703360693
2349,2349,1.0200434531560645,510,0,0,0.0,1.0149608585743328,0.9942438142135328,1.0569321058514107,1.016218495895403,1.0429718105027068,1.0141909676964709,0.8069890155045473,0.6725029670790563,0.423035857164402,0,3.9218537904329978,3.6971562448844635
2350,2350,0.987818703754018,415,0,0,0.0,1.0180718463343332,0.9754660547759244,1.0387652135428778,1.009875623760096,1.0434259027203387,0.97105164486998,0.8510749266677547,0.5546183566222742,0.5546183566222742,0,3.9513378892653046,3.5110116800282745
2351,2351,1.0087374499934136,510,0,0,0.0,1.0022487229589117,0.9698932078063358,1.0613104528659707,0.9927072832290874,1.047426115055139,0.9986063829166985,0.8561904234830933,0.6258002855986439,0.5546183566222742,0,3.9671757143631146,3.5870071595507653
2352,2352,1.034314885822944,408,0,0,0.0,1.0327096931161477,1.0209555590262906,1.054146327867965,0.9934810060205292,1.0329221586751836,1.0265055527832043,0.816401699882637,0.5546183566222742,0.5546183566222742,1,3.9361798795419336,3.5955604744522986
2353,2353,1.0167128902475082,408,0,1,3.1780538303479458,1.014448901453341,1.005164330916258,1.0513170979818531,1.0115369245500676,1.0309382876729885,1.002638340774061,0.8013040485562493,0.6258002855986439,0.423035857164402,0,3.8980083356644317,3.6451398818390306
2354,2354,1.0349962372145658,510,0,0,0.0,1.0395393314192345,1.0063829237830022,1.0455236734444504,0.978566837930225,1.0504782685956224,1.020501600316601,0.7964892999116688,0.6258002855986439,0.5546183566222742,0,3.9320305733709766,3.631251647628472
2355,2355,0.979563883308144,510,0,0,0.0,1.0398149028265846,0.9911259244279969,1.052419422652111,1.0186431550010258,1.0416408737382217,0.9894972828240028,0.844192254799312,0.6725029670790563,0.6258002855986439,0,3.9780674540162293,3.671769329332082
2356,2356,1.016218495895403,415,0,0,0.0,1.0318141058901062,1.008158792920829,1.0253620876639082,1.028482925863037,1.0143974196940293,1.0006607804515772,0.8284438879783939,0.8202862443392709,0.423035857164402,0,3.900017501226438,3.8575887435747145
2357,2357,0.9765185323813282,415,0,0,0.0,1.046246413112336,0.9765185323813282,1.0566381236970237,1.015719197900225,1.041787408444618,1.002638340774061,0.8091673682554217,0.7325687477104176,0.5546183566222742,0,3.953839313509399,3.727444818766032
2358,2358,1.0006607804515772,415,0,0,0.0,1.046669368970486,1.0209555590262906,0.0,0.0,1.0367883428150193,0.9986063829166985,0.8183653079108115,0.7325687477104176,0.423035857164402,0,2.901823019696317,2.7521306896534066
2359,2359,1.001328241641345,510,1,0,0.0,1.0309014459268222,0.979563883308144,1.0669141205114134,0.9743938320833514,1.0253620876639082,0.9979035478286284,0.5634826058428536,0.6725029670790563,0.423035857164402,0,3.686660259944998,3.6243642302991805
2360,2360,0.8918212615283342,408,0,0,0.0,1.0273061898515887,0.9815065955444632,1.019581045851613,0.9886644097649396,1.053810747639611,0.9775519190240616,0.7803646465744236,0.6258002855986439,0.5546183566222742,1,3.8810626299172366,3.5735232099321084
2361,2361,1.0218511892271116,510,0,0,0.0,1.0454156230802891,0.97105164486998,1.046563996986828,0.9993000568565548,1.0504056359303071,1.0136711282744777,0.7964892999116688,0.5546183566222742,0.0,0,3.938874555909093,3.5386411866232867
2362,2362,0.943907056186028,408,0,0,0.0,1.0638478019080415,0.9927072832290874,1.0369508869742348,0.9934810060205292,1.0482721977454297,1.0063829237830022,0.7927077628291277,0.5546183566222742,0.0,1,3.9417786494568334,3.5471895696548934
2363,2363,0.999984786274994,415,0,1,3.713572066704308,1.0079255017283957,0.9957377918930442,1.0459266051674618,1.0292518223263003,1.017348416174284,1.013145908971509,0.8326639275093545,0.6725029670790563,0.0,0,3.903864450579496,3.7106384902699094
2364,2364,0.8918212615283342,415,0,0,0.0,1.030083698850113,1.005164330916258,0.9957377918930442,1.0032813507727991,1.0455776031406427,1.0120789147763565,0.7592308162427008,0.7063950542796786,0.423035857164402,0,3.8306299101265004,3.7269196507450926
2365,2365,1.009875623760096,415,0,1,3.4657359027997265,1.0506954662089525,0.9949959866312726,1.057720306628471,1.0126152065263214,1.0562359888495925,0.9934810060205292,0.815403362323621,0.423035857164402,0.6725029670790563,0,3.9800551240106365,3.424128056342526
2366,2366,1.0126152065263214,415,1,0,0.0,1.0635970775253114,1.013145908971509,1.0582921763773712,0.9911259244279969,1.02894573003138,0.9927072832290874,0.7989278990573876,0.6258002855986439,0.423035857164402,1,3.94976288299145,3.6227794022272373
2367,2367,1.022292995628416,415,0,1,2.995732273553991,1.0367557665616325,0.999984786274994,1.054412981374921,1.0261002420274623,1.047244600339079,1.008158792920829,0.7678971825427153,0.5546183566222742,0.0,0,3.9063105308183474,3.5888621778455603
2368,2368,0.9993000568565548,415,0,0,0.0,1.0307168120689734,1.004544177148741,1.0582921763773712,0.9957377918930442,1.051836456063146,1.0126152065263214,0.8374666287558015,0.5546183566222742,0.0,0,3.9783120732652915,3.567515532190381
2369,2369,1.025691534626503,415,0,0,0.0,1.0553989106966315,1.0120789147763565,1.063471166177129,0.996469488897356,1.0542798545035723,1.0115369245500676,0.7860478795856021,0.8293046663001791,0.423035857164402,1,3.959197810962935,3.849389994523959
2370,2370,0.9624149872572304,415,1,0,0.0,1.0375314408504253,1.0109891235542634,1.048322972244091,1.0087374499934136,1.0533820172165596,0.9754660547759244,0.8047572096727953,0.7063950542796786,0.423035857164402,0,3.943993639983871,3.70158768260328
2371,2371,1.020501600316601,408,0,0,0.0,1.0130402104886038,1.002638340774061,1.0439593899983166,1.005777194524828,1.05502901881936,1.0136711282744777,0.8183653079108115,0.6725029670790563,0.0,1,3.930393927217092,3.6945896306524233
2372,2372,0.958289233840266,415,0,0,0.0,1.014035574726766,1.0104353962561965,1.0412280962126754,0.9911259244279969,1.0575967886756588,1.007573578755084,0.8284438879783939,0.7536533308455107,0.5546183566222742,0,3.941304347593494,3.762788230284788
2373,2373,1.015719197900225,415,0,0,0.0,1.0546119269551917,0.9934810060205292,1.0509116205109006,1.0032813507727991,1.0600813520537815,1.0147055277003714,0.7743279928495146,0.6258002855986439,0.7063950542796786,1,3.9399328923693884,3.6372681700923435
2374,2374,0.9698932078063358,408,0,0,0.0,1.0185009387773685,1.009309683677839,1.034826814838484,1.005164330916258,1.0423689551414588,1.0006607804515772,0.8024695798580879,0.7063950542796786,0.423035857164402,0,3.8981662886154,3.721529849325353
2375,2375,0.9610711304112431,415,0,1,3.044522437723423,1.046272962986625,0.996469488897356,1.0440987597981954,1.0104353962561965,1.048550756542031,1.0087374499934136,0.7592308162427008,0.423035857164402,0.423035857164402,0,3.8981532955695526,3.4386781923113685
2376,2376,1.0167128902475082,415,0,0,0.0,1.05260437978849,0.97330117724734,1.046826971803513,0.9979035478286284,1.0470362647247664,1.008158792920829,0.7874176770111411,0.6725029670790563,0.423035857164402,0,3.9338852933279105,3.651866485075854
2377,2377,0.423035857164402,415,0,0,0.0,1.038921065848597,1.0063829237830022,1.021360598591922,1.0063829237830022,1.0285990427384548,0.98338429212101,0.7989278990573876,0.6258002855986439,0.7063950542796786,1,3.8878086062363617,3.6219504252856582
2378,2378,1.001328241641345,415,0,1,3.610917912644224,1.034314885822944,0.9886644097649396,1.0326386605706757,1.0167128902475082,1.035900786920554,1.0141909676964709,0.7711646606364143,0.5546183566222742,0.7325687477104176,1,3.8740189939505885,3.574186624331193
2379,2379,1.005777194524828,415,0,0,0.0,1.0566381236970237,0.9942438142135328,1.0366905464035732,1.004544177148741,1.039631369482939,1.009875623760096,0.7176087310418087,0.7063950542796786,0.423035857164402,0,3.850568770625345,3.7150586694020484
2380,2380,1.0019873653802,408,0,0,0.0,1.0576379998931953,0.943907056186028,1.0480430067002184,1.005777194524828,1.052696572280719,0.98338429212101,0.7695443153937457,0.423035857164402,0.6258002855986439,1,3.927921894267878,3.3561043999962683
2381,2381,1.0373065206212844,408,0,0,0.0,1.0513170979818531,0.9886644097649396,1.0321384531565971,1.0006607804515772,1.0486768104764748,1.0063829237830022,0.7711646606364143,0.7063950542796786,0.423035857164402,0,3.9032970222513392,3.7021031682791974
2382,2382,1.0314875462798236,415,0,0,0.0,1.052972014150885,1.0218511892271116,1.060507781180876,1.0209555590262906,1.0492521809605004,1.0032813507727991,0.8366848759673883,0.5546183566222742,0.423035857164402,1,3.99941685225965,3.600706455648475
2383,2383,0.9957377918930442,415,0,1,3.1354942159291497,1.0164663004811396,0.9986063829166985,1.0522336977606048,0.9957377918930442,1.0499673640466722,1.007573578755084,0.741511301806249,0.8202862443392709,0.423035857164402,0,3.8601786640946654,3.822203997904097
2384,2384,1.026907518550221,415,1,0,0.0,1.0526504997984032,0.9886644097649396,1.0406319754205375,0.979563883308144,1.0153667234236896,1.0006607804515772,0.7939852844174682,0.5546183566222742,0.0,1,3.9026344830600985,3.5235074301469353
2385,2385,1.0265055527832043,415,0,1,3.58351893845611,1.0434259027203387,1.0209555590262906,1.024064111625533,1.0019873653802,1.047426115055139,0.9957377918930442,0.8001236021366125,0.6725029670790563,0.5546183566222742,1,3.9150397315376226,3.6911836833785907
2386,2386,0.987818703754018,415,0,0,0.0,1.0282887765244817,0.9949959866312726,1.019905181588335,0.9860873110883348,1.0530634519646838,1.019581045851613,0.8183653079108115,0.6725029670790563,0.0,0,3.9196227179883123,3.6731673106502774
2387,2387,1.0152149060491755,415,1,0,0.0,1.0262221895292996,1.0126152065263214,1.0491027881895507,0.9979035478286284,1.0532230188714953,1.0006607804515772,0.815403362323621,0.7063950542796786,0.423035857164402,0,3.9439513589139663,3.717574589086206
2388,2388,1.0200434531560645,408,0,0,0.0,1.0428003673012178,1.002638340774061,1.02722671676071,0.9993000568565548,1.0505266253719583,1.0126152065263214,0.747757924070225,0.5546183566222742,0.0,0,3.868311633504111,3.5691719607792116
2389,2389,0.9903176749711242,510,0,0,0.0,1.046590362812797,0.979563883308144,1.0481195323981587,0.99719132727709,1.0558516123449675,1.007573578755084,0.8293046663001791,0.7063950542796786,0.423035857164402,0,3.9798661738561023,3.6907238436199967
2390,2390,1.0019873653802,408,0,0,0.0,1.0217178735085002,1.0069816697157885,1.0464583810480494,1.004544177148741,1.0466167134078914,0.9993000568565548,0.7832481321537382,0.6258002855986439,0.7536533308455107,1,3.8980411001181787,3.636626189319728
2391,2391,0.9911259244279969,415,0,0,0.0,1.0508636759093637,0.9927072832290874,1.0614239197477977,1.005777194524828,1.0445694815558302,1.007573578755084,0.8397691990112335,0.6258002855986439,0.6258002855986439,1,3.996626276224225,3.6318583421076434
2392,2392,0.9474052700602774,415,0,0,0.0,1.0153161683390013,0.9754660547759244,1.0340395830368314,0.9698932078063358,1.042714406447232,1.001328241641345,0.795245662433237,0.7325687477104176,0.423035857164402,0,3.887315820256302,3.6792562519340226
2393,2393,0.9934810060205292,510,0,0,0.0,1.02898409780704,1.0063829237830022,1.0505266253719583,1.0126152065263214,1.0610064175721272,1.028482925863037,0.7846582031691327,0.7063950542796786,0.5546183566222742,0,3.925175343920258,3.753876110452039
2394,2394,0.9815065955444632,408,0,0,0.0,1.042714406447232,1.009875623760096,1.0340395830368314,0.9919223562990608,1.002832071972458,0.9687112141532412,0.8080847309801162,0.7325687477104176,0.423035857164402,0,3.887670792436638,3.7030779419228157
2395,2395,0.7536533308455107,415,0,0,0.0,1.046006767235475,0.9934810060205292,1.0624504294613584,0.9903176749711242,1.0309382876729885,0.985200844275134,0.8102372017222292,0.7063950542796786,0.6258002855986439,0,3.949632686092051,3.675394579546466
2396,2396,0.9949959866312726,415,0,1,2.5649493574615367,1.0407218823608209,1.005777194524828,1.0282108982906202,1.0069816697157885,1.0447070161063412,1.0200434531560645,0.8047572096727953,0.6258002855986439,0.5546183566222742,0,3.9183970064305775,3.658602602995325
2397,2397,1.019581045851613,408,1,0,0.0,1.0153667234236896,0.9903176749711242,1.0135665180677862,0.9986063829166985,1.0268674710493702,0.9993000568565548,0.8350993109078182,0.6258002855986439,0.6258002855986439,1,3.8909000234486646,3.614024400343021
2398,2398,1.005777194524828,415,0,0,0.0,1.0582312596858272,0.999984786274994,1.036723167767421,1.0006607804515772,1.0500162718517656,0.9275973506953992,0.8202862443392709,0.7063950542796786,0.6258002855986439,0,3.9652569436442846,3.634637971701649
2399,2399,0.9490833369538014,415,0,1,3.367295829986474,1.035967107282521,1.008158792920829,1.022556194476665,0.9986063829166985,1.0452259193354878,1.008158792920829,0.7758724080478123,0.7325687477104176,0.423035857164402,0,3.879621629142486,3.7474927164687744
2400,2400,1.031850253219713,408,0,0,0.0,1.0432277872084412,0.9815065955444632,1.0350638369279843,0.9869597981852865,1.0425707820071854,0.9869597981852865,0.8249123211161004,0.6258002855986439,0.423035857164402,0,3.9457747272597112,3.5812264775136797
2401,2401,0.9775519190240616,415,0,1,3.4657359027997265,1.0427430778418632,0.97105164486998,1.041787408444618,0.9957377918930442,1.028868902973444,1.0186431550010258,0.8310007739998975,0.5546183566222742,0.5546183566222742,0,3.9444001632598225,3.540050948386324
2402,2402,0.9934810060205292,408,0,1,3.4339872044851463,1.0589367421471765,1.0109891235542634,1.0483736899640017,1.0191143049145188,1.0295559860672423,0.9942438142135328,0.7678971825427153,0.5546183566222742,0.0,0,3.9047636007211355,3.5789655993045892
2403,2403,0.979563883308144,415,0,0,0.0,1.0471926057401506,0.978566837930225,1.0568692744760904,1.0152149060491755,1.0508396844277426,1.005164330916258,0.8230911610676044,0.6258002855986439,0.0,0,3.977992725711588,3.6247463604943024
2404,2404,0.9842999824276124,415,0,0,0.0,1.0452802006169184,0.9775519190240616,1.05067138483246,1.0087374499934136,1.054190881301956,0.9919223562990608,0.7939852844174682,0.7063950542796786,0.423035857164402,0,3.9441277511688027,3.6846067795962147
2405,2405,0.9934810060205292,510,0,0,0.0,1.0502113743438826,1.008158792920829,1.0179279937525545,0.9927072832290874,1.063936993797671,0.9903176749711242,0.8412698102311928,0.6725029670790563,0.6258002855986439,0,3.973346172125301,3.663686718200097
2406,2406,1.0126152065263214,408,0,0,0.0,1.0136711282744777,0.9894972828240028,1.0405719407756018,1.007573578755084,1.0411094823348612,1.0006607804515772,0.815403362323621,0.6258002855986439,0.423035857164402,0,3.9107559137085612,3.623531927629308
2407,2407,1.0373065206212844,415,0,0,0.0,1.059591658096852,0.996469488897356,1.0506954662089525,0.9869597981852865,1.0505749302683174,0.9650147563028656,0.7846582031691327,0.7711646606364143,0.6258002855986439,1,3.9455202577432544,3.719608704021922
2408,2408,0.9993000568565548,415,0,0,0.0,1.0211359854708777,1.005164330916258,1.0286376865168383,0.9993000568565548,1.0533366469157466,0.987818703754018,0.7914126806490488,0.6258002855986439,0.423035857164402,0,3.8945229995525117,3.6180833771254743
2409,2409,0.9743938320833514,415,0,0,0.0,1.0351650559672234,1.004544177148741,1.0572033445955151,0.985200844275134,1.0434259027203387,1.022730883502586,0.8047572096727953,0.5546183566222742,0.5546183566222742,0,3.9405515129558726,3.5670942615487347
2410,2410,1.0087374499934136,415,0,0,0.0,1.037787181171831,1.016218495895403,1.026465173075463,1.0240216638573814,1.04870197923222,1.003916572429902,0.7977165865059108,0.7536533308455107,0.423035857164402,0,3.9106709199854253,3.797810063028197
2411,2411,1.020501600316601,408,0,1,3.688879454113936,1.0541017297682356,1.0069816697157885,1.0570992195466231,0.985200844275134,1.0185009387773685,0.9919223562990608,0.747757924070225,0.6258002855986439,0.7063950542796786,0,3.877459812162452,3.609905155888627
2412,2412,1.0398149028265846,408,0,0,0.0,0.9618810774615294,1.0006607804515772,1.0638299413391372,0.9903176749711242,1.0094233710965843,1.0087374499934136,0.8212312206090928,0.6258002855986439,0.5546183566222742,0,3.8563656105063435,3.625516191014759
2413,2413,0.996469488897356,510,0,0,0.0,1.0086222366711073,1.002638340774061,1.0411984711363191,1.005164330916258,1.046006767235475,0.9919223562990608,0.8112944976246211,0.6258002855986439,0.423035857164402,0,3.9071219726675226,3.6255253135880237
2414,2414,1.019581045851613,415,0,0,0.0,1.0430857532729936,0.9949959866312726,1.0399672975582703,0.9934810060205292,1.0562997278189716,1.0200434531560645,0.7121400728706546,0.7325687477104176,0.5546183566222742,0,3.85149285152089,3.741089193518284
2415,2415,1.028868902973444,510,0,0,0.0,1.033901331273697,1.0176873172212282,1.0250719889363462,1.0147055277003714,1.0470623588628805,1.0191143049145188,0.8183653079108115,0.6725029670790563,0.0,0,3.924400986983735,3.724010116915175
2416,2416,1.0200434531560645,415,0,1,3.258096538021482,1.0105466214775352,0.999984786274994,1.060333836943875,1.0069816697157885,1.051624717542451,0.9934810060205292,0.7555463047707869,0.7536533308455107,0.5546183566222742,0,3.878051480734648,3.754100792856822
2417,2417,1.0240216638573814,408,0,0,0.0,1.0547440640492916,0.9957377918930442,1.0527885750246886,0.987818703754018,1.0472705753830924,1.005164330916258,0.7325687477104176,0.6258002855986439,0.7063950542796786,0,3.8873719621674905,3.6145211121619636
2418,2418,1.005777194524828,415,0,0,0.0,1.0301960318782073,1.003916572429902,1.0236807544808082,1.0209555590262906,1.051222020193135,1.009309683677839,0.8221661298163554,0.5546183566222742,0.5546183566222742,0,3.9272649363685055,3.588800171756306
2419,2419,1.03465678484363,408,0,0,0.0,1.0597096865979647,1.005777194524828,1.0308276775295866,0.9942438142135328,1.063650927141531,1.009309683677839,0.8358958109502946,0.6258002855986439,0.6258002855986439,1,3.9900841022193774,3.635130978014843
2420,2420,1.0176873172212282,415,0,1,3.1780538303479458,1.0388899368905145,0.987818703754018,1.0484496603403068,0.9919223562990608,1.0303454025431449,0.9894972828240028,0.7964892999116688,0.6725029670790563,0.423035857164402,0,3.9141742996856355,3.6417413099561378
2421,2421,1.015719197900225,415,0,1,3.5263605246161616,1.0263438327465744,0.9934810060205292,1.011427832862101,0.9662729529060342,1.049524792095424,1.0019873653802,0.6200792281712296,0.7536533308455107,0.0,0,3.7073756858753284,3.7153946551522745
2422,2422,1.004544177148741,510,0,1,3.58351893845611,1.0090243615574512,1.0032813507727991,1.046431938822867,0.9886644097649396,0.9937874232010468,0.985200844275134,0.8366848759673883,0.5546183566222742,0.6725029670790563,1,3.8859285995487536,3.5317649614351474
2423,2423,1.0032813507727991,415,0,0,0.0,1.0134616918578678,0.9949959866312726,1.04407091959873,1.0006607804515772,0.9587148308969504,0.9687112141532412,0.815403362323621,0.7063950542796786,0.423035857164402,0,3.831650804677169,3.67076303551577
2424,2424,1.015719197900225,415,0,1,3.1354942159291497,1.0435105494199806,1.005777194524828,0.987818703754018,0.9927072832290874,1.0146030333223084,0.9894972828240028,0.8490701763260848,0.8202862443392709,0.5546183566222742,0,3.895002462822392,3.8082680049171893
2425,2425,0.9860873110883348,510,0,1,3.49650756146648,1.0469578925001817,1.0120789147763565,1.0419626406410782,0.9903176749711242,1.0554638664447256,0.99719132727709,0.8080847309801162,0.6725029670790563,0.7325687477104176,0,3.9524691305661017,3.6720908841036275
2426,2426,1.0032813507727991,415,0,1,3.367295829986474,1.049500077110868,0.999984786274994,1.063308738032113,0.9805436220896986,1.0450081489918388,1.009309683677839,0.7914126806490488,0.7325687477104176,0.6725029670790563,0,3.9492296447838684,3.7224068397529493
2427,2427,1.0186431550010258,415,0,0,0.0,1.0277016161093295,1.001328241641345,1.0523962491480654,1.0032813507727991,1.0586156442091108,1.015719197900225,0.8249123211161004,0.7325687477104176,0.423035857164402,0,3.9636258305826058,3.7528975380247864
2428,2428,0.9754660547759244,415,0,1,3.555348061489413,1.0321025229639411,1.0109891235542634,1.046246413112336,1.0115369245500676,1.045739011945524,1.0109891235542634,0.7887680926690985,0.6725029670790563,0.0,0,3.912856040690899,3.706018138737651
2429,2429,0.92987564040383,415,0,0,0.0,1.041728850139232,1.0120789147763565,1.0341085584241267,1.0019873653802,1.048550756542031,1.009875623760096,0.8374666287558015,0.7063950542796786,0.6258002855986439,0,3.9618547938611917,3.730336958196331
2430,2430,1.0360002325774176,510,0,0,0.0,1.00839103502399,1.004544177148741,1.0034727271398167,1.009309683677839,1.034074083243674,1.0063829237830022,0.7678971825427153,0.7536533308455107,0.423035857164402,0,3.8138350279501956,3.7738901154550932
2431,2431,1.0214053992395804,510,0,0,0.0,1.0253207502000616,1.0115369245500676,1.0562572453934476,0.9765185323813282,1.047244600339079,0.9894972828240028,0.8342952500710278,0.6258002855986439,0.423035857164402,0,3.963117846003616,3.6033530253540427
2432,2432,0.98338429212101,415,0,1,3.7612001156935615,1.0560655673466603,0.9979035478286284,1.0352660591273697,1.007573578755084,1.005471664137965,0.996469488897356,0.8123395143700564,0.7711646606364143,0.423035857164402,0,3.909142804982052,3.7731112761174823
2433,2433,0.9942438142135328,415,0,0,0.0,0.992472995048342,1.009875623760096,1.0498203216931254,0.978566837930225,1.0414938744412832,0.98338429212101,0.816401699882637,0.6258002855986439,0.6725029670790563,1,3.9001888910653877,3.597627039409975
2434,2434,1.009875623760096,415,0,0,0.0,1.0481195323981587,1.009875623760096,1.0468007424720378,1.005164330916258,1.033063278524976,1.0006607804515772,0.7914126806490488,0.7063950542796786,0.6258002855986439,0,3.9193962340442217,3.7220957894076094
2435,2435,1.0104353962561965,408,0,0,0.0,1.031085372573731,1.022292995628416,1.0547440640492916,1.008158792920829,1.0558301598036814,1.0006607804515772,0.7436347908732243,0.6725029670790563,0.0,0,3.8852943872999286,3.7036155360798784
2436,2436,1.0147055277003714,510,0,1,3.367295829986474,1.0087374499934136,0.9986063829166985,1.024233536561571,0.9842999824276124,1.0535178518192745,0.9934810060205292,0.741511301806249,0.6258002855986439,0.5546183566222742,0,3.828000140180508,3.602187656963484
2437,2437,0.9957377918930442,415,0,0,0.0,1.02593716959611,1.004544177148741,1.0433693851015111,1.022292995628416,1.0648537875503736,0.9903176749711242,0.8047572096727953,0.6725029670790563,0.0,0,3.93891755192079,3.6896578148273376
2438,2438,0.9342067302312697,408,0,0,0.0,0.998115373470006,0.9903176749711242,1.04407091959873,1.0109891235542634,1.0458730855877978,1.005164330916258,0.7436347908732243,0.6725029670790563,0.0,0,3.8316941695297584,3.678974096520702
2439,2439,1.0369833285847223,408,0,0,0.0,1.0447070161063412,1.0032813507727991,1.0295180703021112,0.9860873110883348,1.033063278524976,0.9869597981852865,0.7860478795856021,0.5546183566222742,0.423035857164402,0,3.89333624451903,3.5309468166686946
2440,2440,1.005777194524828,408,0,0,0.0,1.026262771008648,0.9886644097649396,1.05067138483246,0.987818703754018,1.051859920962844,1.0126152065263214,0.778890100585339,0.5546183566222742,0.423035857164402,0,3.9076841773892914,3.543716676667554
2441,2441,0.9637291374803096,415,0,0,0.0,1.0608727305013994,0.9824533207775524,1.0506231833876123,0.9919223562990608,1.0376914416485343,1.005164330916258,0.8047572096727953,0.6258002855986439,0.5546183566222742,1,3.9539445652103415,3.605340293591515
2442,2442,1.0087374499934136,510,0,0,0.0,0.8687678357625482,0.99719132727709,1.0580480006621973,0.9886644097649396,1.008506765369007,0.9824533207775524,0.8434712343369151,0.6725029670790563,0.423035857164402,0,3.778793836130667,3.640812024898638
2443,2443,0.9993000568565548,408,0,0,0.0,1.0413759386654229,1.0136711282744777,1.030419914320064,0.978566837930225,1.0387339806992983,1.0141909676964709,0.8374666287558015,0.7325687477104176,0.0,0,3.947996462440587,3.7389976816115915
2444,2444,1.0265055527832043,415,0,0,0.0,1.0193948736897374,0.9903176749711242,1.0463790083690905,1.0252793777568705,1.0454426595862158,0.9805436220896986,0.8490701763260848,0.6258002855986439,0.6258002855986439,0,3.9602867179711287,3.6219409604163375
2445,2445,1.0032813507727991,415,0,0,0.0,1.0309014459268222,0.99719132727709,1.0407218823608209,1.0126152065263214,1.0493515026364335,1.0167128902475082,0.8334834996046646,0.6725029670790563,0.6725029670790563,1,3.954458330528741,3.6990223911299758
2446,2446,1.0115369245500676,415,0,0,0.0,1.0337973780240426,1.009309683677839,1.053268504822375,1.001328241641345,1.0457121499905075,0.99719132727709,0.8490701763260848,0.5546183566222742,0.423035857164402,0,3.98184820916301,3.562447609218548
2447,2447,1.004544177148741,415,0,0,0.0,1.0187849674768723,1.004544177148741,1.0449535443914415,0.9949959866312726,1.0525351104605771,1.0172024688229897,0.8284438879783939,0.5546183566222742,0.5546183566222742,0,3.944717510307285,3.571360989225278
2448,2448,0.9894972828240028,415,0,0,0.0,1.0439872977566385,1.009875623760096,1.0423111281715476,1.0141909676964709,1.057224140094589,1.0126152065263214,0.7536533308455107,0.7989278990573876,0.0,0,3.897175896868286,3.835609697040276
2449,2449,1.0240216638573814,415,0,0,0.0,1.0398454216399189,1.0172024688229897,1.0525351104605771,1.001328241641345,1.0285603680670825,1.0063829237830022,0.7874176770111411,0.7536533308455107,0.0,0,3.9083585771787197,3.778566965092848
2450,2450,1.0273061898515887,408,0,0,0.0,1.0367883428150193,0.987818703754018,1.0434541355644529,1.0176873172212282,1.040781723904435,1.003916572429902,0.795245662433237,0.5546183566222742,0.5546183566222742,0,3.9162698647171443,3.5640409500274224
2451,2451,1.0136711282744777,510,0,0,0.0,0.998745843555974,1.007573578755084,1.0591959112984437,1.002638340774061,1.0451987545610024,0.9869597981852865,0.7592308162427008,0.6258002855986439,0.423035857164402,0,3.8623713256581205,3.6229720033130755
2452,2452,1.009875623760096,510,0,0,0.0,1.0411391642197536,0.9903176749711242,1.049177546259813,0.9949959866312726,1.034314885822944,1.0120789147763565,0.7555463047707869,0.7711646606364143,0.6258002855986439,0,3.8801779010732975,3.7685572370151674
2453,2453,1.0120789147763565,510,0,1,3.58351893845611,1.013145908971509,1.004544177148741,1.0340395830368314,1.0063829237830022,1.045739011945524,1.003916572429902,0.8183653079108115,0.5546183566222742,0.5546183566222742,0,3.911289811864676,3.569462029983919
2454,2454,0.9986063829166985,415,0,0,0.0,1.047426115055139,1.001328241641345,1.0411391642197536,0.9949959866312726,1.0738865614720277,0.9993000568565548,0.7773928950827131,0.7063950542796786,0.6258002855986439,0,3.939844735829633,3.702019339408851
2455,2455,0.9957377918930442,408,0,0,0.0,1.0499184031564,0.9979035478286284,1.0404215144187952,1.004544177148741,1.062671197948159,1.016218495895403,0.824006498432407,0.7325687477104176,0.5546183566222742,0,3.977017613955761,3.75123496858319
2456,2456,1.0109891235542634,415,0,1,3.4657359027997265,1.050113928631741,1.001328241641345,1.0384205010347205,1.005777194524828,1.0282108982906202,1.0032813507727991,0.8293046663001791,0.6725029670790563,0.0,0,3.946049994257261,3.682889754018028
2457,2457,0.97105164486998,408,0,1,3.258096538021482,1.0413168581813366,1.022292995628416,1.0124013665879266,0.9842999824276124,1.024233536561571,1.0087374499934136,0.8221661298163554,0.5546183566222742,0.423035857164402,0,3.9001178911471897,3.569948784671716
2458,2458,1.0152149060491755,408,0,1,3.4011973816621555,1.0428861684705877,0.9903176749711242,1.060003369344985,0.9979035478286284,1.034314885822944,0.9993000568565548,0.7773928950827131,0.7325687477104176,0.6258002855986439,0,3.91459731872123,3.7200900273667252
2459,2459,0.9698932078063358,415,0,0,0.0,1.002638340774061,1.001328241641345,1.03616551139242,0.9993000568565548,1.0489278707961407,1.0152149060491755,0.8001236021366125,0.6725029670790563,0.0,0,3.8878553250992347,3.688346171626131
2460,2460,0.9860873110883348,415,0,1,3.091042453358316,1.0317054998746131,0.9919223562990608,1.0501870326572913,0.9869597981852865,1.016218495895403,0.99719132727709,0.7927077628291277,0.423035857164402,0.5546183566222742,0,3.890818791256436,3.3991093389258396
2461,2461,1.026907518550221,415,0,1,3.295836866004329,1.031011886460428,0.996469488897356,1.0316692430666674,1.0176873172212282,1.0490029182010172,0.9942438142135328,0.7977165865059108,0.6258002855986439,0.423035857164402,0,3.9094006342340233,3.634200905930761
2462,2462,1.0292518223263003,510,0,0,0.0,1.0294421492440202,1.0152149060491755,1.0479663517835232,0.979563883308144,1.037627506704872,1.005777194524828,0.8202862443392709,0.5546183566222742,0.6258002855986439,1,3.935322252071686,3.555174340504422
2463,2463,1.0087374499934136,408,0,1,3.555348061489413,1.0419917816691444,1.0109891235542634,1.0187849674768723,1.0109891235542634,1.0219841464337474,1.003916572429902,0.7393445645824166,0.8202862443392709,0.423035857164402,0,3.822105460162181,3.8461810638776996
2464,2464,0.98338429212101,415,0,0,0.0,1.0666640367157558,1.0063829237830022,1.0407218823608209,1.0115369245500676,1.0530862821897,1.0120789147763565,0.778890100585339,0.7063950542796786,0.0,1,3.9393623018516157,3.736393817389105
2465,2465,0.9911259244279969,408,0,1,3.6635616461296463,1.0421952569460855,1.0063829237830022,1.0290990186556717,1.0063829237830022,1.0584542085535062,0.9934810060205292,0.761024447518017,0.7063950542796786,0.5546183566222742,0,3.890772931673281,3.7126419078662125
2466,2466,1.0104353962561965,510,0,0,0.0,0.981027171614308,0.9942438142135328,1.0452802006169184,1.009875623760096,1.0130930871969863,1.013145908971509,0.7457165247157388,0.6258002855986439,0.423035857164402,0,3.785116984143951,3.643065632543782
2467,2467,1.038577503156629,510,0,1,3.713572066704308,1.005898906224046,0.9687112141532412,1.0723220617136764,0.9869597981852865,1.0335190538006391,1.0006607804515772,0.7393445645824166,0.6258002855986439,0.5546183566222742,0,3.851084586320778,3.582132078388749
2468,2468,0.9553725127999176,415,0,0,0.0,1.0384205010347205,0.9942438142135328,1.0212708755236102,1.003916572429902,1.035232415341425,1.0006607804515772,0.7989278990573876,0.6258002855986439,0.5546183566222742,0,3.8938516909571432,3.6246214526936558
2469,2469,1.003916572429902,408,0,1,3.4011973816621555,1.0480940381649428,0.9927072832290874,1.0681752550320407,1.008158792920829,1.0622841106437813,1.0087374499934136,0.8397691990112335,0.5546183566222742,0.0,0,4.018322602851998,3.5642218827656045
2470,2470,1.0069816697157885,408,0,0,0.0,0.9933271437377196,0.9993000568565548,1.0076323991349174,0.9919223562990608,1.0453615021341385,0.9934810060205292,0.8310007739998975,0.6258002855986439,0.423035857164402,0,3.877321819006673,3.6105037047747888
2471,2471,0.9942438142135328,510,0,0,0.0,1.0198127865721038,1.0019873653802,1.036592546605297,1.0181675188505357,1.039570030941982,0.9903176749711242,0.7695443153937457,0.5546183566222742,0.7063950542796786,1,3.8655196795131284,3.5650909158241344
2472,2472,0.9894972828240028,415,0,0,0.0,1.0215841974938875,1.003916572429902,1.0534726195817574,1.0152149060491755,1.013304045738776,0.996469488897356,0.8609990551217062,0.6725029670790563,0.0,0,3.9493599179361274,3.68810393445549
2473,2473,1.0452802006169184,415,0,0,0.0,1.036428759510812,0.9919223562990608,1.0571617241125104,0.9993000568565548,1.0371128719039242,0.999984786274994,0.7302124673395967,0.6258002855986439,0.7325687477104176,0,3.8609158228668434,3.6170074850292533
2474,2474,1.036330213511384,510,0,0,0.0,1.0531091007454727,1.007573578755084,1.0245706410175175,1.0248637173933617,1.0685608035865777,1.019581045851613,0.8249123211161004,0.7063950542796786,0.0,0,3.971152866465668,3.7584133962797375
2475,2475,1.0186431550010258,415,0,0,0.0,1.030382672860129,1.0104353962561965,1.0577408592569009,1.0006607804515772,1.0399672975582703,1.0172024688229897,0.8212312206090928,0.5546183566222742,0.5546183566222742,0,3.949322050284393,3.582917002153038
2476,2476,1.0413168581813366,415,1,0,0.0,1.0098193093436212,0.9610711304112431,1.0501626778185116,1.016218495895403,1.0548319374768893,0.9886644097649396,0.7989278990573876,0.7536533308455107,0.6258002855986439,0,3.9137418236964097,3.7196073669170966
2477,2477,0.9596963204464736,510,1,0,0.0,1.0532912304203077,0.996469488897356,1.0287919536082624,1.0191143049145188,1.0315966470167877,1.001328241641345,0.8123395143700564,0.7711646606364143,0.6258002855986439,0,3.926019345415414,3.7880766960896337
2478,2478,0.9860873110883348,408,0,0,0.0,1.032780620122965,0.9942438142135328,1.0628725835213944,0.9979035478286284,1.0587965513432556,1.007573578755084,0.7803646465744236,0.7860478795856021,0.0,0,3.934814401562039,3.7857688203828475
2479,2479,1.002638340774061,415,0,1,3.4011973816621555,1.0478126526752236,1.0176873172212282,1.0369508869742348,0.9894972828240028,1.0461400590025884,1.002638340774061,0.7846582031691327,0.6258002855986439,0.423035857164402,0,3.9155618018211795,3.635623226417936
2480,2480,0.978566837930225,510,0,1,3.4339872044851463,1.025030405466707,0.9805436220896986,1.0349962372145658,0.99719132727709,1.0181197054591593,0.9765185323813282,0.7914126806490488,0.6725029670790563,0.6258002855986439,0,3.869559028789481,3.626756448827173
2481,2481,1.0126152065263214,408,0,0,0.0,1.0007279072769342,1.001328241641345,1.0513645614982086,1.019581045851613,1.054124034406499,1.009309683677839,0.805879938962908,0.6258002855986439,0.423035857164402,0,3.91209644214455,3.6560192567694405
2482,2482,0.9765185323813282,415,0,0,0.0,0.9986761589289068,0.9979035478286284,1.0267471303835782,0.987818703754018,1.047786985519894,0.9919223562990608,0.8001236021366125,0.5546183566222742,0.0,0,3.8733338769689913,3.532262964503982
2483,2483,0.9026284412459752,510,0,0,0.0,1.050959514047514,0.9993000568565548,1.061177699100015,1.008158792920829,1.0547220684880043,1.0136711282744777,0.7743279928495146,0.6258002855986439,0.5546183566222742,1,3.941187274485048,3.646930263650505
2484,2484,0.996469488897356,415,0,0,0.0,1.020865098978019,0.9687112141532412,1.0310486435814583,0.999984786274994,1.0411984711363191,0.99719132727709,0.8047572096727953,0.5546183566222742,0.423035857164402,0,3.8978694233685918,3.5205056843276
2485,2485,1.038577503156629,415,0,1,3.332204510175204,1.0414054507253565,0.9979035478286284,1.056086906009853,1.0176873172212282,1.0483483381940475,0.9894972828240028,0.805879938962908,0.6725029670790563,0.423035857164402,0,3.951720633892165,3.677591114952916
2486,2486,1.013145908971509,415,0,1,3.610917912644224,1.0649235063439273,1.0063829237830022,1.0335190538006391,1.0115369245500676,1.041079781469043,0.97105164486998,0.7964892999116688,0.7063950542796786,0.6258002855986439,0,3.936011641525279,3.695366547482728
2487,2487,1.009875623760096,415,0,0,0.0,1.0399368584308264,1.0109891235542634,1.041728850139232,1.0136711282744777,1.0252793777568705,0.9860873110883348,0.7989278990573876,0.8102372017222292,0.5546183566222742,0,3.905872985384317,3.820984764639305
2488,2488,0.9979035478286284,415,0,0,0.0,1.038104909996007,1.0147055277003714,1.0418751073916055,1.019581045851613,1.0334492177230494,1.0167128902475082,0.8202862443392709,0.6725029670790563,0.0,0,3.9337154794499325,3.7235024308785487
2489,2489,1.003916572429902,408,0,0,0.0,1.0307537956581727,0.9986063829166985,1.0463260164676929,1.002638340774061,1.0414349440266375,1.0141909676964709,0.8001236021366125,0.7989278990573876,0.0,0,3.9186383582891153,3.814363590444618
2490,2490,0.9979035478286284,415,0,0,0.0,1.0360002325774176,1.019581045851613,1.0414349440266375,1.007573578755084,1.0640615528013997,0.9743938320833514,0.8036205267754964,0.5546183566222742,0.0,0,3.9451172561809518,3.5561668133123225
2491,2491,1.0069816697157885,415,0,1,3.49650756146648,1.021045854340093,1.0032813507727991,1.0473743275543008,1.025691534626503,1.0341774338397145,1.022730883502586,0.7743279928495146,0.7063950542796786,0.423035857164402,0,3.876925608583623,3.7580988231815664
2492,2492,1.0115369245500676,415,0,0,0.0,1.043028817050272,1.009309683677839,1.0511267407387648,1.007573578755084,1.0679973675830567,1.0104353962561965,0.8310007739998975,0.423035857164402,0.5546183566222742,0,3.993153699371991,3.4503545158535216
2493,2493,0.97105164486998,510,0,1,2.6390573296152584,1.0479663517835232,0.9687112141532412,1.0386401569418002,0.9942438142135328,1.036330213511384,0.9765185323813282,0.8024695798580879,0.5546183566222742,0.0,0,3.925406302094795,3.494091917370376
2494,2494,1.0136711282744777,408,0,1,3.295836866004329,1.0200434531560645,1.002638340774061,1.0360994692785148,1.0147055277003714,1.0451443766562367,1.007573578755084,0.816401699882637,0.7063950542796786,0.423035857164402,0,3.9176889989734534,3.7313125015091946
2495,2495,0.9815065955444632,408,0,0,0.0,1.030605690202162,0.99719132727709,1.043707455716753,0.9934810060205292,1.0756381910375368,1.0063829237830022,0.7874176770111411,0.6725029670790563,0.423035857164402,0,3.9373690139675928,3.669558224159678
2496,2496,1.001328241641345,408,0,1,3.4339872044851463,1.008909788574806,0.979563883308144,1.039014328621119,1.007573578755084,1.0394471115475157,0.9942438142135328,0.8102372017222292,0.7711646606364143,0.5546183566222742,0,3.89760843046567,3.7525459369131746
2497,2497,1.0231649163770178,415,1,0,0.0,1.0320305815099184,1.0147055277003714,1.0421662437495445,1.022292995628416,1.0344177143633213,0.999984786274994,0.8123395143700564,0.8293046663001791,0.0,0,3.920954053992841,3.86628797590396
2498,2498,0.9148633202485028,408,0,1,3.367295829986474,1.0356011880561276,1.0120789147763565,1.0542798545035723,1.0167128902475082,1.0553338595673334,0.987818703754018,0.805879938962908,0.7536533308455107,0.423035857164402,0,3.951094841089941,3.770263839623393
2499,2499,1.0186431550010258,510,0,1,3.49650756146648,1.0471405516887569,1.0019873653802,1.029669554825151,0.9949959866312726,1.0529491254135428,0.999984786274994,0.8143937066027327,0.7063950542796786,0.423035857164402,0,3.9441529385301832,3.703363192566145
2500,2500,1.0115369245500676,415,0,0,0.0,1.0232943838278248,0.9949959866312726,1.0419917816691444,0.9993000568565548,1.0280938456756414,0.98338429212101,0.7900996062387244,0.6258002855986439,0.7536533308455107,1,3.8834796174113357,3.6034806212074812
2501,2501,1.007573578755084,415,0,0,0.0,1.0643449122287534,1.0019873653802,1.0496974193523043,0.9979035478286284,1.0516482934705569,1.0087374499934136,0.8374666287558015,0.7860478795856021,0.5546183566222742,1,4.003157253807416,3.7946762427878444
2502,2502,1.003916572429902,408,0,0,0.0,1.0529491254135428,1.0167128902475082,1.0439593899983166,1.0019873653802,1.0326386605706757,0.9942438142135328,0.7989278990573876,0.423035857164402,0.6725029670790563,0,3.9284750750399224,3.4359799270056435
2503,2503,1.0273061898515887,408,0,0,0.0,1.0406019677819085,0.9903176749711242,1.0445694815558302,0.9886644097649396,1.059215783945064,0.9869597981852865,0.7832481321537382,0.423035857164402,0.423035857164402,0,3.9276353654365406,3.3889777400857524
2504,2504,1.019581045851613,408,0,1,3.5263605246161616,1.0373387180374702,1.002638340774061,1.0424843926306362,0.9919223562990608,1.0570157419251829,1.016218495895403,0.7121400728706546,0.7063950542796786,0.423035857164402,0,3.848978925463944,3.7171742472482037
2505,2505,0.9903176749711242,408,0,0,0.0,1.0130930871969863,1.0032813507727991,1.0316329587935256,0.99719132727709,1.0530634519646838,1.0277016161093295,0.8143937066027327,0.7989278990573876,0.0,0,3.912183204557928,3.8271021932166063
2506,2506,0.999984786274994,415,0,1,3.091042453358316,1.0557872234865917,0.9993000568565548,1.0576173991122273,1.0277016161093295,1.030975101170884,0.9805436220896986,0.8080847309801162,0.7325687477104176,0.5546183566222742,0,3.952464454749819,3.7401140427660007
2507,2507,1.001328241641345,408,0,0,0.0,1.0349624011565233,0.985200844275134,1.022861495288646,1.0296317282856953,1.0246964599331927,1.005777194524828,0.778890100585339,0.7536533308455107,0.423035857164402,0,3.861410456963701,3.7742630979311675
2508,2508,0.6258002855986439,415,0,0,0.0,1.0398149028265846,1.0141909676964709,1.0451987545610024,1.0186431550010258,1.0351650559672234,0.9949959866312726,0.8382411892305852,0.6258002855986439,0.6258002855986439,0,3.958419902585396,3.653630394927413
2509,2509,0.985200844275134,408,0,1,2.8903717578961645,1.0455236734444504,0.9911259244279969,1.0444591565461188,1.003916572429902,1.0493515026364335,1.0006607804515772,0.8133725028259741,0.7063950542796786,0.0,0,3.9527068354529766,3.7020983315891547
2510,2510,0.98338429212101,408,0,1,3.218875824868201,1.0507676331077975,1.0136711282744777,1.0388899368905145,1.007573578755084,1.0605270655091126,1.0063829237830022,0.7914126806490488,0.5546183566222742,0.6258002855986439,0,3.9415973161564737,3.5822459874348382
2511,2511,0.9362682541349638,510,0,0,0.0,1.0348946564785717,1.0115369245500676,1.024191235131682,1.015719197900225,1.0569321058514107,1.0115369245500676,0.8047572096727953,0.6258002855986439,0.6725029670790563,1,3.9207752071344597,3.664593332599004
2512,2512,0.851732346927839,415,0,0,0.0,1.032174356376246,1.002638340774061,1.051859920962844,1.022730883502586,1.02722671676071,0.9860873110883348,0.8013040485562493,0.8102372017222292,0.6258002855986439,0,3.9125650426560497,3.8216937370872106
2513,2513,1.0115369245500676,510,0,1,2.833213344056216,1.0206382245007952,1.0087374499934136,1.0400281162527405,1.009309683677839,1.0320305815099184,1.0104353962561965,0.7228234639800664,0.6725029670790563,0.5546183566222742,0,3.8155203862435205,3.7009854970065055
2514,2514,1.007573578755084,510,0,1,3.258096538021482,1.035232415341425,0.9942438142135328,1.0086798755135369,1.0104353962561965,1.0335190538006391,1.0019873653802,0.7818171316562723,0.423035857164402,0.6258002855986439,0,3.8592484763118735,3.4297024330143313
2515,2515,1.0069816697157885,510,0,0,0.0,1.0412280962126754,0.9842999824276124,1.0300461961841023,0.97330117724734,1.0550071640756122,0.996469488897356,0.7758724080478123,0.6258002855986439,0.7063950542796786,0,3.9021538645202023,3.5798709341709523
2516,2516,1.031850253219713,415,0,0,0.0,1.0694470002391223,1.002638340774061,1.0519302420489074,1.0214053992395804,1.054457268544826,1.005164330916258,0.7678971825427153,0.7063950542796786,0.5546183566222742,1,3.9437316933755704,3.7356031252095776
2517,2517,1.0265055527832043,415,0,0,0.0,1.0164168371012026,0.9824533207775524,1.0692271851794757,0.9860873110883348,1.0304571269641254,1.0172024688229897,0.8036205267754964,0.6725029670790563,0.5546183566222742,0,3.9197216760203,3.6582460677679336
2518,2518,1.0069816697157885,415,0,0,0.0,1.026465173075463,0.9986063829166985,1.0111540807940909,1.009309683677839,1.0112637575418055,1.0006607804515772,0.8143937066027327,0.7063950542796786,0.6258002855986439,0,3.8632767180140926,3.7149719013257934
2519,2519,0.9650147563028656,510,0,0,0.0,1.0199974053303946,0.999984786274994,1.0341774338397145,1.0069816697157885,1.0457926885777766,1.0063829237830022,0.8427438869642762,0.7063950542796786,0.6258002855986439,0,3.942711414712162,3.7197444340534633
2520,2520,0.996469488897356,408,0,0,0.0,1.0265862119028544,1.0147055277003714,1.036723167767421,0.9934810060205292,1.0219841464337474,0.987818703754018,0.8318363985199613,0.6258002855986439,0.5546183566222742,0,3.9171299246239837,3.6218055230735624
2521,2521,0.8293046663001791,415,0,0,0.0,1.0249054426520634,1.0231649163770178,1.054034748688777,0.9942438142135328,1.0498448620527454,1.015719197900225,0.7555463047707869,0.7063950542796786,0.5546183566222742,0,3.8843313581643724,3.739522982770454
2522,2522,0.9979035478286284,415,0,1,3.4657359027997265,1.0534952414369436,0.9919223562990608,1.047684171665435,1.002638340774061,1.042108162740893,0.9934810060205292,0.8069890155045473,0.6725029670790563,0.423035857164402,0,3.950276591347819,3.6605446701727073
2523,2523,0.9993000568565548,510,0,0,0.0,1.039570030941982,0.9993000568565548,1.0387652135428778,1.0032813507727991,1.025030405466707,1.0104353962561965,0.8275744235987819,0.6725029670790563,0.5546183566222742,0,3.9309400735503486,3.685519770964607
2524,2524,1.005164330916258,415,0,0,0.0,1.008216951459733,1.0240216638573814,1.040451638610881,1.0235951562943069,1.0485759953977756,1.002638340774061,0.7989278990573876,0.6725029670790563,0.6258002855986439,0,3.896172484525777,3.7227581280048057
2525,2525,0.925237402907562,408,0,0,0.0,1.022774459229829,1.0115369245500676,1.0308276775295866,0.9894972828240028,1.0483483381940475,1.013145908971509,0.8024695798580879,0.5546183566222742,0.7063950542796786,1,3.904420054811551,3.5687984729678535
2526,2526,0.9698932078063358,415,0,0,0.0,1.0403612074905264,0.9986063829166985,1.046246413112336,0.99719132727709,1.042771731453067,1.001328241641345,0.7832481321537382,0.6725029670790563,0.6258002855986439,0,3.9126274842096675,3.6696289189141895
2527,2527,1.0248637173933617,510,0,0,0.0,1.029782856679349,1.009875623760096,1.0642211721176704,0.99719132727709,1.0514593382656887,0.996469488897356,0.8366848759673883,0.7063950542796786,0.423035857164402,0,3.9821482430300965,3.7099314942142203
2528,2528,0.967504775196054,415,1,0,0.0,1.0457926885777766,1.0006607804515772,1.061762551469606,1.0126152065263214,1.044734473637668,1.0231649163770178,0.8102372017222292,0.5546183566222742,0.0,1,3.9625269154072793,3.5910592599771904
2529,2529,0.93826565414555,510,0,0,0.0,1.0461400590025884,1.022730883502586,1.047940771359537,0.9903176749711242,1.0421952569460855,1.005777194524828,0.819331006683021,0.6725029670790563,0.423035857164402,0,3.955607093991232,3.6913287200775944
2530,2530,0.9624149872572304,408,0,0,0.0,1.049893902770984,1.009875623760096,1.0619122100231178,1.0152149060491755,1.06372262211004,0.9919223562990608,0.7555463047707869,0.7063950542796786,0.0,1,3.931075039674929,3.723407940388011
2531,2531,0.9986063829166985,415,0,0,0.0,1.0496235170277342,1.009309683677839,1.030083698850113,0.9754660547759244,1.040691932686988,0.9949959866312726,0.8047572096727953,0.6725029670790563,0.5546183566222742,0,3.92515635823763,3.6522746921640925
2532,2532,0.9815065955444632,415,0,1,3.871201010907891,1.03623146123535,1.0126152065263214,1.0452802006169184,1.0109891235542634,1.0365271000276444,0.9986063829166985,0.7393445645824166,0.6258002855986439,0.5546183566222742,0,3.8573833264623296,3.648010998595927
2533,2533,1.0176873172212282,415,1,0,0.0,1.024947132380076,0.967504775196054,1.038104909996007,1.0311220734769209,1.0356011880561276,1.0152149060491755,0.7371330092563764,0.6725029670790563,0.6725029670790563,1,3.835786239688587,3.6863447218012064
2534,2534,0.9202501631240612,415,0,0,0.0,1.039631369482939,1.009309683677839,1.0452259193354878,1.0087374499934136,1.053540450739518,1.002638340774061,0.7900996062387244,0.7063950542796786,0.6258002855986439,0,3.9284973457966696,3.7270805287249926
2535,2535,1.026907518550221,510,0,0,0.0,1.048474955536601,0.9993000568565548,1.0400281162527405,1.005777194524828,1.0658026224723502,1.0248637173933617,0.7989278990573876,0.7063950542796786,0.5546183566222742,0,3.9532335933190796,3.7363360230544234
2536,2536,0.9886644097649396,415,0,0,0.0,1.0190673895866764,1.0147055277003714,1.051859920962844,1.005777194524828,1.0238088728874757,1.015719197900225,0.8318363985199613,0.6258002855986439,0.0,0,3.9265725819569575,3.6620022057240678
2537,2537,1.0152149060491755,510,0,1,3.4339872044851463,1.051859920962844,1.007573578755084,1.0636329847447672,0.9842999824276124,1.0373387180374702,0.9919223562990608,0.751725067666227,0.6258002855986439,0.5546183566222742,0,3.904556691411308,3.6095962030804007
2538,2538,0.9568484637059635,415,0,0,0.0,1.045388570602082,1.0006607804515772,1.0609682631859432,1.0181675188505357,1.0381365648606882,1.013145908971509,0.8102372017222292,0.7063950542796786,0.423035857164402,0,3.954730600370943,3.7383692625533005
2539,2539,0.996469488897356,408,0,1,3.80666248977032,1.0485759953977756,1.0032813507727991,1.0360333346550443,1.001328241641345,1.054589865833088,0.9993000568565548,0.7874176770111411,0.6258002855986439,0.423035857164402,0,3.926616872897049,3.6297099348693425
2540,2540,0.9596963204464736,415,0,0,0.0,1.0557657396920594,0.9919223562990608,1.0507435903338862,0.9979035478286284,1.0550726960277623,1.0200434531560645,0.8013040485562493,0.5546183566222742,0.5546183566222742,1,3.962886074609957,3.5644877139060283
2541,2541,1.028482925863037,510,0,0,0.0,1.051388274454874,0.9979035478286284,1.0220283861398023,1.0063829237830022,1.0434259027203387,1.0069816697157885,0.7860478795856021,0.5546183566222742,0.423035857164402,0,3.9028904429006173,3.565886497949694
2542,2542,1.0444591565461188,415,0,0,0.0,1.0508636759093637,1.0087374499934136,1.065648789713399,0.9927072832290874,1.0565748717773469,0.9886644097649396,0.8123395143700564,0.6725029670790563,0.423035857164402,1,3.985426851770166,3.6626121100664975
2543,2543,0.9860873110883348,415,0,0,0.0,1.0048551752326658,1.0115369245500676,1.0130930871969863,1.003916572429902,1.0444591565461188,0.9986063829166985,0.8202862443392709,0.6258002855986439,0.6725029670790563,1,3.8826936633150417,3.6398601654953118
2544,2544,0.9754660547759244,415,0,0,0.0,1.011808638916558,0.978566837930225,1.0567643561114437,1.0248637173933617,1.046590362812797,0.996469488897356,0.7627869824840867,0.7325687477104176,0.0,0,3.8779503403248854,3.7324687919313604
2545,2545,1.002638340774061,408,0,0,0.0,1.0491277212773238,1.0167128902475082,1.0270274635898131,1.003916572429902,1.0618374453214865,1.0006607804515772,0.795245662433237,0.7325687477104176,0.423035857164402,0,3.9332382926218603,3.7538589908394053
2546,2546,0.93826565414555,510,0,0,0.0,1.0503571490018278,0.9754660547759244,1.0551817012110905,0.9824533207775524,1.0503571490018278,1.030008664286585,0.8230911610676044,0.7063950542796786,0.6258002855986439,0,3.97898716028235,3.6943230941197407
2547,2547,1.020501600316601,415,0,0,0.0,1.0251965277140376,0.979563883308144,1.039508611695625,1.019581045851613,1.0614050291790669,1.0200434531560645,0.8284438879783939,0.6725029670790563,0.6258002855986439,0,3.9545540565671233,3.691691349394878
2548,2548,0.9275973506953992,408,0,1,3.784189633918261,0.9117083550564392,1.015719197900225,1.0186904705829285,1.0126152065263214,1.0700070416698475,1.005777194524828,0.7803646465744236,0.7325687477104176,0.5546183566222742,0,3.780770513883639,3.766680346661792
2549,2549,0.9553725127999176,510,0,1,3.367295829986474,1.0616311752138023,1.0147055277003714,1.0451987545610024,1.0019873653802,1.0554854972096794,0.9942438142135328,0.7758724080478123,0.6258002855986439,0.0,0,3.9381878350322967,3.636736992892748
2550,2550,1.0152149060491755,415,0,0,0.0,1.024191235131682,1.0181675188505357,1.026262771008648,0.978566837930225,1.015719197900225,0.98338429212101,0.7727589769680201,0.6725029670790563,0.0,0,3.838932181008575,3.652621615980827
2551,2551,1.0087374499934136,408,0,0,0.0,1.0420790948865386,1.003916572429902,1.037914530946045,1.013145908971509,1.0480685296039305,0.9824533207775524,0.7914126806490488,0.6725029670790563,0.423035857164402,0,3.919474836085563,3.6720187692580195
2552,2552,0.996469488897356,408,1,0,0.0,1.028405359539056,1.0115369245500676,1.004917153118844,1.0120789147763565,1.0301211723265706,0.9927072832290874,0.8221661298163554,0.6725029670790563,0.423035857164402,0,3.8856098148008265,3.688826089634568
2553,2553,1.0147055277003714,408,0,0,0.0,1.048322972244091,0.9824533207775524,1.0421662437495445,1.001328241641345,1.0252793777568705,1.004544177148741,0.8001236021366125,0.6725029670790563,0.7063950542796786,0,3.9158921958871185,3.6608287066466945
2554,2554,1.008158792920829,415,0,0,0.0,1.0382629710766498,1.002638340774061,1.051601129217814,1.004544177148741,1.023337464073253,1.005777194524828,0.7678971825427153,0.7711646606364143,0.6258002855986439,0,3.8810987469104323,3.784124373084044
2555,2555,0.9805436220896986,415,0,0,0.0,1.0431994153840698,0.9942438142135328,1.030975101170884,1.0186431550010258,1.0602174871411634,1.013145908971509,0.749760341930018,0.6258002855986439,0.0,0,3.884152345626135,3.651833163784711
2556,2556,1.007573578755084,415,0,0,0.0,1.0422821875572914,1.0172024688229897,1.0295180703021112,0.9919223562990608,1.036592546605297,1.001328241641345,0.7914126806490488,0.7325687477104176,0.6258002855986439,0,3.8998054851137485,3.7430218144738134
2557,2557,1.026907518550221,415,1,0,0.0,1.0491027881895507,1.009309683677839,1.0298582435392996,1.020501600316601,1.061762551469606,0.9698932078063358,0.7743279928495146,0.7063950542796786,0.423035857164402,0,3.9150515760479707,3.706099546080454
2558,2558,0.9842999824276124,510,1,0,0.0,1.0556150603814114,1.0087374499934136,1.0458998532090122,0.97105164486998,1.0464583810480494,1.015719197900225,0.8310007739998975,0.7063950542796786,0.0,1,3.9789740686383706,3.7019033470432974
2559,2559,1.004544177148741,415,0,0,0.0,1.0365598346737197,1.0280938456756414,1.026907518550221,0.9624149872572304,1.0343834629215896,1.008158792920829,0.8504121441880276,0.6258002855986439,0.7325687477104176,1,3.948262960333558,3.6244679114523444
2560,2560,0.9934810060205292,415,0,0,0.0,1.054124034406499,0.9903176749711242,1.021000727240472,1.0063829237830022,1.04105006159986,0.9911259244279969,0.7900996062387244,0.5546183566222742,0.0,1,3.9062744294855554,3.542444879804398
2561,2561,0.925237402907562,510,0,1,3.6375861597263857,1.0386401569418002,0.9842999824276124,1.037499375205421,1.001328241641345,1.0513645614982086,1.0218511892271116,0.7063950542796786,0.6258002855986439,0.5546183566222742,0,3.833899147925108,3.6332796988947127
2562,2562,0.985200844275134,510,0,1,3.4011973816621555,1.0471665861538688,0.9949959866312726,1.050284320621803,1.0006607804515772,1.02706737961469,1.0063829237830022,0.795245662433237,0.7860478795856021,0.5546183566222742,0,3.919763948823599,3.7880875704514545
2563,2563,1.016218495895403,510,0,0,0.0,1.034758875979825,1.007573578755084,1.0378190510172471,0.996469488897356,1.0546339771253748,0.9894972828240028,0.8221661298163554,0.6258002855986439,0.423035857164402,0,3.9493780339388023,3.6193406360750866
2564,2564,0.912001235290911,415,0,0,0.0,1.0557442454610295,1.0069816697157885,1.0369508869742348,0.9842999824276124,1.0635970775253114,0.9957377918930442,0.8133725028259741,0.5546183566222742,0.0,0,3.9696647127865496,3.5416378006587195
2565,2565,0.958289233840266,415,0,1,3.49650756146648,1.0196738716251463,0.97105164486998,1.051222020193135,1.0167128902475082,1.037914530946045,1.005777194524828,0.8275744235987819,0.5546183566222742,0.5546183566222742,0,3.936384846363109,3.5481600862645903
2566,2566,1.002638340774061,510,1,0,0.0,1.007100593868074,1.001328241641345,0.9933271437377196,1.0152149060491755,1.030083698850113,1.0126152065263214,0.795245662433237,0.6725029670790563,0.423035857164402,0,3.825757098889144,3.701661321295899
2567,2567,0.9662729529060342,408,0,1,3.49650756146648,1.0473743275543008,1.0141909676964709,1.0449808548191069,1.0218511892271116,1.047786985519894,0.9993000568565548,0.7832481321537382,0.7063950542796786,0.423035857164402,0,3.9233903000470396,3.741737268059816
2568,2568,1.0248637173933617,510,0,0,0.0,1.0316329587935256,1.0141909676964709,1.0633268158388505,1.005164330916258,1.039045374929264,0.9919223562990608,0.751725067666227,0.6725029670790563,0.6258002855986439,0,3.8857302172278674,3.683780621990846
2569,2569,1.009309683677839,408,0,0,0.0,1.064888661105832,0.9957377918930442,1.0648712278704413,0.9805436220896986,1.0583935166114065,1.0147055277003714,0.8080847309801162,0.6258002855986439,0.423035857164402,1,3.996238136567796,3.616787227281758
2570,2570,1.0248637173933617,510,0,0,0.0,1.0206836824587835,1.0069816697157885,1.0503813989898785,1.0126152065263214,1.0383890373747378,0.9919223562990608,0.8013040485562493,0.8293046663001791,0.423035857164402,0,3.9107581673796488,3.8408238988413497
2571,2571,0.9765185323813282,415,1,1,3.218875824868201,1.0170560957706944,0.99719132727709,1.0614805421856357,1.001328241641345,1.0480430067002184,1.007573578755084,0.839008674512346,0.7325687477104176,0.6258002855986439,1,3.9655883191688943,3.7386618953839363
2572,2572,0.9979035478286284,510,1,0,0.0,1.0344519411105462,1.0109891235542634,1.0614993999308466,1.0176873172212282,1.043114195062613,0.9507170793714552,0.8143937066027327,0.6258002855986439,0.423035857164402,0,3.9534592427067388,3.6051938057455906
2573,2573,1.004544177148741,415,0,0,0.0,0.9794649667153152,1.0209555590262906,1.021180989639234,1.009875623760096,1.034588601810145,1.0329221586751836,0.8202862443392709,0.7325687477104176,0.5546183566222742,0,3.855520802503965,3.796322089171988
2574,2574,1.0252793777568705,510,0,1,3.6635616461296463,1.005777194524828,0.9927072832290874,1.0151134403074875,1.015719197900225,1.0497957679819407,1.0152149060491755,0.6601781369419791,0.6725029670790563,0.0,0,3.730864539756235,3.6961443542575445
2575,2575,0.9979035478286284,415,0,0,0.0,1.0285216624571625,1.0240216638573814,1.0482975920994524,1.0069816697157885,1.05885668808052,1.009309683677839,0.8202862443392709,0.7536533308455107,0.423035857164402,0,3.9559621869764054,3.79396634809652
2576,2576,1.0273061898515887,510,1,0,0.0,1.038546144802386,0.9869597981852865,1.0427430778418632,0.9903176749711242,1.043566894295399,1.008158792920829,0.7832481321537382,0.7860478795856021,0.6258002855986439,0,3.9081042490933866,3.771484145662842
2577,2577,0.8878276945462743,510,0,1,3.4657359027997265,1.0302334180368578,0.9911259244279969,1.0320305815099184,0.999984786274994,1.0648712278704413,1.0069816697157885,0.7914126806490488,0.7325687477104176,0.423035857164402,0,3.9185479080662664,3.730661128129197
2578,2578,1.0496727986811845,510,0,1,3.218875824868201,1.0384205010347205,0.9919223562990608,1.0504298598360993,0.99719132727709,1.045739011945524,1.004544177148741,0.5873456767366643,0.6258002855986439,0.0,0,3.721935049553008,3.619458146323536
2579,2579,1.0329221586751836,510,0,1,3.4339872044851463,1.053855638099641,1.002638340774061,1.051836456063146,1.0147055277003714,1.0458998532090122,0.9743938320833514,0.8310007739998975,0.7711646606364143,0.423035857164402,0,3.9825927213716965,3.762902361194198
2580,2580,1.005164330916258,415,0,1,2.9444389791664403,1.038921065848597,0.9743938320833514,1.0478126526752236,0.97330117724734,1.0421952569460855,1.007573578755084,0.8326639275093545,0.7860478795856021,0.5546183566222742,0,3.9615929029792603,3.741316467671377
2581,2581,1.0277016161093295,415,0,1,3.58351893845611,1.0234235115719263,0.9805436220896986,1.0710600914166457,1.0349962372145658,1.0478639435220942,1.005777194524828,0.7832481321537382,0.5546183566222742,0.5546183566222742,0,3.9255956786644046,3.5759354104513665
2582,2582,1.039508611695625,408,0,1,2.5649493574615367,1.0442654479603934,0.9842999824276124,1.0570575005076726,1.005777194524828,1.0274251562380514,0.9979035478286284,0.8013040485562493,0.7063950542796786,0.0,0,3.9300521532623667,3.6943757790607474
2583,2583,0.9687112141532412,415,1,1,3.4011973816621555,1.0182630087541384,1.0136711282744777,1.0355677817916773,0.9903176749711242,1.0564903946048394,1.0109891235542634,0.8173889426906868,0.7325687477104176,0.6258002855986439,0,3.927710127841342,3.747546674510283
2584,2584,1.0115369245500676,415,0,0,0.0,1.050983441697914,1.0032813507727991,1.0616499676282602,0.967504775196054,1.047761303856438,0.9894972828240028,0.8230911610676044,0.6725029670790563,0.6258002855986439,1,3.983485874250217,3.6327863758719126
2585,2585,0.9202501631240612,408,0,0,0.0,1.05670128506176,0.9886644097649396,1.0426570102260215,0.999984786274994,1.0471926057401506,0.9934810060205292,0.7773928950827131,0.6258002855986439,0.5546183566222742,0,3.923943796110645,3.607930487659107
2586,2586,1.002638340774061,510,0,0,0.0,1.0592753477654189,1.0126152065263214,1.0424843926306362,1.009309683677839,1.0589167423482746,1.009309683677839,0.7627869824840867,0.6725029670790563,0.5546183566222742,1,3.923463465228416,3.703737540961056
2587,2587,0.98338429212101,510,0,1,3.367295829986474,1.0443485659337182,0.999984786274994,1.0329574778016335,1.009309683677839,1.0348607477947986,1.028868902973444,0.5945180961505849,0.7063950542796786,0.423035857164402,0,3.7066848876807352,3.744558427205955
2588,2588,1.0147055277003714,408,0,1,3.555348061489413,1.0552252283543333,0.9993000568565548,1.0486516277295643,0.9743938320833514,1.0101002659353624,1.0167128902475082,0.7627869824840867,0.7711646606364143,0.0,0,3.8767641045033465,3.7615714398238285
2589,2589,1.0244444982729537,415,1,0,0.0,1.0239366580714178,1.0235951562943069,1.0515066517122882,1.0136711282744777,1.0288304436016882,0.9942438142135328,0.8091673682554217,0.7536533308455107,0.423035857164402,0,3.913441121640816,3.7851634296278283
2590,2590,1.0147055277003714,510,0,0,0.0,1.05736943419691,0.9979035478286284,1.0597489586497466,1.0006607804515772,1.0435387304704578,1.013145908971509,0.7832481321537382,0.6258002855986439,0.6258002855986439,1,3.9439052554708525,3.6375105228503584
2591,2591,0.9934810060205292,415,0,1,3.5263605246161616,1.0167128902475082,1.0019873653802,1.0530634519646838,0.9886644097649396,1.0482467891672995,0.9993000568565548,0.8013040485562493,0.7536533308455107,0.5546183566222742,0,3.9193271799357405,3.7436051628472056
2592,2592,0.9227903399258666,408,0,0,0.0,1.0384519435813513,0.97330117724734,1.0623211256534004,1.0019873653802,1.0644858947529872,1.005777194524828,0.7063950542796786,0.6258002855986439,0.423035857164402,0,3.8716540182674173,3.606866022751012
2593,2593,1.0373065206212844,415,1,0,0.0,1.0560228590923026,1.013145908971509,1.03576786626219,0.9815065955444632,1.0418751073916055,0.9934810060205292,0.8133725028259741,0.5546183566222742,0.423035857164402,1,3.947038335572072,3.542751867158776
2594,2594,0.9650147563028656,415,0,1,3.4339872044851463,1.0376594850543748,1.009309683677839,1.0533820172165596,1.008158792920829,1.0591760296192412,1.013145908971509,0.7773928950827131,0.5546183566222742,0.0,0,3.9276104269728886,3.585232742192451
2595,2595,1.0104353962561965,415,1,0,0.0,1.0153161683390013,1.009875623760096,1.019905181588335,0.9986063829166985,1.034826814838484,1.0063829237830022,0.8024695798580879,0.7860478795856021,0.7063950542796786,1,3.8725177446239085,3.8009128100453986
2596,2596,0.9949959866312726,415,0,0,0.0,1.0094233710965843,1.0032813507727991,1.0152655625786635,0.9986063829166985,1.0385147654391056,0.9919223562990608,0.825808803625318,0.5546183566222742,0.6258002855986439,0,3.8890125027396714,3.5484284466108322
2597,2597,0.985200844275134,408,1,1,3.80666248977032,1.0046687987595593,1.0126152065263214,1.0532912304203077,0.9927072832290874,1.0451443766562367,1.0032813507727991,0.819331006683021,0.5546183566222742,0.0,1,3.9224354125191243,3.5632221971504823
2598,2598,1.0261002420274623,510,0,0,0.0,1.0229049557451757,1.005164330916258,1.031085372573731,1.0152149060491755,0.9497420329394696,0.9815065955444632,0.6685278693421354,0.7860478795856021,0.6725029670790563,1,3.6722602306005117,3.7879337120954983
2599,2599,0.9979035478286284,415,0,0,0.0,1.0262221895292996,0.9919223562990608,1.0485759953977756,0.9993000568565548,1.0525351104605771,0.9894972828240028,0.815403362323621,0.6258002855986439,0.0,0,3.942736657711273,3.6065199815782623
2600,2600,1.0314875462798236,415,0,0,0.0,1.0458998532090122,0.9743938320833514,1.0543686500325535,1.008158792920829,1.0513170979818531,1.003916572429902,0.8173889426906868,0.7325687477104176,0.0,0,3.968974543914105,3.7190379451445
2601,2601,0.9610711304112431,415,0,0,0.0,1.0200434531560645,1.004544177148741,1.0621728753569912,1.0109891235542634,1.0382629710766498,0.9824533207775524,0.8334834996046646,0.6725029670790563,0.0,0,3.95396279919437,3.6704895885596134
2602,2602,0.9942438142135328,408,0,0,0.0,1.0612346432525663,1.005777194524828,1.03188637327496,1.0147055277003714,1.0425995426257593,1.015719197900225,0.7887680926690985,0.6725029670790563,0.5546183566222742,0,3.924488651822384,3.7087048872044805
2603,2603,0.97105164486998,510,0,0,0.0,1.039906399417967,0.9934810060205292,1.0507195347051796,0.9934810060205292,1.0425707820071854,0.9979035478286284,0.8173889426906868,0.6258002855986439,0.0,0,3.9505856588210184,3.6106658454683305
2604,2604,0.9637291374803096,415,0,1,3.4339872044851463,1.03800981703048,1.005777194524828,1.0628360376947,0.9903176749711242,1.051388274454874,0.985200844275134,0.8427438869642762,0.7063950542796786,0.423035857164402,0,3.9949780161443305,3.6876907680507647
2605,2605,1.022730883502586,510,1,0,0.0,1.06338100384778,0.9687112141532412,1.040481743319358,0.967504775196054,1.0261815742406322,1.0109891235542634,0.8102372017222292,0.6725029670790563,0.5546183566222742,1,3.9402815231299995,3.6197080799826153
2606,2606,1.0115369245500676,408,0,0,0.0,1.0599643256494355,1.0115369245500676,1.0290990186556717,1.0063829237830022,1.052373063636423,0.97330117724734,0.8580278252863395,0.423035857164402,0.6258002855986439,0,3.99946423322787,3.414256882744812
2607,2607,1.0353332750537292,415,0,0,0.0,1.0225124253755895,1.0087374499934136,1.0436512826113629,1.008158792920829,1.0645386441892477,1.019581045851613,0.8318363985199613,0.7063950542796786,0.5546183566222742,0,3.9625387506961607,3.742872343045534
2608,2608,1.0176873172212282,510,0,0,0.0,1.021360598591922,0.9869597981852865,1.0497957679819407,1.0109891235542634,1.0108788559542663,1.013145908971509,0.8449070458972404,0.5546183566222742,0.423035857164402,0,3.92694226842537,3.5657131873333334
2609,2609,0.9687112141532412,415,0,0,0.0,1.052811546147184,0.9842999824276124,1.0486012202046426,1.007573578755084,1.0193948736897374,1.0152149060491755,0.8366848759673883,0.5546183566222742,0.423035857164402,0,3.9574925160089522,3.561706823854146
2610,2610,1.019581045851613,415,0,0,0.0,1.0366905464035732,0.9815065955444632,1.0356345707386123,1.0120789147763565,1.0196274803686236,0.9986063829166985,0.7592308162427008,0.7325687477104176,0.423035857164402,0,3.8511834137535095,3.724760640947936
2611,2611,0.9942438142135328,408,0,0,0.0,1.0245286294927516,1.0069816697157885,1.05885668808052,0.9911259244279969,1.0232512658373023,1.0019873653802,0.8001236021366125,0.7063950542796786,0.423035857164402,0,3.9067601855471867,3.706490013803664
2612,2612,1.0191143049145188,510,0,0,0.0,1.0202272191831383,0.9886644097649396,1.0442654479603934,1.0087374499934136,1.0448715153996355,1.004544177148741,0.7325687477104176,0.423035857164402,0.5546183566222742,0,3.841932930253585,3.4249818940714967
2613,2613,0.9949959866312726,415,0,1,3.218875824868201,1.0011954225622357,1.001328241641345,1.0461400590025884,0.9754660547759244,1.0480430067002184,1.0172024688229897,0.7302124673395967,0.5546183566222742,0.0,0,3.825590955604639,3.5486151218625333
2614,2614,0.9894972828240028,415,0,0,0.0,1.0597489586497466,0.9903176749711242,1.0517659875844012,0.9824533207775524,1.0566591875350635,1.0019873653802,0.8102372017222292,0.7325687477104176,0.6258002855986439,1,3.9784113354914403,3.7073271088392943
2615,2615,1.0115369245500676,415,0,0,0.0,1.044237708534132,0.99719132727709,1.0552034701251256,1.0069816697157885,1.0415821299226158,0.999984786274994,0.7832481321537382,0.6258002855986439,0.423035857164402,0,3.9242714407356116,3.6299580688665163
2616,2616,1.0126152065263214,510,1,0,0.0,1.0437355165958448,1.0147055277003714,1.0561934450541082,1.005164330916258,1.0324962777023,1.0115369245500676,0.8047572096727953,0.7063950542796786,0.423035857164402,0,3.937182449025048,3.7378018374463755
2617,2617,0.967504775196054,415,0,0,0.0,1.038357552575207,0.9754660547759244,1.0463525201075878,0.9765185323813282,1.0386401569418002,1.0032813507727991,0.8275744235987819,0.7325687477104176,0.5546183566222742,0,3.9509246532233773,3.6878346856404693
2618,2618,0.9698932078063358,415,0,0,0.0,0.9929405631141948,0.9911259244279969,1.0538331985260525,1.0019873653802,1.0537658118858932,0.9869597981852865,0.8249123211161004,0.423035857164402,0.5546183566222742,0,3.925451894642241,3.4031089451578858
2619,2619,1.019581045851613,408,0,0,0.0,1.054324274436064,1.007573578755084,1.0341085584241267,0.996469488897356,1.069431337017939,1.008158792920829,0.8427438869642762,0.7711646606364143,0.6258002855986439,0,4.000608056842405,3.783366521209683
2620,2620,0.97330117724734,408,0,0,0.0,1.046272962986625,1.008158792920829,1.0488025146307065,1.0126152065263214,1.0170072097577492,1.009309683677839,0.7711646606364143,0.7063950542796786,0.423035857164402,0,3.8832473480114946,3.7364787374046684
2621,2621,1.0244444982729537,510,0,1,3.1354942159291497,1.0505024534752312,1.0109891235542634,1.0261002420274623,1.0063829237830022,1.0544351304763362,1.001328241641345,0.7832481321537382,0.5546183566222742,0.423035857164402,0,3.914285958132768,3.573318645600885
2622,2622,1.0209555590262906,415,0,0,0.0,1.0332390930078363,1.0115369245500676,1.0174454790307603,0.999984786274994,1.0537882854297511,1.0167128902475082,0.7989278990573876,0.7860478795856021,0.5546183566222742,0,3.903400756525735,3.814282480658172
2623,2623,1.0231649163770178,415,0,1,3.784189633918261,1.0520705540286102,0.9919223562990608,1.0499918245782085,0.9894972828240028,1.026907518550221,1.005777194524828,0.7758724080478123,0.7063950542796786,0.5546183566222742,0,3.904842305204852,3.69359188792757
2624,2624,0.9842999824276124,408,0,0,0.0,1.0071599537557376,1.0235951562943069,1.053720830753791,1.020501600316601,1.060700241178382,1.0120789147763565,0.7989278990573876,0.6258002855986439,0.6725029670790563,1,3.920508924745298,3.6819759569859083
2625,2625,1.002638340774061,408,0,0,0.0,1.0398149028265846,1.0152149060491755,1.039045374929264,0.99719132727709,1.0612915128628846,0.99719132727709,0.7093036193744068,0.7711646606364143,0.423035857164402,0,3.84945540999314,3.7807622212397693
2626,2626,1.0019873653802,415,0,1,3.4657359027997265,1.05502901881936,0.979563883308144,1.0451171634905694,0.9650147563028656,1.052765592088056,1.0115369245500676,0.7662224715044368,0.6725029670790563,0.6258002855986439,0,3.919134245902422,3.628618531240134
2627,2627,1.0063829237830022,415,0,1,3.4339872044851463,1.049450606544243,1.005777194524828,1.0499673640466722,1.008158792920829,1.0309014459268222,0.999984786274994,0.8301569118312014,0.7711646606364143,0.0,0,3.9604763283489386,3.785085434357065
2628,2628,1.0349962372145658,415,0,1,3.7612001156935615,1.0440430625379118,1.0136711282744777,1.0214053992395804,0.9957377918930442,1.0396926275141585,0.9523085806942424,0.8091673682554217,0.6258002855986439,0.6725029670790563,1,3.9143084575470724,3.587517786460408
2629,2629,0.9860873110883348,415,0,0,0.0,1.0084489326435564,1.005777194524828,1.0633629487408065,0.9957377918930442,1.0557872234865917,1.0104353962561965,0.7034111138230227,0.7860478795856021,0.423035857164402,0,3.831010218693977,3.7979982622596706
2630,2630,0.9342067302312697,408,0,0,0.0,1.040481743319358,1.0087374499934136,1.0113731995751452,1.0120789147763565,1.0055940915440948,0.9903176749711242,0.8310007739998975,0.7063950542796786,0.423035857164402,0,3.8884498084384957,3.717529094020573
2631,2631,1.0136711282744777,510,1,1,3.1354942159291497,1.0357012654804605,1.0136711282744777,1.0503086098308227,1.020501600316601,1.0277016161093295,0.9986063829166985,0.8366848759673883,0.8743695839948721,0.423035857164402,1,3.9503963673880014,3.9071486955026495
2632,2632,0.9993000568565548,408,0,0,0.0,1.0314875462798236,1.020501600316601,1.0482467891672995,1.001328241641345,1.0409905647614597,0.9934810060205292,0.7874176770111411,0.6725029670790563,0.0,0,3.908142577219724,3.687813815057532
2633,2633,1.0120789147763565,408,0,0,0.0,0.9555217356859266,1.0063829237830022,1.0465112195770865,1.022292995628416,1.043623170346448,0.99719132727709,0.8230911610676044,0.6258002855986439,0.423035857164402,0,3.868747286677065,3.6516675322871515
2634,2634,1.0087374499934136,415,0,0,0.0,1.0512933473976247,0.9942438142135328,1.0349962372145658,0.999984786274994,1.0185009387773685,0.9637291374803096,0.8173889426906868,0.7063950542796786,0.423035857164402,0,3.9221794660802454,3.6643527922485153
2635,2635,0.9824533207775524,510,0,0,0.0,1.0452259193354878,0.985200844275134,1.0455776031406427,1.009309683677839,1.0295938720473996,1.008158792920829,0.7860478795856021,0.5546183566222742,0.423035857164402,0,3.906445274109132,3.5572876774960767
2636,2636,1.026907518550221,408,0,1,3.5263605246161616,1.0545015116237104,0.9911259244279969,1.0335539334655686,0.9911259244279969,1.0317054998746131,0.987818703754018,0.8133725028259741,0.6258002855986439,0.423035857164402,0,3.9331334477898663,3.5958708382086555
2637,2637,0.9903176749711242,510,0,0,0.0,0.986175182184004,0.978566837930225,1.053967666643577,1.0115369245500676,1.025444657871244,1.009875623760096,0.8230911610676044,0.6725029670790563,0.423035857164402,0,3.8886786677664293,3.6724823533194453
2638,2638,0.9815065955444632,408,0,0,0.0,1.0406619637145555,0.9993000568565548,1.0273855331441453,1.0248637173933617,1.0445694815558302,1.0104353962561965,0.8102372017222292,0.6725029670790563,0.5546183566222742,0,3.92285418013676,3.707102137585169
2639,2639,1.009309683677839,415,0,1,3.091042453358316,1.0177355451311074,0.9986063829166985,1.0514356628263968,1.0120789147763565,1.033866705430432,1.007573578755084,0.7555463047707869,0.6258002855986439,0.423035857164402,0,3.8585842181587235,3.644059162046782
2640,2640,0.98338429212101,510,1,0,0.0,1.02894573003138,0.9860873110883348,1.0470884380590428,1.0019873653802,1.0290607420747309,1.002638340774061,0.7678971825427153,0.6258002855986439,0.423035857164402,0,3.872992092707869,3.61651330284124
2641,2641,0.979563883308144,510,1,0,0.0,1.040149516068467,1.0109891235542634,1.0437915871031265,1.0235951562943069,1.0459533414800852,0.987818703754018,0.8358958109502946,0.7063950542796786,0.6725029670790563,1,3.965790255601973,3.728798037882267
2642,2642,0.9650147563028656,415,0,1,3.1354942159291497,1.0504298598360993,1.0176873172212282,1.053855638099641,0.9919223562990608,1.0363959337148545,0.9927072832290874,0.815403362323621,0.7536533308455107,0.5546183566222742,0,3.956084793974216,3.755970287594887
2643,2643,1.03566792986984,408,0,0,0.0,1.0452530680149186,1.008158792920829,1.052765592088056,1.015719197900225,1.0317417292556843,0.97330117724734,0.8627297467222925,0.6725029670790563,0.6725029670790563,0,3.992490136080952,3.6696821351474505
2644,2644,0.9456806436315238,415,0,0,0.0,1.0472186104633223,0.9934810060205292,1.0335190538006391,1.0006607804515772,1.059552244283973,0.9805436220896986,0.8318363985199613,0.7325687477104176,0.423035857164402,0,3.972126307067896,3.7072541562722225
2645,2645,1.002638340774061,408,1,0,0.0,1.049277031843665,1.009875623760096,1.0508156801420456,1.003916572429902,1.057410858856826,0.9993000568565548,0.8202862443392709,0.6725029670790563,0.6725029670790563,0,3.9777898151818074,3.6855952201256095
2646,2646,0.9986063829166985,415,0,0,0.0,1.0414349440266375,0.996469488897356,0.99719132727709,1.0069816697157885,1.0505990632936777,1.007573578755084,0.8342952500710278,0.8580278252863395,0.5546183566222742,0,3.9235205846684336,3.869052562654568
2647,2647,1.0181675188505357,415,0,0,0.0,1.0267872770162343,0.9986063829166985,1.0628543144719207,0.9903176749711242,1.04081161581999,1.016218495895403,0.751725067666227,0.7063950542796786,0.5546183566222742,0,3.882178274974372,3.7115376080629043
2648,2648,1.038577503156629,408,0,0,0.0,1.0518129788747874,1.0191143049145188,1.025444657871244,0.9979035478286284,1.05885668808052,1.0087374499934136,0.839008674512346,0.6725029670790563,0.5546183566222742,0,3.9751229993388977,3.698258269815617
2649,2649,1.0176873172212282,408,0,0,0.0,1.0044192575164872,1.0181675188505357,1.0251550500048785,0.9993000568565548,1.041728850139232,1.0006607804515772,0.7989278990573876,0.7063950542796786,0.423035857164402,0,3.8702310567179854,3.7245234104383464
2650,2650,0.9949959866312726,415,0,0,0.0,1.0378508992433866,0.9886644097649396,1.052696572280719,0.9824533207775524,1.0199974053303946,1.0141909676964709,0.7874176770111411,0.6725029670790563,0.423035857164402,0,3.897962553865641,3.657811665318019
2651,2651,1.0273061898515887,415,0,1,2.9444389791664403,1.0271072628948,1.0063829237830022,1.0112637575418055,1.0063829237830022,1.0377233765146634,1.001328241641345,0.7436347908732243,0.6725029670790563,0.0,0,3.819729187824493,3.6865970562864057
2652,2652,1.004544177148741,510,0,1,3.4011973816621555,1.0329574778016335,1.009309683677839,1.0492024381824958,0.999984786274994,1.049500077110868,1.007573578755084,0.8230911610676044,0.7860478795856021,0.0,0,3.9547511541626017,3.8029159282935185
2653,2653,1.0325675221964723,415,1,0,0.0,1.0433976525725623,0.9957377918930442,1.0408713420527342,1.0104353962561965,1.0471665861538688,0.9986063829166985,0.7678971825427153,0.7711646606364143,0.423035857164402,0,3.8993327633218806,3.7759442317023533
2654,2654,0.9568484637059635,415,0,0,0.0,1.0166636689540185,1.019581045851613,1.0658878467184556,1.013145908971509,1.0420500087706093,1.0063829237830022,0.816401699882637,0.6725029670790563,0.5546183566222742,0,3.9410032243257205,3.711612845685181
2655,2655,0.9949959866312726,415,0,0,0.0,1.011754411573233,1.0019873653802,1.0468531860495816,1.0115369245500676,1.0624135249236009,1.009875623760096,0.8510749266677547,0.7325687477104176,0.6258002855986439,0,3.97209604921417,3.7559686614007814
2656,2656,1.0152149060491755,510,1,0,0.0,1.0235951562943069,1.0032813507727991,1.0431710260982288,0.985200844275134,1.014242659636742,1.020501600316601,0.795245662433237,0.6725029670790563,0.6725029670790563,1,3.8762545044625147,3.6814867624435905
2657,2657,0.9698932078063358,408,0,0,0.0,1.069258657393012,1.005777194524828,1.059473309832885,1.0152149060491755,1.0384205010347205,0.9805436220896986,0.815403362323621,0.5546183566222742,0.6725029670790563,1,3.9825558305842383,3.5561540792859763
2658,2658,1.0126152065263214,415,0,0,0.0,1.0133566488232717,1.0172024688229897,1.0561508602540046,1.0006607804515772,1.0511267407387648,0.9624149872572304,0.8342952500710278,0.6258002855986439,0.7063950542796786,1,3.9549294998870685,3.606078522130441
2659,2659,0.9860873110883348,408,0,0,0.0,1.0423111281715476,1.0019873653802,1.0125618306474249,0.9942438142135328,1.0548538786792232,1.008158792920829,0.7900996062387244,0.6725029670790563,0.5546183566222742,0,3.89982644373692,3.6768929395936185
2660,2660,0.999984786274994,415,0,0,0.0,1.0067429998693451,1.0181675188505357,1.0631275421804065,0.9934810060205292,1.037914530946045,0.99719132727709,0.844192254799312,0.7536533308455107,0.423035857164402,0,3.9519773277951087,3.7624931829936656
2661,2661,0.9869597981852865,415,0,0,0.0,1.0212708755236102,1.001328241641345,1.0412280962126754,0.9765185323813282,1.0497712009057438,1.0181675188505357,0.8183653079108115,0.7063950542796786,0.5546183566222742,0,3.930635480552841,3.7024093471528876
2662,2662,1.0419043035236824,415,0,1,3.610917912644224,1.030083698850113,0.985200844275134,1.0482975920994524,1.0172024688229897,1.062079960529051,0.9903176749711242,0.7977165865059108,0.7325687477104176,0.5546183566222742,0,3.9381778379845267,3.7252897357796657
2663,2663,0.9765185323813282,415,0,0,0.0,1.0520938966935192,0.9637291374803096,1.02902243513999,0.9610711304112431,1.0416995432195997,1.015719197900225,0.7939852844174682,0.6725029670790563,0.6258002855986439,0,3.9168011594705767,3.6130224328708342
2664,2664,0.9058944834171676,510,0,0,0.0,1.0385147654391056,1.008158792920829,1.0638478019080415,0.9650147563028656,1.0418751073916055,0.996469488897356,0.8382411892305852,0.7325687477104176,0.5546183566222742,0,3.9824788639693383,3.7022117858314685
2665,2665,0.9824533207775524,415,0,1,3.258096538021482,1.0528574529947023,1.0104353962561965,1.059552244283973,0.9894972828240028,1.0544351304763362,0.985200844275134,0.8350993109078182,0.6725029670790563,0.0,0,4.00194413866283,3.65763649043439
